Key,Date,Team,Player,Workload
2026-09-29|Jonathan Loaisiga,2026-09-29,Diamondbacks,Jonathan Loaisiga,FALSE
2026-09-29|Brandyn Garcia,2026-09-29,Diamondbacks,Brandyn Garcia,FALSE
2026-09-29|Justin Martinez,2026-09-29,Diamondbacks,Justin Martinez,FALSE
2026-09-29|Juan Morillo,2026-09-29,Diamondbacks,Juan Morillo,FALSE
2026-09-29|Kevin Ginkel,2026-09-29,Diamondbacks,Kevin Ginkel,FALSE
2026-09-29|Dennis Santana,2026-09-29,Diamondbacks,Dennis Santana,TRUE
2026-09-29|Gerardo Carrillo,2026-09-29,Diamondbacks,Gerardo Carrillo,FALSE
2026-09-29|Blake Walston,2026-09-29,Diamondbacks,Blake Walston,FALSE
2026-09-29|Drey Jameson,2026-09-29,Diamondbacks,Drey Jameson,FALSE
2026-09-29|Kade Strowd,2026-09-29,Diamondbacks,Kade Strowd,FALSE
2026-09-29|Juan Burgos,2026-09-29,Diamondbacks,Juan Burgos,FALSE
2026-09-29|Dylan Ray,2026-09-29,Diamondbacks,Dylan Ray,FALSE
2026-09-29|Taylor Clarke,2026-09-29,Diamondbacks,Taylor Clarke,FALSE
2026-09-29|Corbin Burnes,2026-09-29,Diamondbacks,Corbin Burnes,FALSE
2026-09-29|Elvis Alvarado,2026-09-29,Athletics,Elvis Alvarado,FALSE
2026-09-29|Hogan Harris,2026-09-29,Athletics,Hogan Harris,FALSE
2026-09-29|Scott Blewett,2026-09-29,Athletics,Scott Blewett,TRUE
2026-09-29|Geoff Hartlieb,2026-09-29,Athletics,Geoff Hartlieb,FALSE
2026-09-29|Chris Roycroft,2026-09-29,Athletics,Chris Roycroft,TRUE
2026-09-29|Drew Rom,2026-09-29,Athletics,Drew Rom,FALSE
2026-09-29|Yunior Tur,2026-09-29,Athletics,Yunior Tur,FALSE
2026-09-29|Hunter Bigge,2026-09-29,Athletics,Hunter Bigge,FALSE
2026-09-29|Hayden Juenger,2026-09-29,Athletics,Hayden Juenger,FALSE
2026-09-29|Braden Nett,2026-09-29,Athletics,Braden Nett,FALSE
2026-09-29|Henry Baez,2026-09-29,Athletics,Henry Baez,FALSE
2026-09-29|Jack Perkins,2026-09-29,Athletics,Jack Perkins,FALSE
2026-09-29|Luis Medina,2026-09-29,Athletics,Luis Medina,FALSE
2026-09-29|Mason Barnett,2026-09-29,Athletics,Mason Barnett,FALSE
2026-09-29|Brady Basso,2026-09-29,Athletics,Brady Basso,FALSE
2026-09-29|Seth Johnson,2026-09-29,Athletics,Seth Johnson,FALSE
2026-09-29|Kade Morris,2026-09-29,Athletics,Kade Morris,FALSE
2026-09-29|Luis Morales,2026-09-29,Athletics,Luis Morales,FALSE
2026-09-29|Joe Rock,2026-09-29,Athletics,Joe Rock,FALSE
2026-09-29|Joey Estes,2026-09-29,Athletics,Joey Estes,FALSE
2026-09-29|Raisel Iglesias,2026-09-29,Braves,Raisel Iglesias,FALSE
2026-09-29|Dylan Lee,2026-09-29,Braves,Dylan Lee,FALSE
2026-09-29|Victor Mederos,2026-09-29,Braves,Victor Mederos,FALSE
2026-09-29|Dylan Dodd,2026-09-29,Braves,Dylan Dodd,FALSE
2026-09-29|Robert Suarez,2026-09-29,Braves,Robert Suarez,FALSE
2026-09-29|Brent Suter,2026-09-29,Braves,Brent Suter,FALSE
2026-09-29|Didier Fuentes,2026-09-29,Braves,Didier Fuentes,FALSE
2026-09-29|Ray Kerr,2026-09-29,Braves,Ray Kerr,FALSE
2026-09-29|Rico Garcia,2026-09-29,Orioles,Rico Garcia,FALSE
2026-09-29|Anthony Nunez,2026-09-29,Orioles,Anthony Nunez,FALSE
2026-09-29|Grant Wolfram,2026-09-29,Orioles,Grant Wolfram,FALSE
2026-09-29|Josh Walker,2026-09-29,Orioles,Josh Walker,FALSE
2026-09-29|Luis De Leon,2026-09-29,Orioles,Luis De Leon,FALSE
2026-09-29|Yennier Cano,2026-09-29,Orioles,Yennier Cano,FALSE
2026-09-29|Andrew Kittredge,2026-09-29,Orioles,Andrew Kittredge,FALSE
2026-09-29|Alex Hoppe,2026-09-29,Orioles,Alex Hoppe,FALSE
2026-09-29|Cam Sanders,2026-09-29,Orioles,Cam Sanders,FALSE
2026-09-29|Felix Bautista,2026-09-29,Orioles,Felix Bautista,FALSE
2026-09-29|Yaramil Hiraldo,2026-09-29,Orioles,Yaramil Hiraldo,FALSE
2026-09-29|Codi Heuer,2026-09-29,Orioles,Codi Heuer,FALSE
2026-09-29|Cameron Foster,2026-09-29,Orioles,Cameron Foster,FALSE
2026-09-29|Yosver Zulueta,2026-09-29,Orioles,Yosver Zulueta,FALSE
2026-09-29|Albert Suarez,2026-09-29,Orioles,Albert Suarez,FALSE
2026-09-29|Aroldis Chapman,2026-09-29,Red Sox,Aroldis Chapman,FALSE
2026-09-29|Garrett Whitlock,2026-09-29,Red Sox,Garrett Whitlock,FALSE
2026-09-29|Greg Weissert,2026-09-29,Red Sox,Greg Weissert,FALSE
2026-09-29|Wyatt Olds,2026-09-29,Red Sox,Wyatt Olds,FALSE
2026-09-29|Brayan Bello,2026-09-29,Red Sox,Brayan Bello,FALSE
2026-09-29|Erik Miller,2026-09-29,Red Sox,Erik Miller,FALSE
2026-09-29|Alec Gamboa,2026-09-29,Red Sox,Alec Gamboa,FALSE
2026-09-29|Ryan Zeferjahn,2026-09-29,Cubs,Ryan Zeferjahn,FALSE
2026-09-29|Daniel Palencia,2026-09-29,Cubs,Daniel Palencia,FALSE
2026-09-29|Jacob Webb,2026-09-29,Cubs,Jacob Webb,FALSE
2026-09-29|Aaron Civale,2026-09-29,Cubs,Aaron Civale,FALSE
2026-09-29|Javier Assad,2026-09-29,Cubs,Javier Assad,FALSE
2026-09-29|Ryan Rolison,2026-09-29,Cubs,Ryan Rolison,FALSE
2026-09-29|Grant Taylor,2026-09-29,White Sox,Grant Taylor,FALSE
2026-09-29|Erick Fedde,2026-09-29,White Sox,Erick Fedde,FALSE
2026-09-29|Sean Newcomb,2026-09-29,White Sox,Sean Newcomb,FALSE
2026-09-29|Bryan Hudson,2026-09-29,White Sox,Bryan Hudson,FALSE
2026-09-29|Huascar Brazoban,2026-09-29,White Sox,Huascar Brazoban,FALSE
2026-09-29|Jordan Hicks,2026-09-29,White Sox,Jordan Hicks,FALSE
2026-09-29|Hagen Smith,2026-09-29,White Sox,Hagen Smith,FALSE
2026-09-29|Emilio Pagan,2026-09-29,Reds,Emilio Pagan,FALSE
2026-09-29|Brock Burke,2026-09-29,Reds,Brock Burke,FALSE
2026-09-29|Tejay Antone,2026-09-29,Reds,Tejay Antone,FALSE
2026-09-29|Luis Mey,2026-09-29,Reds,Luis Mey,FALSE
2026-09-29|Pierce Johnson,2026-09-29,Reds,Pierce Johnson,FALSE
2026-09-29|Graham Ashcraft,2026-09-29,Reds,Graham Ashcraft,FALSE
2026-09-29|Tony Santillan,2026-09-29,Reds,Tony Santillan,FALSE
2026-09-29|Julian Garcia,2026-09-29,Reds,Julian Garcia,FALSE
2026-09-29|Connor Phillips,2026-09-29,Reds,Connor Phillips,FALSE
2026-09-29|Zach McCambley,2026-09-29,Reds,Zach McCambley,FALSE
2026-09-29|Zach Maxwell,2026-09-29,Reds,Zach Maxwell,FALSE
2026-09-29|Chase Petty,2026-09-29,Reds,Chase Petty,FALSE
2026-09-29|Jose Franco,2026-09-29,Reds,Jose Franco,FALSE
2026-09-29|Carson Spiers,2026-09-29,Reds,Carson Spiers,FALSE
2026-09-29|Chase Solesky,2026-09-29,Reds,Chase Solesky,FALSE
2026-09-29|Cade Smith,2026-09-29,Guardians,Cade Smith,FALSE
2026-09-29|Erik Sabrowski,2026-09-29,Guardians,Erik Sabrowski,FALSE
2026-09-29|Hunter Gaddis,2026-09-29,Guardians,Hunter Gaddis,FALSE
2026-09-29|Shawn Armstrong,2026-09-29,Guardians,Shawn Armstrong,FALSE
2026-09-29|Tim Herrin,2026-09-29,Guardians,Tim Herrin,FALSE
2026-09-29|Matt Festa,2026-09-29,Guardians,Matt Festa,FALSE
2026-09-29|Colin Holderman,2026-09-29,Guardians,Colin Holderman,FALSE
2026-09-29|Franco Aleman,2026-09-29,Guardians,Franco Aleman,FALSE
2026-09-29|Andrew Walters,2026-09-29,Guardians,Andrew Walters,FALSE
2026-09-29|Yorman Gomez,2026-09-29,Guardians,Yorman Gomez,FALSE
2026-09-29|Logan Allen,2026-09-29,Guardians,Logan Allen,FALSE
2026-09-29|Daniel Espino,2026-09-29,Guardians,Daniel Espino,FALSE
2026-09-29|Austin Peterson,2026-09-29,Guardians,Austin Peterson,FALSE
2026-09-29|Jordan Romano,2026-09-29,Rockies,Jordan Romano,FALSE
2026-09-29|Jaden Hill,2026-09-29,Rockies,Jaden Hill,FALSE
2026-09-29|Nick Frasso,2026-09-29,Rockies,Nick Frasso,FALSE
2026-09-29|Mark Manfredi,2026-09-29,Rockies,Mark Manfredi,FALSE
2026-09-29|Blas Castano,2026-09-29,Rockies,Blas Castano,FALSE
2026-09-29|TJ Shook,2026-09-29,Rockies,TJ Shook,FALSE
2026-09-29|Jeff Criswell,2026-09-29,Rockies,Jeff Criswell,FALSE
2026-09-29|Blake Adams,2026-09-29,Rockies,Blake Adams,FALSE
2026-09-29|Hayden Harris,2026-09-29,Rockies,Hayden Harris,FALSE
2026-09-29|Zach Agnos,2026-09-29,Rockies,Zach Agnos,FALSE
2026-09-29|Juan Mejia,2026-09-29,Rockies,Juan Mejia,FALSE
2026-09-29|Brennan Bernardino,2026-09-29,Rockies,Brennan Bernardino,FALSE
2026-09-29|Jimmy Herget,2026-09-29,Rockies,Jimmy Herget,FALSE
2026-09-29|Eiberson Castellano,2026-09-29,Rockies,Eiberson Castellano,FALSE
2026-09-29|Kenley Jansen,2026-09-29,Tigers,Kenley Jansen,FALSE
2026-09-29|Drew Sommers,2026-09-29,Tigers,Drew Sommers,FALSE
2026-09-29|Tyler Kinley,2026-09-29,Tigers,Tyler Kinley,FALSE
2026-09-29|Brant Hurter,2026-09-29,Tigers,Brant Hurter,FALSE
2026-09-29|Kyle Finnegan,2026-09-29,Tigers,Kyle Finnegan,FALSE
2026-09-29|Beau Brieske,2026-09-29,Tigers,Beau Brieske,FALSE
2026-09-29|Enmanuel De Jesus,2026-09-29,Tigers,Enmanuel De Jesus,FALSE
2026-09-29|Yilber Diaz,2026-09-29,Tigers,Yilber Diaz,FALSE
2026-09-29|Jake Miller,2026-09-29,Tigers,Jake Miller,FALSE
2026-09-29|Sawyer Gipson-Long,2026-09-29,Tigers,Sawyer Gipson-Long,FALSE
2026-09-29|Drew Anderson,2026-09-29,Tigers,Drew Anderson,FALSE
2026-09-29|Tyler Holton,2026-09-29,Tigers,Tyler Holton,FALSE
2026-09-29|Jacob Waguespack,2026-09-29,Tigers,Jacob Waguespack,FALSE
2026-09-29|Ty Madden,2026-09-29,Tigers,Ty Madden,FALSE
2026-09-29|Brenan Hanifee,2026-09-29,Tigers,Brenan Hanifee,FALSE
2026-09-29|Andrew Sears,2026-09-29,Tigers,Andrew Sears,FALSE
2026-09-29|Justin Verlander,2026-09-29,Tigers,Justin Verlander,FALSE
2026-09-29|River Ryan,2026-09-29,Tigers,River Ryan,FALSE
2026-09-29|Josh Hader,2026-09-29,Astros,Josh Hader,FALSE
2026-09-29|AJ Blubaugh,2026-09-29,Astros,AJ Blubaugh,FALSE
2026-09-29|Bryan Abreu,2026-09-29,Astros,Bryan Abreu,FALSE
2026-09-29|Logan VanWey,2026-09-29,Astros,Logan VanWey,FALSE
2026-09-29|Josh Hendrickson,2026-09-29,Astros,Josh Hendrickson,FALSE
2026-09-29|Bryan King,2026-09-29,Astros,Bryan King,FALSE
2026-09-29|Bennett Sousa,2026-09-29,Astros,Bennett Sousa,FALSE
2026-09-29|Miguel Ullola,2026-09-29,Astros,Miguel Ullola,FALSE
2026-09-29|Lucas Erceg,2026-09-29,Royals,Lucas Erceg,FALSE
2026-09-29|Nolan Hoffman,2026-09-29,Royals,Nolan Hoffman,FALSE
2026-09-29|Anthony Gose,2026-09-29,Royals,Anthony Gose,FALSE
2026-09-29|Connor Thomas,2026-09-29,Royals,Connor Thomas,FALSE
2026-09-29|Craig Kimbrel,2026-09-29,Royals,Craig Kimbrel,FALSE
2026-09-29|Jose Cuas,2026-09-29,Royals,Jose Cuas,TRUE
2026-09-29|Nate Pearson,2026-09-29,Royals,Nate Pearson,FALSE
2026-09-29|Alex Lange,2026-09-29,Royals,Alex Lange,FALSE
2026-09-29|Spencer Bivens,2026-09-29,Royals,Spencer Bivens,TRUE
2026-09-29|Easton McGee,2026-09-29,Royals,Easton McGee,FALSE
2026-09-29|Mason Black,2026-09-29,Royals,Mason Black,FALSE
2026-09-29|Carlos Duran,2026-09-29,Royals,Carlos Duran,FALSE
2026-09-29|Ben Kudrna,2026-09-29,Royals,Ben Kudrna,FALSE
2026-09-29|James McArthur,2026-09-29,Royals,James McArthur,FALSE
2026-09-29|Ryan Bergert,2026-09-29,Royals,Ryan Bergert,FALSE
2026-09-29|Steven Zobac,2026-09-29,Royals,Steven Zobac,FALSE
2026-09-29|Daniel Lynch,2026-09-29,Royals,Daniel Lynch,FALSE
2026-09-29|Beck Way,2026-09-29,Royals,Beck Way,FALSE
2026-09-29|Mitch Spence,2026-09-29,Royals,Mitch Spence,FALSE
2026-09-29|Tony Gonsolin,2026-09-29,Royals,Tony Gonsolin,FALSE
2026-09-29|Ben Joyce,2026-09-29,Angels,Ben Joyce,FALSE
2026-09-29|Tayler Saucedo,2026-09-29,Angels,Tayler Saucedo,FALSE
2026-09-29|Ryan Watson,2026-09-29,Angels,Ryan Watson,FALSE
2026-09-29|Blake Weiman,2026-09-29,Angels,Blake Weiman,FALSE
2026-09-29|Jose Fermin,2026-09-29,Angels,Jose Fermin,FALSE
2026-09-29|Luke Murphy,2026-09-29,Angels,Luke Murphy,FALSE
2026-09-29|Samy Natera,2026-09-29,Angels,Samy Natera,FALSE
2026-09-29|Mitch Farris,2026-09-29,Angels,Mitch Farris,FALSE
2026-09-29|Sam Bachman,2026-09-29,Angels,Sam Bachman,FALSE
2026-09-29|Trevor Martin,2026-09-29,Angels,Trevor Martin,FALSE
2026-09-29|Caden Dana,2026-09-29,Angels,Caden Dana,FALSE
2026-09-29|Sammy Peralta,2026-09-29,Angels,Sammy Peralta,TRUE
2026-09-29|Brett Kerry,2026-09-29,Angels,Brett Kerry,FALSE
2026-09-29|Tanner Scott,2026-09-29,Dodgers,Tanner Scott,FALSE
2026-09-29|Evan Phillips,2026-09-29,Dodgers,Evan Phillips,FALSE
2026-09-29|Alex Vesia,2026-09-29,Dodgers,Alex Vesia,FALSE
2026-09-29|Edwin Diaz,2026-09-29,Dodgers,Edwin Diaz,FALSE
2026-09-29|Ronan Kopp,2026-09-29,Dodgers,Ronan Kopp,FALSE
2026-09-29|Jack Dreyer,2026-09-29,Dodgers,Jack Dreyer,FALSE
2026-09-29|Edgardo Henriquez,2026-09-29,Dodgers,Edgardo Henriquez,FALSE
2026-09-29|Brock Stewart,2026-09-29,Dodgers,Brock Stewart,FALSE
2026-09-29|Bobby Miller,2026-09-29,Dodgers,Bobby Miller,FALSE
2026-09-29|Pete Fairbanks,2026-09-29,Marlins,Pete Fairbanks,FALSE
2026-09-29|Calvin Faucher,2026-09-29,Marlins,Calvin Faucher,FALSE
2026-09-29|Michael Petersen,2026-09-29,Marlins,Michael Petersen,FALSE
2026-09-29|Tyler Zuber,2026-09-29,Marlins,Tyler Zuber,FALSE
2026-09-29|Josh Ekness,2026-09-29,Marlins,Josh Ekness,FALSE
2026-09-29|Victor Vodnik,2026-09-29,Marlins,Victor Vodnik,FALSE
2026-09-29|Dax Fulton,2026-09-29,Marlins,Dax Fulton,FALSE
2026-09-29|Anthony Bender,2026-09-29,Marlins,Anthony Bender,FALSE
2026-09-29|Brandan Bidois,2026-09-29,Marlins,Brandan Bidois,FALSE
2026-09-29|Zach Brzykcy,2026-09-29,Marlins,Zach Brzykcy,FALSE
2026-09-29|Josh White,2026-09-29,Marlins,Josh White,FALSE
2026-09-29|Wikelman Gonzalez,2026-09-29,Marlins,Wikelman Gonzalez,FALSE
2026-09-29|Cade Gibson,2026-09-29,Marlins,Cade Gibson,FALSE
2026-09-29|Jack Ralston,2026-09-29,Marlins,Jack Ralston,FALSE
2026-09-29|Bradley Blalock,2026-09-29,Marlins,Bradley Blalock,FALSE
2026-09-29|Patrick Monteverde,2026-09-29,Marlins,Patrick Monteverde,FALSE
2026-09-29|Trevor Megill,2026-09-29,Brewers,Trevor Megill,FALSE
2026-09-29|Abner Uribe,2026-09-29,Brewers,Abner Uribe,FALSE
2026-09-29|JoJo Romero,2026-09-29,Brewers,JoJo Romero,FALSE
2026-09-29|Antonio Senzatela,2026-09-29,Brewers,Antonio Senzatela,FALSE
2026-09-29|Grant Anderson,2026-09-29,Brewers,Grant Anderson,FALSE
2026-09-29|Jared Koenig,2026-09-29,Brewers,Jared Koenig,FALSE
2026-09-29|Chad Patrick,2026-09-29,Brewers,Chad Patrick,FALSE
2026-09-29|Aaron Ashby,2026-09-29,Brewers,Aaron Ashby,TRUE
2026-09-29|DL Hall,2026-09-29,Brewers,DL Hall,FALSE
2026-09-29|Bryse Wilson,2026-09-29,Brewers,Bryse Wilson,FALSE
2026-09-29|Coleman Crow,2026-09-29,Brewers,Coleman Crow,FALSE
2026-09-29|Andrew Morris,2026-09-29,Twins,Andrew Morris,FALSE
2026-09-29|Jeff Hoffman,2026-09-29,Twins,Jeff Hoffman,FALSE
2026-09-29|A.J. Minter,2026-09-29,Twins,A.J. Minter,FALSE
2026-09-29|Kody Funderburk,2026-09-29,Twins,Kody Funderburk,FALSE
2026-09-29|Tommy Nance,2026-09-29,Twins,Tommy Nance,FALSE
2026-09-29|Yoendrys Gomez,2026-09-29,Twins,Yoendrys Gomez,FALSE
2026-09-29|Taylor Rogers,2026-09-29,Twins,Taylor Rogers,FALSE
2026-09-29|Travis Adams,2026-09-29,Twins,Travis Adams,FALSE
2026-09-29|Eric Orze,2026-09-29,Twins,Eric Orze,FALSE
2026-09-29|Garrett Acton,2026-09-29,Twins,Garrett Acton,FALSE
2026-09-29|Jack Anderson,2026-09-29,Twins,Jack Anderson,FALSE
2026-09-29|Kendry Rojas,2026-09-29,Twins,Kendry Rojas,FALSE
2026-09-29|Marco Raya,2026-09-29,Twins,Marco Raya,FALSE
2026-09-29|Kodai Senga,2026-09-29,Mets,Kodai Senga,FALSE
2026-09-29|Nate Lavender,2026-09-29,Mets,Nate Lavender,FALSE
2026-09-29|Dedniel Nunez,2026-09-29,Mets,Dedniel Nunez,FALSE
2026-09-29|Jonathan Pintaro,2026-09-29,Mets,Jonathan Pintaro,FALSE
2026-09-29|Devin Williams,2026-09-29,Mets,Devin Williams,FALSE
2026-09-29|Philip Abner,2026-09-29,Mets,Philip Abner,FALSE
2026-09-29|Jack Weisenburger,2026-09-29,Mets,Jack Weisenburger,FALSE
2026-09-29|Daniel Duarte,2026-09-29,Mets,Daniel Duarte,FALSE
2026-09-29|Chayce McDermott,2026-09-29,Mets,Chayce McDermott,FALSE
2026-09-29|Cameron Weston,2026-09-29,Mets,Cameron Weston,FALSE
2026-09-29|Dylan Ross,2026-09-29,Mets,Dylan Ross,FALSE
2026-09-29|Tobias Myers,2026-09-29,Mets,Tobias Myers,FALSE
2026-09-29|Austin Warren,2026-09-29,Mets,Austin Warren,FALSE
2026-09-29|Cionel Perez,2026-09-29,Mets,Cionel Perez,FALSE
2026-09-29|Jonah Tong,2026-09-29,Mets,Jonah Tong,FALSE
2026-09-29|Jefry Yan,2026-09-29,Mets,Jefry Yan,FALSE
2026-09-29|Justin Hagenman,2026-09-29,Mets,Justin Hagenman,FALSE
2026-09-29|David Bednar,2026-09-29,Yankees,David Bednar,FALSE
2026-09-29|Brent Headrick,2026-09-29,Yankees,Brent Headrick,FALSE
2026-09-29|John Schreiber,2026-09-29,Yankees,John Schreiber,FALSE
2026-09-29|Paul Blackburn,2026-09-29,Yankees,Paul Blackburn,FALSE
2026-09-29|Ryan Yarbrough,2026-09-29,Yankees,Ryan Yarbrough,FALSE
2026-09-29|Jhoan Duran,2026-09-29,Phillies,Jhoan Duran,FALSE
2026-09-29|Alex McFarlane,2026-09-29,Phillies,Alex McFarlane,FALSE
2026-09-29|Jose Alvarado,2026-09-29,Phillies,Jose Alvarado,FALSE
2026-09-29|Jonathan Bowlan,2026-09-29,Phillies,Jonathan Bowlan,FALSE
2026-09-29|Chase Shugart,2026-09-29,Phillies,Chase Shugart,FALSE
2026-09-29|Tim Mayza,2026-09-29,Phillies,Tim Mayza,FALSE
2026-09-29|Tanner Banks,2026-09-29,Phillies,Tanner Banks,FALSE
2026-09-29|Mason Montgomery,2026-09-29,Pirates,Mason Montgomery,FALSE
2026-09-29|Luke Weaver,2026-09-29,Pirates,Luke Weaver,FALSE
2026-09-29|Gregory Soto,2026-09-29,Pirates,Gregory Soto,FALSE
2026-09-29|Evan Sisk,2026-09-29,Pirates,Evan Sisk,FALSE
2026-09-29|Isaac Mattson,2026-09-29,Pirates,Isaac Mattson,FALSE
2026-09-29|Noah Murdock,2026-09-29,Pirates,Noah Murdock,FALSE
2026-09-29|Thomas Harrington,2026-09-29,Pirates,Thomas Harrington,FALSE
2026-09-29|Carmen Mlodzinski,2026-09-29,Pirates,Carmen Mlodzinski,FALSE
2026-09-29|Lake Bachar,2026-09-29,Pirates,Lake Bachar,FALSE
2026-09-29|Yohan Ramirez,2026-09-29,Pirates,Yohan Ramirez,FALSE
2026-09-29|Brandon Eisert,2026-09-29,Pirates,Brandon Eisert,FALSE
2026-09-29|Kirby Yates,2026-09-29,Pirates,Kirby Yates,FALSE
2026-09-29|Wilber Dotel,2026-09-29,Pirates,Wilber Dotel,FALSE
2026-09-29|Khristian Curtis,2026-09-29,Pirates,Khristian Curtis,FALSE
2026-09-29|Antwone Kelly,2026-09-29,Pirates,Antwone Kelly,FALSE
2026-09-29|Hunter Barco,2026-09-29,Pirates,Hunter Barco,FALSE
2026-09-29|Mason Miller,2026-09-29,Padres,Mason Miller,FALSE
2026-09-29|Adrian Morejon,2026-09-29,Padres,Adrian Morejon,FALSE
2026-09-29|Yuki Matsui,2026-09-29,Padres,Yuki Matsui,FALSE
2026-09-29|David Morgan,2026-09-29,Padres,David Morgan,FALSE
2026-09-29|Jason Adam,2026-09-29,Padres,Jason Adam,FALSE
2026-09-29|Joe Musgrove,2026-09-29,Padres,Joe Musgrove,FALSE
2026-09-29|Bradgley Rodriguez,2026-09-29,Padres,Bradgley Rodriguez,FALSE
2026-09-29|Trent Harris,2026-09-29,Giants,Trent Harris,FALSE
2026-09-29|Camilo Doval,2026-09-29,Giants,Camilo Doval,FALSE
2026-09-29|Reiver Sanmartin,2026-09-29,Giants,Reiver Sanmartin,FALSE
2026-09-29|Sam Hentges,2026-09-29,Giants,Sam Hentges,FALSE
2026-09-29|Seth Lonsway,2026-09-29,Giants,Seth Lonsway,FALSE
2026-09-29|Joel Kuhnel,2026-09-29,Giants,Joel Kuhnel,FALSE
2026-09-29|Dylan Smith,2026-09-29,Giants,Dylan Smith,FALSE
2026-09-29|Jason Foley,2026-09-29,Giants,Jason Foley,FALSE
2026-09-29|Duncan Davitt,2026-09-29,Giants,Duncan Davitt,FALSE
2026-09-29|Tristan Beck,2026-09-29,Giants,Tristan Beck,FALSE
2026-09-29|Ryan Walker,2026-09-29,Giants,Ryan Walker,FALSE
2026-09-29|Braxton Roxby,2026-09-29,Giants,Braxton Roxby,FALSE
2026-09-29|Miguel Mendez,2026-09-29,Giants,Miguel Mendez,FALSE
2026-09-29|JT Brubaker,2026-09-29,Giants,JT Brubaker,FALSE
2026-09-29|Carson Seymour,2026-09-29,Giants,Carson Seymour,FALSE
2026-09-29|Cesar Perdomo,2026-09-29,Giants,Cesar Perdomo,FALSE
2026-09-29|Yunior Marte,2026-09-29,Giants,Yunior Marte,FALSE
2026-09-29|Andres Munoz,2026-09-29,Mariners,Andres Munoz,FALSE
2026-09-29|Gabe Speier,2026-09-29,Mariners,Gabe Speier,FALSE
2026-09-29|Seranthony Dominguez,2026-09-29,Mariners,Seranthony Dominguez,FALSE
2026-09-29|Carlos Vargas,2026-09-29,Mariners,Carlos Vargas,FALSE
2026-09-29|Hoby Milner,2026-09-29,Mariners,Hoby Milner,FALSE
2026-09-29|Jose A. Ferrer,2026-09-29,Mariners,Jose A. Ferrer,FALSE
2026-09-29|Eduard Bazardo,2026-09-29,Mariners,Eduard Bazardo,FALSE
2026-09-29|Cooper Criswell,2026-09-29,Mariners,Cooper Criswell,FALSE
2026-09-29|Michael Rucker,2026-09-29,Mariners,Michael Rucker,FALSE
2026-09-29|Cole Wilcox,2026-09-29,Mariners,Cole Wilcox,FALSE
2026-09-29|Troy Taylor,2026-09-29,Mariners,Troy Taylor,FALSE
2026-09-29|Josh Simpson,2026-09-29,Mariners,Josh Simpson,FALSE
2026-09-29|Robinson Ortiz,2026-09-29,Mariners,Robinson Ortiz,FALSE
2026-09-29|Troy Watson,2026-09-29,Mariners,Troy Watson,FALSE
2026-09-29|Riley O'Brien,2026-09-29,Cardinals,Riley O'Brien,FALSE
2026-09-29|Justin Bruihl,2026-09-29,Cardinals,Justin Bruihl,FALSE
2026-09-29|Ryne Stanek,2026-09-29,Cardinals,Ryne Stanek,FALSE
2026-09-29|George Soriano,2026-09-29,Cardinals,George Soriano,FALSE
2026-09-29|Luis Gastelum,2026-09-29,Cardinals,Luis Gastelum,FALSE
2026-09-29|Cade Winquest,2026-09-29,Cardinals,Cade Winquest,FALSE
2026-09-29|Ryan Fernandez,2026-09-29,Cardinals,Ryan Fernandez,FALSE
2026-09-29|Hancel Rincon,2026-09-29,Cardinals,Hancel Rincon,FALSE
2026-09-29|Chase Hampton,2026-09-29,Cardinals,Chase Hampton,FALSE
2026-09-29|Richard Fitts,2026-09-29,Cardinals,Richard Fitts,FALSE
2026-09-29|Tekoah Roby,2026-09-29,Cardinals,Tekoah Roby,FALSE
2026-09-29|Gordon Graceffo,2026-09-29,Cardinals,Gordon Graceffo,FALSE
2026-09-29|Matt Svanson,2026-09-29,Cardinals,Matt Svanson,FALSE
2026-09-29|Brycen Mautz,2026-09-29,Cardinals,Brycen Mautz,FALSE
2026-09-29|Cooper Hjerpe,2026-09-29,Cardinals,Cooper Hjerpe,FALSE
2026-09-29|Bryan Baker,2026-09-29,Rays,Bryan Baker,FALSE
2026-09-29|Cam Booser,2026-09-29,Rays,Cam Booser,FALSE
2026-09-29|Kevin Kelly,2026-09-29,Rays,Kevin Kelly,FALSE
2026-09-29|Tyler Wells,2026-09-29,Rays,Tyler Wells,FALSE
2026-09-29|Brody Hopkins,2026-09-29,Rays,Brody Hopkins,FALSE
2026-09-29|Garrett Cleavinger,2026-09-29,Rays,Garrett Cleavinger,FALSE
2026-09-29|Manuel Rodriguez,2026-09-29,Rays,Manuel Rodriguez,FALSE
2026-09-29|Ian Seymour,2026-09-29,Rays,Ian Seymour,FALSE
2026-09-29|Steven Matz,2026-09-29,Rays,Steven Matz,FALSE
2026-09-29|Casey Legumina,2026-09-29,Rays,Casey Legumina,FALSE
2026-09-29|Cole Sulser,2026-09-29,Rays,Cole Sulser,FALSE
2026-09-29|Jesse Scholtens,2026-09-29,Rays,Jesse Scholtens,FALSE
2026-09-29|Joe Boyle,2026-09-29,Rays,Joe Boyle,FALSE
2026-09-29|Jacob Latz,2026-09-29,Rangers,Jacob Latz,FALSE
2026-09-29|Chase Silseth,2026-09-29,Rangers,Chase Silseth,FALSE
2026-09-29|Robert Garcia,2026-09-29,Rangers,Robert Garcia,FALSE
2026-09-29|Robby Ahlstrom,2026-09-29,Rangers,Robby Ahlstrom,FALSE
2026-09-29|Peyton Gray,2026-09-29,Rangers,Peyton Gray,FALSE
2026-09-29|Gavin Collyer,2026-09-29,Rangers,Gavin Collyer,FALSE
2026-09-29|Ben Peoples,2026-09-29,Rangers,Ben Peoples,FALSE
2026-09-29|Emiliano Teodo,2026-09-29,Rangers,Emiliano Teodo,FALSE
2026-09-29|David Davalillo,2026-09-29,Rangers,David Davalillo,FALSE
2026-09-29|Leandro Lopez,2026-09-29,Rangers,Leandro Lopez,FALSE
2026-09-29|Michel Otanez,2026-09-29,Rangers,Michel Otanez,FALSE
2026-09-29|Tyler Alexander,2026-09-29,Rangers,Tyler Alexander,TRUE
2026-09-29|Jakob Junis,2026-09-29,Rangers,Jakob Junis,FALSE
2026-09-29|Adam Macko,2026-09-29,Rangers,Adam Macko,FALSE
2026-09-29|Trevor Williams,2026-09-29,Rangers,Trevor Williams,FALSE
2026-09-29|Jordan Montgomery,2026-09-29,Rangers,Jordan Montgomery,FALSE
2026-09-29|Winston Santos,2026-09-29,Rangers,Winston Santos,FALSE
2026-09-29|Louis Varland,2026-09-29,Blue Jays,Louis Varland,FALSE
2026-09-29|Tyler Rogers,2026-09-29,Blue Jays,Tyler Rogers,FALSE
2026-09-29|Jose Rodriguez,2026-09-29,Blue Jays,Jose Rodriguez,FALSE
2026-09-29|Paul Sewald,2026-09-29,Blue Jays,Paul Sewald,FALSE
2026-09-29|Ricky Tiedemann,2026-09-29,Blue Jays,Ricky Tiedemann,FALSE
2026-09-29|Brendon Little,2026-09-29,Blue Jays,Brendon Little,FALSE
2026-09-29|Brendan Cellucci,2026-09-29,Blue Jays,Brendan Cellucci,FALSE
2026-09-29|Chase Lee,2026-09-29,Blue Jays,Chase Lee,FALSE
2026-09-29|Devereaux Harrison,2026-09-29,Blue Jays,Devereaux Harrison,FALSE
2026-09-29|Spencer Miles,2026-09-29,Blue Jays,Spencer Miles,FALSE
2026-09-29|Braydon Fisher,2026-09-29,Blue Jays,Braydon Fisher,FALSE
2026-09-29|Mason Fluharty,2026-09-29,Blue Jays,Mason Fluharty,FALSE
2026-09-29|Chad Dallas,2026-09-29,Blue Jays,Chad Dallas,FALSE
2026-09-29|CJ Van Eyk,2026-09-29,Blue Jays,CJ Van Eyk,FALSE
2026-09-29|John Klein,2026-09-29,Blue Jays,John Klein,FALSE
2026-09-29|Erik Tolman,2026-09-29,Nationals,Erik Tolman,FALSE
2026-09-29|Jack Sinclair,2026-09-29,Nationals,Jack Sinclair,FALSE
2026-09-29|Yovanny Cruz,2026-09-29,Nationals,Yovanny Cruz,FALSE
2026-09-29|Clayton Beeter,2026-09-29,Nationals,Clayton Beeter,FALSE
2026-09-29|Orlando Ribalta,2026-09-29,Nationals,Orlando Ribalta,FALSE
2026-09-29|Gus Varland,2026-09-29,Nationals,Gus Varland,FALSE
2026-09-29|Jake Bird,2026-09-29,Nationals,Jake Bird,FALSE
2026-09-29|Luis Perales,2026-09-29,Nationals,Luis Perales,FALSE
2026-09-29|Josiah Gray,2026-09-29,Nationals,Josiah Gray,FALSE
2026-09-29|Zak Kent,2026-09-29,Nationals,Zak Kent,FALSE
2026-09-29|Kyle Nicolas,2026-09-29,Nationals,Kyle Nicolas,FALSE
2026-09-29|Brad Lord,2026-09-29,Nationals,Brad Lord,FALSE
2026-09-29|Will Dion,2026-09-29,Nationals,Will Dion,FALSE
2026-09-29|Riley Cornelio,2026-09-29,Nationals,Riley Cornelio,FALSE
2026-09-29|Richard Lovelady,2026-09-29,Nationals,Richard Lovelady,FALSE
2026-09-29|Paxton Schultz,2026-09-29,Nationals,Paxton Schultz,FALSE
2026-09-29|Eddy Yean,2026-09-29,Nationals,Eddy Yean,FALSE
2026-09-29|DJ Herz,2026-09-29,Nationals,DJ Herz,FALSE
2026-09-29|Jared Simpson,2026-09-29,Nationals,Jared Simpson,FALSE
2026-09-30|Jonathan Loaisiga,2026-09-30,Diamondbacks,Jonathan Loaisiga,FALSE
2026-09-30|Brandyn Garcia,2026-09-30,Diamondbacks,Brandyn Garcia,FALSE
2026-09-30|Justin Martinez,2026-09-30,Diamondbacks,Justin Martinez,FALSE
2026-09-30|Juan Morillo,2026-09-30,Diamondbacks,Juan Morillo,FALSE
2026-09-30|Kevin Ginkel,2026-09-30,Diamondbacks,Kevin Ginkel,FALSE
2026-09-30|Dennis Santana,2026-09-30,Diamondbacks,Dennis Santana,FALSE
2026-09-30|Gerardo Carrillo,2026-09-30,Diamondbacks,Gerardo Carrillo,FALSE
2026-09-30|Blake Walston,2026-09-30,Diamondbacks,Blake Walston,FALSE
2026-09-30|Drey Jameson,2026-09-30,Diamondbacks,Drey Jameson,FALSE
2026-09-30|Kade Strowd,2026-09-30,Diamondbacks,Kade Strowd,FALSE
2026-09-30|Juan Burgos,2026-09-30,Diamondbacks,Juan Burgos,FALSE
2026-09-30|Dylan Ray,2026-09-30,Diamondbacks,Dylan Ray,FALSE
2026-09-30|Taylor Clarke,2026-09-30,Diamondbacks,Taylor Clarke,FALSE
2026-09-30|Corbin Burnes,2026-09-30,Diamondbacks,Corbin Burnes,FALSE
2026-09-30|Elvis Alvarado,2026-09-30,Athletics,Elvis Alvarado,FALSE
2026-09-30|Hogan Harris,2026-09-30,Athletics,Hogan Harris,FALSE
2026-09-30|Scott Blewett,2026-09-30,Athletics,Scott Blewett,FALSE
2026-09-30|Geoff Hartlieb,2026-09-30,Athletics,Geoff Hartlieb,FALSE
2026-09-30|Chris Roycroft,2026-09-30,Athletics,Chris Roycroft,FALSE
2026-09-30|Drew Rom,2026-09-30,Athletics,Drew Rom,FALSE
2026-09-30|Yunior Tur,2026-09-30,Athletics,Yunior Tur,FALSE
2026-09-30|Hunter Bigge,2026-09-30,Athletics,Hunter Bigge,FALSE
2026-09-30|Hayden Juenger,2026-09-30,Athletics,Hayden Juenger,FALSE
2026-09-30|Braden Nett,2026-09-30,Athletics,Braden Nett,FALSE
2026-09-30|Henry Baez,2026-09-30,Athletics,Henry Baez,FALSE
2026-09-30|Jack Perkins,2026-09-30,Athletics,Jack Perkins,FALSE
2026-09-30|Luis Medina,2026-09-30,Athletics,Luis Medina,FALSE
2026-09-30|Mason Barnett,2026-09-30,Athletics,Mason Barnett,FALSE
2026-09-30|Brady Basso,2026-09-30,Athletics,Brady Basso,FALSE
2026-09-30|Seth Johnson,2026-09-30,Athletics,Seth Johnson,FALSE
2026-09-30|Kade Morris,2026-09-30,Athletics,Kade Morris,FALSE
2026-09-30|Luis Morales,2026-09-30,Athletics,Luis Morales,FALSE
2026-09-30|Joe Rock,2026-09-30,Athletics,Joe Rock,FALSE
2026-09-30|Joey Estes,2026-09-30,Athletics,Joey Estes,FALSE
2026-09-30|Raisel Iglesias,2026-09-30,Braves,Raisel Iglesias,FALSE
2026-09-30|Dylan Lee,2026-09-30,Braves,Dylan Lee,FALSE
2026-09-30|Victor Mederos,2026-09-30,Braves,Victor Mederos,FALSE
2026-09-30|Dylan Dodd,2026-09-30,Braves,Dylan Dodd,FALSE
2026-09-30|Robert Suarez,2026-09-30,Braves,Robert Suarez,FALSE
2026-09-30|Brent Suter,2026-09-30,Braves,Brent Suter,FALSE
2026-09-30|Didier Fuentes,2026-09-30,Braves,Didier Fuentes,FALSE
2026-09-30|Ray Kerr,2026-09-30,Braves,Ray Kerr,FALSE
2026-09-30|Rico Garcia,2026-09-30,Orioles,Rico Garcia,FALSE
2026-09-30|Anthony Nunez,2026-09-30,Orioles,Anthony Nunez,FALSE
2026-09-30|Grant Wolfram,2026-09-30,Orioles,Grant Wolfram,FALSE
2026-09-30|Josh Walker,2026-09-30,Orioles,Josh Walker,FALSE
2026-09-30|Luis De Leon,2026-09-30,Orioles,Luis De Leon,FALSE
2026-09-30|Yennier Cano,2026-09-30,Orioles,Yennier Cano,FALSE
2026-09-30|Andrew Kittredge,2026-09-30,Orioles,Andrew Kittredge,FALSE
2026-09-30|Alex Hoppe,2026-09-30,Orioles,Alex Hoppe,FALSE
2026-09-30|Cam Sanders,2026-09-30,Orioles,Cam Sanders,FALSE
2026-09-30|Felix Bautista,2026-09-30,Orioles,Felix Bautista,FALSE
2026-09-30|Yaramil Hiraldo,2026-09-30,Orioles,Yaramil Hiraldo,FALSE
2026-09-30|Codi Heuer,2026-09-30,Orioles,Codi Heuer,FALSE
2026-09-30|Cameron Foster,2026-09-30,Orioles,Cameron Foster,FALSE
2026-09-30|Yosver Zulueta,2026-09-30,Orioles,Yosver Zulueta,FALSE
2026-09-30|Albert Suarez,2026-09-30,Orioles,Albert Suarez,FALSE
2026-09-30|Aroldis Chapman,2026-09-30,Red Sox,Aroldis Chapman,FALSE
2026-09-30|Garrett Whitlock,2026-09-30,Red Sox,Garrett Whitlock,FALSE
2026-09-30|Greg Weissert,2026-09-30,Red Sox,Greg Weissert,FALSE
2026-09-30|Wyatt Olds,2026-09-30,Red Sox,Wyatt Olds,FALSE
2026-09-30|Brayan Bello,2026-09-30,Red Sox,Brayan Bello,FALSE
2026-09-30|Erik Miller,2026-09-30,Red Sox,Erik Miller,FALSE
2026-09-30|Alec Gamboa,2026-09-30,Red Sox,Alec Gamboa,FALSE
2026-09-30|Ryan Zeferjahn,2026-09-30,Cubs,Ryan Zeferjahn,FALSE
2026-09-30|Daniel Palencia,2026-09-30,Cubs,Daniel Palencia,FALSE
2026-09-30|Jacob Webb,2026-09-30,Cubs,Jacob Webb,FALSE
2026-09-30|Aaron Civale,2026-09-30,Cubs,Aaron Civale,FALSE
2026-09-30|Javier Assad,2026-09-30,Cubs,Javier Assad,FALSE
2026-09-30|Ryan Rolison,2026-09-30,Cubs,Ryan Rolison,FALSE
2026-09-30|Grant Taylor,2026-09-30,White Sox,Grant Taylor,FALSE
2026-09-30|Erick Fedde,2026-09-30,White Sox,Erick Fedde,FALSE
2026-09-30|Sean Newcomb,2026-09-30,White Sox,Sean Newcomb,FALSE
2026-09-30|Bryan Hudson,2026-09-30,White Sox,Bryan Hudson,FALSE
2026-09-30|Huascar Brazoban,2026-09-30,White Sox,Huascar Brazoban,FALSE
2026-09-30|Jordan Hicks,2026-09-30,White Sox,Jordan Hicks,FALSE
2026-09-30|Hagen Smith,2026-09-30,White Sox,Hagen Smith,FALSE
2026-09-30|Emilio Pagan,2026-09-30,Reds,Emilio Pagan,FALSE
2026-09-30|Brock Burke,2026-09-30,Reds,Brock Burke,FALSE
2026-09-30|Tejay Antone,2026-09-30,Reds,Tejay Antone,FALSE
2026-09-30|Luis Mey,2026-09-30,Reds,Luis Mey,FALSE
2026-09-30|Pierce Johnson,2026-09-30,Reds,Pierce Johnson,FALSE
2026-09-30|Graham Ashcraft,2026-09-30,Reds,Graham Ashcraft,FALSE
2026-09-30|Tony Santillan,2026-09-30,Reds,Tony Santillan,FALSE
2026-09-30|Julian Garcia,2026-09-30,Reds,Julian Garcia,FALSE
2026-09-30|Connor Phillips,2026-09-30,Reds,Connor Phillips,FALSE
2026-09-30|Zach McCambley,2026-09-30,Reds,Zach McCambley,FALSE
2026-09-30|Zach Maxwell,2026-09-30,Reds,Zach Maxwell,FALSE
2026-09-30|Chase Petty,2026-09-30,Reds,Chase Petty,FALSE
2026-09-30|Jose Franco,2026-09-30,Reds,Jose Franco,FALSE
2026-09-30|Carson Spiers,2026-09-30,Reds,Carson Spiers,FALSE
2026-09-30|Chase Solesky,2026-09-30,Reds,Chase Solesky,FALSE
2026-09-30|Cade Smith,2026-09-30,Guardians,Cade Smith,FALSE
2026-09-30|Erik Sabrowski,2026-09-30,Guardians,Erik Sabrowski,FALSE
2026-09-30|Hunter Gaddis,2026-09-30,Guardians,Hunter Gaddis,FALSE
2026-09-30|Shawn Armstrong,2026-09-30,Guardians,Shawn Armstrong,FALSE
2026-09-30|Tim Herrin,2026-09-30,Guardians,Tim Herrin,FALSE
2026-09-30|Matt Festa,2026-09-30,Guardians,Matt Festa,FALSE
2026-09-30|Colin Holderman,2026-09-30,Guardians,Colin Holderman,FALSE
2026-09-30|Franco Aleman,2026-09-30,Guardians,Franco Aleman,FALSE
2026-09-30|Andrew Walters,2026-09-30,Guardians,Andrew Walters,FALSE
2026-09-30|Yorman Gomez,2026-09-30,Guardians,Yorman Gomez,FALSE
2026-09-30|Logan Allen,2026-09-30,Guardians,Logan Allen,FALSE
2026-09-30|Daniel Espino,2026-09-30,Guardians,Daniel Espino,FALSE
2026-09-30|Austin Peterson,2026-09-30,Guardians,Austin Peterson,FALSE
2026-09-30|Jordan Romano,2026-09-30,Rockies,Jordan Romano,FALSE
2026-09-30|Jaden Hill,2026-09-30,Rockies,Jaden Hill,FALSE
2026-09-30|Nick Frasso,2026-09-30,Rockies,Nick Frasso,FALSE
2026-09-30|Mark Manfredi,2026-09-30,Rockies,Mark Manfredi,FALSE
2026-09-30|Blas Castano,2026-09-30,Rockies,Blas Castano,FALSE
2026-09-30|TJ Shook,2026-09-30,Rockies,TJ Shook,FALSE
2026-09-30|Jeff Criswell,2026-09-30,Rockies,Jeff Criswell,FALSE
2026-09-30|Blake Adams,2026-09-30,Rockies,Blake Adams,FALSE
2026-09-30|Hayden Harris,2026-09-30,Rockies,Hayden Harris,FALSE
2026-09-30|Zach Agnos,2026-09-30,Rockies,Zach Agnos,FALSE
2026-09-30|Juan Mejia,2026-09-30,Rockies,Juan Mejia,FALSE
2026-09-30|Brennan Bernardino,2026-09-30,Rockies,Brennan Bernardino,FALSE
2026-09-30|Jimmy Herget,2026-09-30,Rockies,Jimmy Herget,FALSE
2026-09-30|Eiberson Castellano,2026-09-30,Rockies,Eiberson Castellano,FALSE
2026-09-30|Kenley Jansen,2026-09-30,Tigers,Kenley Jansen,FALSE
2026-09-30|Drew Sommers,2026-09-30,Tigers,Drew Sommers,FALSE
2026-09-30|Tyler Kinley,2026-09-30,Tigers,Tyler Kinley,FALSE
2026-09-30|Brant Hurter,2026-09-30,Tigers,Brant Hurter,FALSE
2026-09-30|Kyle Finnegan,2026-09-30,Tigers,Kyle Finnegan,FALSE
2026-09-30|Beau Brieske,2026-09-30,Tigers,Beau Brieske,FALSE
2026-09-30|Enmanuel De Jesus,2026-09-30,Tigers,Enmanuel De Jesus,FALSE
2026-09-30|Yilber Diaz,2026-09-30,Tigers,Yilber Diaz,FALSE
2026-09-30|Jake Miller,2026-09-30,Tigers,Jake Miller,FALSE
2026-09-30|Sawyer Gipson-Long,2026-09-30,Tigers,Sawyer Gipson-Long,FALSE
2026-09-30|Drew Anderson,2026-09-30,Tigers,Drew Anderson,FALSE
2026-09-30|Tyler Holton,2026-09-30,Tigers,Tyler Holton,FALSE
2026-09-30|Jacob Waguespack,2026-09-30,Tigers,Jacob Waguespack,FALSE
2026-09-30|Ty Madden,2026-09-30,Tigers,Ty Madden,FALSE
2026-09-30|Brenan Hanifee,2026-09-30,Tigers,Brenan Hanifee,FALSE
2026-09-30|Andrew Sears,2026-09-30,Tigers,Andrew Sears,FALSE
2026-09-30|Justin Verlander,2026-09-30,Tigers,Justin Verlander,FALSE
2026-09-30|River Ryan,2026-09-30,Tigers,River Ryan,FALSE
2026-09-30|Josh Hader,2026-09-30,Astros,Josh Hader,FALSE
2026-09-30|AJ Blubaugh,2026-09-30,Astros,AJ Blubaugh,FALSE
2026-09-30|Bryan Abreu,2026-09-30,Astros,Bryan Abreu,FALSE
2026-09-30|Logan VanWey,2026-09-30,Astros,Logan VanWey,FALSE
2026-09-30|Josh Hendrickson,2026-09-30,Astros,Josh Hendrickson,FALSE
2026-09-30|Bryan King,2026-09-30,Astros,Bryan King,FALSE
2026-09-30|Bennett Sousa,2026-09-30,Astros,Bennett Sousa,FALSE
2026-09-30|Miguel Ullola,2026-09-30,Astros,Miguel Ullola,FALSE
2026-09-30|Lucas Erceg,2026-09-30,Royals,Lucas Erceg,FALSE
2026-09-30|Nolan Hoffman,2026-09-30,Royals,Nolan Hoffman,FALSE
2026-09-30|Anthony Gose,2026-09-30,Royals,Anthony Gose,FALSE
2026-09-30|Connor Thomas,2026-09-30,Royals,Connor Thomas,FALSE
2026-09-30|Craig Kimbrel,2026-09-30,Royals,Craig Kimbrel,FALSE
2026-09-30|Jose Cuas,2026-09-30,Royals,Jose Cuas,FALSE
2026-09-30|Nate Pearson,2026-09-30,Royals,Nate Pearson,FALSE
2026-09-30|Alex Lange,2026-09-30,Royals,Alex Lange,FALSE
2026-09-30|Spencer Bivens,2026-09-30,Royals,Spencer Bivens,FALSE
2026-09-30|Easton McGee,2026-09-30,Royals,Easton McGee,FALSE
2026-09-30|Mason Black,2026-09-30,Royals,Mason Black,FALSE
2026-09-30|Carlos Duran,2026-09-30,Royals,Carlos Duran,FALSE
2026-09-30|Ben Kudrna,2026-09-30,Royals,Ben Kudrna,FALSE
2026-09-30|James McArthur,2026-09-30,Royals,James McArthur,FALSE
2026-09-30|Ryan Bergert,2026-09-30,Royals,Ryan Bergert,FALSE
2026-09-30|Steven Zobac,2026-09-30,Royals,Steven Zobac,FALSE
2026-09-30|Daniel Lynch,2026-09-30,Royals,Daniel Lynch,FALSE
2026-09-30|Beck Way,2026-09-30,Royals,Beck Way,FALSE
2026-09-30|Mitch Spence,2026-09-30,Royals,Mitch Spence,FALSE
2026-09-30|Tony Gonsolin,2026-09-30,Royals,Tony Gonsolin,FALSE
2026-09-30|Ben Joyce,2026-09-30,Angels,Ben Joyce,FALSE
2026-09-30|Tayler Saucedo,2026-09-30,Angels,Tayler Saucedo,FALSE
2026-09-30|Ryan Watson,2026-09-30,Angels,Ryan Watson,FALSE
2026-09-30|Blake Weiman,2026-09-30,Angels,Blake Weiman,FALSE
2026-09-30|Jose Fermin,2026-09-30,Angels,Jose Fermin,FALSE
2026-09-30|Luke Murphy,2026-09-30,Angels,Luke Murphy,FALSE
2026-09-30|Samy Natera,2026-09-30,Angels,Samy Natera,FALSE
2026-09-30|Mitch Farris,2026-09-30,Angels,Mitch Farris,FALSE
2026-09-30|Sam Bachman,2026-09-30,Angels,Sam Bachman,FALSE
2026-09-30|Trevor Martin,2026-09-30,Angels,Trevor Martin,FALSE
2026-09-30|Caden Dana,2026-09-30,Angels,Caden Dana,FALSE
2026-09-30|Sammy Peralta,2026-09-30,Angels,Sammy Peralta,FALSE
2026-09-30|Brett Kerry,2026-09-30,Angels,Brett Kerry,FALSE
2026-09-30|Tanner Scott,2026-09-30,Dodgers,Tanner Scott,FALSE
2026-09-30|Evan Phillips,2026-09-30,Dodgers,Evan Phillips,FALSE
2026-09-30|Alex Vesia,2026-09-30,Dodgers,Alex Vesia,FALSE
2026-09-30|Edwin Diaz,2026-09-30,Dodgers,Edwin Diaz,FALSE
2026-09-30|Ronan Kopp,2026-09-30,Dodgers,Ronan Kopp,FALSE
2026-09-30|Jack Dreyer,2026-09-30,Dodgers,Jack Dreyer,FALSE
2026-09-30|Edgardo Henriquez,2026-09-30,Dodgers,Edgardo Henriquez,FALSE
2026-09-30|Brock Stewart,2026-09-30,Dodgers,Brock Stewart,FALSE
2026-09-30|Bobby Miller,2026-09-30,Dodgers,Bobby Miller,FALSE
2026-09-30|Pete Fairbanks,2026-09-30,Marlins,Pete Fairbanks,FALSE
2026-09-30|Calvin Faucher,2026-09-30,Marlins,Calvin Faucher,FALSE
2026-09-30|Michael Petersen,2026-09-30,Marlins,Michael Petersen,FALSE
2026-09-30|Tyler Zuber,2026-09-30,Marlins,Tyler Zuber,FALSE
2026-09-30|Josh Ekness,2026-09-30,Marlins,Josh Ekness,FALSE
2026-09-30|Victor Vodnik,2026-09-30,Marlins,Victor Vodnik,FALSE
2026-09-30|Dax Fulton,2026-09-30,Marlins,Dax Fulton,FALSE
2026-09-30|Anthony Bender,2026-09-30,Marlins,Anthony Bender,FALSE
2026-09-30|Brandan Bidois,2026-09-30,Marlins,Brandan Bidois,FALSE
2026-09-30|Zach Brzykcy,2026-09-30,Marlins,Zach Brzykcy,FALSE
2026-09-30|Josh White,2026-09-30,Marlins,Josh White,FALSE
2026-09-30|Wikelman Gonzalez,2026-09-30,Marlins,Wikelman Gonzalez,FALSE
2026-09-30|Cade Gibson,2026-09-30,Marlins,Cade Gibson,FALSE
2026-09-30|Jack Ralston,2026-09-30,Marlins,Jack Ralston,FALSE
2026-09-30|Bradley Blalock,2026-09-30,Marlins,Bradley Blalock,FALSE
2026-09-30|Patrick Monteverde,2026-09-30,Marlins,Patrick Monteverde,FALSE
2026-09-30|Trevor Megill,2026-09-30,Brewers,Trevor Megill,FALSE
2026-09-30|Abner Uribe,2026-09-30,Brewers,Abner Uribe,FALSE
2026-09-30|JoJo Romero,2026-09-30,Brewers,JoJo Romero,FALSE
2026-09-30|Antonio Senzatela,2026-09-30,Brewers,Antonio Senzatela,FALSE
2026-09-30|Grant Anderson,2026-09-30,Brewers,Grant Anderson,FALSE
2026-09-30|Jared Koenig,2026-09-30,Brewers,Jared Koenig,FALSE
2026-09-30|Chad Patrick,2026-09-30,Brewers,Chad Patrick,FALSE
2026-09-30|Aaron Ashby,2026-09-30,Brewers,Aaron Ashby,FALSE
2026-09-30|DL Hall,2026-09-30,Brewers,DL Hall,FALSE
2026-09-30|Bryse Wilson,2026-09-30,Brewers,Bryse Wilson,FALSE
2026-09-30|Coleman Crow,2026-09-30,Brewers,Coleman Crow,FALSE
2026-09-30|Andrew Morris,2026-09-30,Twins,Andrew Morris,FALSE
2026-09-30|Jeff Hoffman,2026-09-30,Twins,Jeff Hoffman,FALSE
2026-09-30|A.J. Minter,2026-09-30,Twins,A.J. Minter,FALSE
2026-09-30|Kody Funderburk,2026-09-30,Twins,Kody Funderburk,FALSE
2026-09-30|Tommy Nance,2026-09-30,Twins,Tommy Nance,FALSE
2026-09-30|Yoendrys Gomez,2026-09-30,Twins,Yoendrys Gomez,FALSE
2026-09-30|Taylor Rogers,2026-09-30,Twins,Taylor Rogers,FALSE
2026-09-30|Travis Adams,2026-09-30,Twins,Travis Adams,FALSE
2026-09-30|Eric Orze,2026-09-30,Twins,Eric Orze,FALSE
2026-09-30|Garrett Acton,2026-09-30,Twins,Garrett Acton,FALSE
2026-09-30|Jack Anderson,2026-09-30,Twins,Jack Anderson,FALSE
2026-09-30|Kendry Rojas,2026-09-30,Twins,Kendry Rojas,FALSE
2026-09-30|Marco Raya,2026-09-30,Twins,Marco Raya,FALSE
2026-09-30|Kodai Senga,2026-09-30,Mets,Kodai Senga,FALSE
2026-09-30|Nate Lavender,2026-09-30,Mets,Nate Lavender,FALSE
2026-09-30|Dedniel Nunez,2026-09-30,Mets,Dedniel Nunez,FALSE
2026-09-30|Jonathan Pintaro,2026-09-30,Mets,Jonathan Pintaro,FALSE
2026-09-30|Devin Williams,2026-09-30,Mets,Devin Williams,FALSE
2026-09-30|Philip Abner,2026-09-30,Mets,Philip Abner,FALSE
2026-09-30|Jack Weisenburger,2026-09-30,Mets,Jack Weisenburger,FALSE
2026-09-30|Daniel Duarte,2026-09-30,Mets,Daniel Duarte,FALSE
2026-09-30|Chayce McDermott,2026-09-30,Mets,Chayce McDermott,FALSE
2026-09-30|Cameron Weston,2026-09-30,Mets,Cameron Weston,FALSE
2026-09-30|Dylan Ross,2026-09-30,Mets,Dylan Ross,FALSE
2026-09-30|Tobias Myers,2026-09-30,Mets,Tobias Myers,FALSE
2026-09-30|Austin Warren,2026-09-30,Mets,Austin Warren,FALSE
2026-09-30|Cionel Perez,2026-09-30,Mets,Cionel Perez,FALSE
2026-09-30|Jonah Tong,2026-09-30,Mets,Jonah Tong,FALSE
2026-09-30|Jefry Yan,2026-09-30,Mets,Jefry Yan,FALSE
2026-09-30|Justin Hagenman,2026-09-30,Mets,Justin Hagenman,FALSE
2026-09-30|David Bednar,2026-09-30,Yankees,David Bednar,FALSE
2026-09-30|Brent Headrick,2026-09-30,Yankees,Brent Headrick,FALSE
2026-09-30|John Schreiber,2026-09-30,Yankees,John Schreiber,FALSE
2026-09-30|Paul Blackburn,2026-09-30,Yankees,Paul Blackburn,FALSE
2026-09-30|Ryan Yarbrough,2026-09-30,Yankees,Ryan Yarbrough,FALSE
2026-09-30|Jhoan Duran,2026-09-30,Phillies,Jhoan Duran,FALSE
2026-09-30|Alex McFarlane,2026-09-30,Phillies,Alex McFarlane,FALSE
2026-09-30|Jose Alvarado,2026-09-30,Phillies,Jose Alvarado,FALSE
2026-09-30|Jonathan Bowlan,2026-09-30,Phillies,Jonathan Bowlan,FALSE
2026-09-30|Chase Shugart,2026-09-30,Phillies,Chase Shugart,FALSE
2026-09-30|Tim Mayza,2026-09-30,Phillies,Tim Mayza,FALSE
2026-09-30|Tanner Banks,2026-09-30,Phillies,Tanner Banks,FALSE
2026-09-30|Mason Montgomery,2026-09-30,Pirates,Mason Montgomery,FALSE
2026-09-30|Luke Weaver,2026-09-30,Pirates,Luke Weaver,FALSE
2026-09-30|Gregory Soto,2026-09-30,Pirates,Gregory Soto,FALSE
2026-09-30|Evan Sisk,2026-09-30,Pirates,Evan Sisk,FALSE
2026-09-30|Isaac Mattson,2026-09-30,Pirates,Isaac Mattson,FALSE
2026-09-30|Noah Murdock,2026-09-30,Pirates,Noah Murdock,FALSE
2026-09-30|Thomas Harrington,2026-09-30,Pirates,Thomas Harrington,FALSE
2026-09-30|Carmen Mlodzinski,2026-09-30,Pirates,Carmen Mlodzinski,FALSE
2026-09-30|Lake Bachar,2026-09-30,Pirates,Lake Bachar,FALSE
2026-09-30|Yohan Ramirez,2026-09-30,Pirates,Yohan Ramirez,FALSE
2026-09-30|Brandon Eisert,2026-09-30,Pirates,Brandon Eisert,FALSE
2026-09-30|Kirby Yates,2026-09-30,Pirates,Kirby Yates,FALSE
2026-09-30|Wilber Dotel,2026-09-30,Pirates,Wilber Dotel,FALSE
2026-09-30|Khristian Curtis,2026-09-30,Pirates,Khristian Curtis,FALSE
2026-09-30|Antwone Kelly,2026-09-30,Pirates,Antwone Kelly,FALSE
2026-09-30|Hunter Barco,2026-09-30,Pirates,Hunter Barco,FALSE
2026-09-30|Mason Miller,2026-09-30,Padres,Mason Miller,FALSE
2026-09-30|Adrian Morejon,2026-09-30,Padres,Adrian Morejon,FALSE
2026-09-30|Yuki Matsui,2026-09-30,Padres,Yuki Matsui,FALSE
2026-09-30|David Morgan,2026-09-30,Padres,David Morgan,FALSE
2026-09-30|Jason Adam,2026-09-30,Padres,Jason Adam,FALSE
2026-09-30|Joe Musgrove,2026-09-30,Padres,Joe Musgrove,FALSE
2026-09-30|Bradgley Rodriguez,2026-09-30,Padres,Bradgley Rodriguez,FALSE
2026-09-30|Trent Harris,2026-09-30,Giants,Trent Harris,FALSE
2026-09-30|Camilo Doval,2026-09-30,Giants,Camilo Doval,FALSE
2026-09-30|Reiver Sanmartin,2026-09-30,Giants,Reiver Sanmartin,FALSE
2026-09-30|Sam Hentges,2026-09-30,Giants,Sam Hentges,FALSE
2026-09-30|Seth Lonsway,2026-09-30,Giants,Seth Lonsway,FALSE
2026-09-30|Joel Kuhnel,2026-09-30,Giants,Joel Kuhnel,FALSE
2026-09-30|Dylan Smith,2026-09-30,Giants,Dylan Smith,FALSE
2026-09-30|Jason Foley,2026-09-30,Giants,Jason Foley,FALSE
2026-09-30|Duncan Davitt,2026-09-30,Giants,Duncan Davitt,FALSE
2026-09-30|Tristan Beck,2026-09-30,Giants,Tristan Beck,FALSE
2026-09-30|Ryan Walker,2026-09-30,Giants,Ryan Walker,FALSE
2026-09-30|Braxton Roxby,2026-09-30,Giants,Braxton Roxby,FALSE
2026-09-30|Miguel Mendez,2026-09-30,Giants,Miguel Mendez,FALSE
2026-09-30|JT Brubaker,2026-09-30,Giants,JT Brubaker,FALSE
2026-09-30|Carson Seymour,2026-09-30,Giants,Carson Seymour,FALSE
2026-09-30|Cesar Perdomo,2026-09-30,Giants,Cesar Perdomo,FALSE
2026-09-30|Yunior Marte,2026-09-30,Giants,Yunior Marte,FALSE
2026-09-30|Andres Munoz,2026-09-30,Mariners,Andres Munoz,FALSE
2026-09-30|Gabe Speier,2026-09-30,Mariners,Gabe Speier,FALSE
2026-09-30|Seranthony Dominguez,2026-09-30,Mariners,Seranthony Dominguez,FALSE
2026-09-30|Carlos Vargas,2026-09-30,Mariners,Carlos Vargas,FALSE
2026-09-30|Hoby Milner,2026-09-30,Mariners,Hoby Milner,FALSE
2026-09-30|Jose A. Ferrer,2026-09-30,Mariners,Jose A. Ferrer,FALSE
2026-09-30|Eduard Bazardo,2026-09-30,Mariners,Eduard Bazardo,FALSE
2026-09-30|Cooper Criswell,2026-09-30,Mariners,Cooper Criswell,FALSE
2026-09-30|Michael Rucker,2026-09-30,Mariners,Michael Rucker,FALSE
2026-09-30|Cole Wilcox,2026-09-30,Mariners,Cole Wilcox,FALSE
2026-09-30|Troy Taylor,2026-09-30,Mariners,Troy Taylor,FALSE
2026-09-30|Josh Simpson,2026-09-30,Mariners,Josh Simpson,FALSE
2026-09-30|Robinson Ortiz,2026-09-30,Mariners,Robinson Ortiz,FALSE
2026-09-30|Troy Watson,2026-09-30,Mariners,Troy Watson,FALSE
2026-09-30|Riley O'Brien,2026-09-30,Cardinals,Riley O'Brien,FALSE
2026-09-30|Justin Bruihl,2026-09-30,Cardinals,Justin Bruihl,FALSE
2026-09-30|Ryne Stanek,2026-09-30,Cardinals,Ryne Stanek,FALSE
2026-09-30|George Soriano,2026-09-30,Cardinals,George Soriano,FALSE
2026-09-30|Luis Gastelum,2026-09-30,Cardinals,Luis Gastelum,FALSE
2026-09-30|Cade Winquest,2026-09-30,Cardinals,Cade Winquest,FALSE
2026-09-30|Ryan Fernandez,2026-09-30,Cardinals,Ryan Fernandez,FALSE
2026-09-30|Hancel Rincon,2026-09-30,Cardinals,Hancel Rincon,FALSE
2026-09-30|Chase Hampton,2026-09-30,Cardinals,Chase Hampton,FALSE
2026-09-30|Richard Fitts,2026-09-30,Cardinals,Richard Fitts,FALSE
2026-09-30|Tekoah Roby,2026-09-30,Cardinals,Tekoah Roby,FALSE
2026-09-30|Gordon Graceffo,2026-09-30,Cardinals,Gordon Graceffo,FALSE
2026-09-30|Matt Svanson,2026-09-30,Cardinals,Matt Svanson,FALSE
2026-09-30|Brycen Mautz,2026-09-30,Cardinals,Brycen Mautz,FALSE
2026-09-30|Cooper Hjerpe,2026-09-30,Cardinals,Cooper Hjerpe,FALSE
2026-09-30|Bryan Baker,2026-09-30,Rays,Bryan Baker,FALSE
2026-09-30|Cam Booser,2026-09-30,Rays,Cam Booser,FALSE
2026-09-30|Kevin Kelly,2026-09-30,Rays,Kevin Kelly,FALSE
2026-09-30|Tyler Wells,2026-09-30,Rays,Tyler Wells,FALSE
2026-09-30|Brody Hopkins,2026-09-30,Rays,Brody Hopkins,FALSE
2026-09-30|Garrett Cleavinger,2026-09-30,Rays,Garrett Cleavinger,FALSE
2026-09-30|Manuel Rodriguez,2026-09-30,Rays,Manuel Rodriguez,FALSE
2026-09-30|Ian Seymour,2026-09-30,Rays,Ian Seymour,FALSE
2026-09-30|Steven Matz,2026-09-30,Rays,Steven Matz,FALSE
2026-09-30|Casey Legumina,2026-09-30,Rays,Casey Legumina,FALSE
2026-09-30|Cole Sulser,2026-09-30,Rays,Cole Sulser,FALSE
2026-09-30|Jesse Scholtens,2026-09-30,Rays,Jesse Scholtens,FALSE
2026-09-30|Joe Boyle,2026-09-30,Rays,Joe Boyle,FALSE
2026-09-30|Jacob Latz,2026-09-30,Rangers,Jacob Latz,FALSE
2026-09-30|Chase Silseth,2026-09-30,Rangers,Chase Silseth,FALSE
2026-09-30|Robert Garcia,2026-09-30,Rangers,Robert Garcia,FALSE
2026-09-30|Robby Ahlstrom,2026-09-30,Rangers,Robby Ahlstrom,FALSE
2026-09-30|Peyton Gray,2026-09-30,Rangers,Peyton Gray,FALSE
2026-09-30|Gavin Collyer,2026-09-30,Rangers,Gavin Collyer,FALSE
2026-09-30|Ben Peoples,2026-09-30,Rangers,Ben Peoples,FALSE
2026-09-30|Emiliano Teodo,2026-09-30,Rangers,Emiliano Teodo,FALSE
2026-09-30|David Davalillo,2026-09-30,Rangers,David Davalillo,FALSE
2026-09-30|Leandro Lopez,2026-09-30,Rangers,Leandro Lopez,FALSE
2026-09-30|Michel Otanez,2026-09-30,Rangers,Michel Otanez,FALSE
2026-09-30|Tyler Alexander,2026-09-30,Rangers,Tyler Alexander,FALSE
2026-09-30|Jakob Junis,2026-09-30,Rangers,Jakob Junis,FALSE
2026-09-30|Adam Macko,2026-09-30,Rangers,Adam Macko,FALSE
2026-09-30|Trevor Williams,2026-09-30,Rangers,Trevor Williams,FALSE
2026-09-30|Jordan Montgomery,2026-09-30,Rangers,Jordan Montgomery,FALSE
2026-09-30|Winston Santos,2026-09-30,Rangers,Winston Santos,FALSE
2026-09-30|Louis Varland,2026-09-30,Blue Jays,Louis Varland,FALSE
2026-09-30|Tyler Rogers,2026-09-30,Blue Jays,Tyler Rogers,FALSE
2026-09-30|Jose Rodriguez,2026-09-30,Blue Jays,Jose Rodriguez,FALSE
2026-09-30|Paul Sewald,2026-09-30,Blue Jays,Paul Sewald,FALSE
2026-09-30|Ricky Tiedemann,2026-09-30,Blue Jays,Ricky Tiedemann,FALSE
2026-09-30|Brendon Little,2026-09-30,Blue Jays,Brendon Little,FALSE
2026-09-30|Brendan Cellucci,2026-09-30,Blue Jays,Brendan Cellucci,FALSE
2026-09-30|Chase Lee,2026-09-30,Blue Jays,Chase Lee,FALSE
2026-09-30|Devereaux Harrison,2026-09-30,Blue Jays,Devereaux Harrison,FALSE
2026-09-30|Spencer Miles,2026-09-30,Blue Jays,Spencer Miles,FALSE
2026-09-30|Braydon Fisher,2026-09-30,Blue Jays,Braydon Fisher,FALSE
2026-09-30|Mason Fluharty,2026-09-30,Blue Jays,Mason Fluharty,FALSE
2026-09-30|Chad Dallas,2026-09-30,Blue Jays,Chad Dallas,FALSE
2026-09-30|CJ Van Eyk,2026-09-30,Blue Jays,CJ Van Eyk,FALSE
2026-09-30|John Klein,2026-09-30,Blue Jays,John Klein,FALSE
2026-09-30|Erik Tolman,2026-09-30,Nationals,Erik Tolman,FALSE
2026-09-30|Jack Sinclair,2026-09-30,Nationals,Jack Sinclair,FALSE
2026-09-30|Yovanny Cruz,2026-09-30,Nationals,Yovanny Cruz,FALSE
2026-09-30|Clayton Beeter,2026-09-30,Nationals,Clayton Beeter,FALSE
2026-09-30|Orlando Ribalta,2026-09-30,Nationals,Orlando Ribalta,FALSE
2026-09-30|Gus Varland,2026-09-30,Nationals,Gus Varland,FALSE
2026-09-30|Jake Bird,2026-09-30,Nationals,Jake Bird,FALSE
2026-09-30|Luis Perales,2026-09-30,Nationals,Luis Perales,FALSE
2026-09-30|Josiah Gray,2026-09-30,Nationals,Josiah Gray,FALSE
2026-09-30|Zak Kent,2026-09-30,Nationals,Zak Kent,FALSE
2026-09-30|Kyle Nicolas,2026-09-30,Nationals,Kyle Nicolas,FALSE
2026-09-30|Brad Lord,2026-09-30,Nationals,Brad Lord,FALSE
2026-09-30|Will Dion,2026-09-30,Nationals,Will Dion,FALSE
2026-09-30|Riley Cornelio,2026-09-30,Nationals,Riley Cornelio,FALSE
2026-09-30|Richard Lovelady,2026-09-30,Nationals,Richard Lovelady,FALSE
2026-09-30|Paxton Schultz,2026-09-30,Nationals,Paxton Schultz,FALSE
2026-09-30|Eddy Yean,2026-09-30,Nationals,Eddy Yean,FALSE
2026-09-30|DJ Herz,2026-09-30,Nationals,DJ Herz,FALSE
2026-09-30|Jared Simpson,2026-09-30,Nationals,Jared Simpson,FALSE
2026-10-01|Jonathan Loaisiga,2026-10-01,Diamondbacks,Jonathan Loaisiga,FALSE
2026-10-01|Brandyn Garcia,2026-10-01,Diamondbacks,Brandyn Garcia,FALSE
2026-10-01|Justin Martinez,2026-10-01,Diamondbacks,Justin Martinez,FALSE
2026-10-01|Juan Morillo,2026-10-01,Diamondbacks,Juan Morillo,FALSE
2026-10-01|Kevin Ginkel,2026-10-01,Diamondbacks,Kevin Ginkel,FALSE
2026-10-01|Dennis Santana,2026-10-01,Diamondbacks,Dennis Santana,FALSE
2026-10-01|Gerardo Carrillo,2026-10-01,Diamondbacks,Gerardo Carrillo,FALSE
2026-10-01|Blake Walston,2026-10-01,Diamondbacks,Blake Walston,FALSE
2026-10-01|Drey Jameson,2026-10-01,Diamondbacks,Drey Jameson,FALSE
2026-10-01|Kade Strowd,2026-10-01,Diamondbacks,Kade Strowd,FALSE
2026-10-01|Juan Burgos,2026-10-01,Diamondbacks,Juan Burgos,FALSE
2026-10-01|Dylan Ray,2026-10-01,Diamondbacks,Dylan Ray,FALSE
2026-10-01|Taylor Clarke,2026-10-01,Diamondbacks,Taylor Clarke,FALSE
2026-10-01|Corbin Burnes,2026-10-01,Diamondbacks,Corbin Burnes,FALSE
2026-10-01|Elvis Alvarado,2026-10-01,Athletics,Elvis Alvarado,FALSE
2026-10-01|Hogan Harris,2026-10-01,Athletics,Hogan Harris,FALSE
2026-10-01|Scott Blewett,2026-10-01,Athletics,Scott Blewett,FALSE
2026-10-01|Geoff Hartlieb,2026-10-01,Athletics,Geoff Hartlieb,FALSE
2026-10-01|Chris Roycroft,2026-10-01,Athletics,Chris Roycroft,FALSE
2026-10-01|Drew Rom,2026-10-01,Athletics,Drew Rom,FALSE
2026-10-01|Yunior Tur,2026-10-01,Athletics,Yunior Tur,FALSE
2026-10-01|Hunter Bigge,2026-10-01,Athletics,Hunter Bigge,FALSE
2026-10-01|Hayden Juenger,2026-10-01,Athletics,Hayden Juenger,FALSE
2026-10-01|Braden Nett,2026-10-01,Athletics,Braden Nett,FALSE
2026-10-01|Henry Baez,2026-10-01,Athletics,Henry Baez,FALSE
2026-10-01|Jack Perkins,2026-10-01,Athletics,Jack Perkins,FALSE
2026-10-01|Luis Medina,2026-10-01,Athletics,Luis Medina,FALSE
2026-10-01|Mason Barnett,2026-10-01,Athletics,Mason Barnett,FALSE
2026-10-01|Brady Basso,2026-10-01,Athletics,Brady Basso,FALSE
2026-10-01|Seth Johnson,2026-10-01,Athletics,Seth Johnson,FALSE
2026-10-01|Kade Morris,2026-10-01,Athletics,Kade Morris,FALSE
2026-10-01|Luis Morales,2026-10-01,Athletics,Luis Morales,FALSE
2026-10-01|Joe Rock,2026-10-01,Athletics,Joe Rock,FALSE
2026-10-01|Joey Estes,2026-10-01,Athletics,Joey Estes,FALSE
2026-10-01|Raisel Iglesias,2026-10-01,Braves,Raisel Iglesias,FALSE
2026-10-01|Dylan Lee,2026-10-01,Braves,Dylan Lee,FALSE
2026-10-01|Victor Mederos,2026-10-01,Braves,Victor Mederos,FALSE
2026-10-01|Dylan Dodd,2026-10-01,Braves,Dylan Dodd,FALSE
2026-10-01|Robert Suarez,2026-10-01,Braves,Robert Suarez,FALSE
2026-10-01|Brent Suter,2026-10-01,Braves,Brent Suter,FALSE
2026-10-01|Didier Fuentes,2026-10-01,Braves,Didier Fuentes,FALSE
2026-10-01|Ray Kerr,2026-10-01,Braves,Ray Kerr,FALSE
2026-10-01|Rico Garcia,2026-10-01,Orioles,Rico Garcia,FALSE
2026-10-01|Anthony Nunez,2026-10-01,Orioles,Anthony Nunez,FALSE
2026-10-01|Grant Wolfram,2026-10-01,Orioles,Grant Wolfram,FALSE
2026-10-01|Josh Walker,2026-10-01,Orioles,Josh Walker,FALSE
2026-10-01|Luis De Leon,2026-10-01,Orioles,Luis De Leon,FALSE
2026-10-01|Yennier Cano,2026-10-01,Orioles,Yennier Cano,FALSE
2026-10-01|Andrew Kittredge,2026-10-01,Orioles,Andrew Kittredge,FALSE
2026-10-01|Alex Hoppe,2026-10-01,Orioles,Alex Hoppe,FALSE
2026-10-01|Cam Sanders,2026-10-01,Orioles,Cam Sanders,FALSE
2026-10-01|Felix Bautista,2026-10-01,Orioles,Felix Bautista,FALSE
2026-10-01|Yaramil Hiraldo,2026-10-01,Orioles,Yaramil Hiraldo,FALSE
2026-10-01|Codi Heuer,2026-10-01,Orioles,Codi Heuer,FALSE
2026-10-01|Cameron Foster,2026-10-01,Orioles,Cameron Foster,FALSE
2026-10-01|Yosver Zulueta,2026-10-01,Orioles,Yosver Zulueta,FALSE
2026-10-01|Albert Suarez,2026-10-01,Orioles,Albert Suarez,FALSE
2026-10-01|Aroldis Chapman,2026-10-01,Red Sox,Aroldis Chapman,FALSE
2026-10-01|Garrett Whitlock,2026-10-01,Red Sox,Garrett Whitlock,FALSE
2026-10-01|Greg Weissert,2026-10-01,Red Sox,Greg Weissert,FALSE
2026-10-01|Wyatt Olds,2026-10-01,Red Sox,Wyatt Olds,FALSE
2026-10-01|Brayan Bello,2026-10-01,Red Sox,Brayan Bello,FALSE
2026-10-01|Erik Miller,2026-10-01,Red Sox,Erik Miller,FALSE
2026-10-01|Alec Gamboa,2026-10-01,Red Sox,Alec Gamboa,FALSE
2026-10-01|Ryan Zeferjahn,2026-10-01,Cubs,Ryan Zeferjahn,FALSE
2026-10-01|Daniel Palencia,2026-10-01,Cubs,Daniel Palencia,FALSE
2026-10-01|Jacob Webb,2026-10-01,Cubs,Jacob Webb,FALSE
2026-10-01|Aaron Civale,2026-10-01,Cubs,Aaron Civale,FALSE
2026-10-01|Javier Assad,2026-10-01,Cubs,Javier Assad,FALSE
2026-10-01|Ryan Rolison,2026-10-01,Cubs,Ryan Rolison,FALSE
2026-10-01|Grant Taylor,2026-10-01,White Sox,Grant Taylor,FALSE
2026-10-01|Erick Fedde,2026-10-01,White Sox,Erick Fedde,FALSE
2026-10-01|Sean Newcomb,2026-10-01,White Sox,Sean Newcomb,FALSE
2026-10-01|Bryan Hudson,2026-10-01,White Sox,Bryan Hudson,FALSE
2026-10-01|Huascar Brazoban,2026-10-01,White Sox,Huascar Brazoban,FALSE
2026-10-01|Jordan Hicks,2026-10-01,White Sox,Jordan Hicks,FALSE
2026-10-01|Hagen Smith,2026-10-01,White Sox,Hagen Smith,FALSE
2026-10-01|Emilio Pagan,2026-10-01,Reds,Emilio Pagan,FALSE
2026-10-01|Brock Burke,2026-10-01,Reds,Brock Burke,FALSE
2026-10-01|Tejay Antone,2026-10-01,Reds,Tejay Antone,FALSE
2026-10-01|Luis Mey,2026-10-01,Reds,Luis Mey,FALSE
2026-10-01|Pierce Johnson,2026-10-01,Reds,Pierce Johnson,FALSE
2026-10-01|Graham Ashcraft,2026-10-01,Reds,Graham Ashcraft,FALSE
2026-10-01|Tony Santillan,2026-10-01,Reds,Tony Santillan,FALSE
2026-10-01|Julian Garcia,2026-10-01,Reds,Julian Garcia,FALSE
2026-10-01|Connor Phillips,2026-10-01,Reds,Connor Phillips,FALSE
2026-10-01|Zach McCambley,2026-10-01,Reds,Zach McCambley,FALSE
2026-10-01|Zach Maxwell,2026-10-01,Reds,Zach Maxwell,FALSE
2026-10-01|Chase Petty,2026-10-01,Reds,Chase Petty,FALSE
2026-10-01|Jose Franco,2026-10-01,Reds,Jose Franco,FALSE
2026-10-01|Carson Spiers,2026-10-01,Reds,Carson Spiers,FALSE
2026-10-01|Chase Solesky,2026-10-01,Reds,Chase Solesky,FALSE
2026-10-01|Cade Smith,2026-10-01,Guardians,Cade Smith,FALSE
2026-10-01|Erik Sabrowski,2026-10-01,Guardians,Erik Sabrowski,FALSE
2026-10-01|Hunter Gaddis,2026-10-01,Guardians,Hunter Gaddis,FALSE
2026-10-01|Shawn Armstrong,2026-10-01,Guardians,Shawn Armstrong,FALSE
2026-10-01|Tim Herrin,2026-10-01,Guardians,Tim Herrin,FALSE
2026-10-01|Matt Festa,2026-10-01,Guardians,Matt Festa,FALSE
2026-10-01|Colin Holderman,2026-10-01,Guardians,Colin Holderman,FALSE
2026-10-01|Franco Aleman,2026-10-01,Guardians,Franco Aleman,FALSE
2026-10-01|Andrew Walters,2026-10-01,Guardians,Andrew Walters,FALSE
2026-10-01|Yorman Gomez,2026-10-01,Guardians,Yorman Gomez,FALSE
2026-10-01|Logan Allen,2026-10-01,Guardians,Logan Allen,FALSE
2026-10-01|Daniel Espino,2026-10-01,Guardians,Daniel Espino,FALSE
2026-10-01|Austin Peterson,2026-10-01,Guardians,Austin Peterson,FALSE
2026-10-01|Jordan Romano,2026-10-01,Rockies,Jordan Romano,FALSE
2026-10-01|Jaden Hill,2026-10-01,Rockies,Jaden Hill,FALSE
2026-10-01|Nick Frasso,2026-10-01,Rockies,Nick Frasso,FALSE
2026-10-01|Mark Manfredi,2026-10-01,Rockies,Mark Manfredi,FALSE
2026-10-01|Blas Castano,2026-10-01,Rockies,Blas Castano,FALSE
2026-10-01|TJ Shook,2026-10-01,Rockies,TJ Shook,FALSE
2026-10-01|Jeff Criswell,2026-10-01,Rockies,Jeff Criswell,FALSE
2026-10-01|Blake Adams,2026-10-01,Rockies,Blake Adams,FALSE
2026-10-01|Hayden Harris,2026-10-01,Rockies,Hayden Harris,FALSE
2026-10-01|Zach Agnos,2026-10-01,Rockies,Zach Agnos,FALSE
2026-10-01|Juan Mejia,2026-10-01,Rockies,Juan Mejia,FALSE
2026-10-01|Brennan Bernardino,2026-10-01,Rockies,Brennan Bernardino,FALSE
2026-10-01|Jimmy Herget,2026-10-01,Rockies,Jimmy Herget,FALSE
2026-10-01|Eiberson Castellano,2026-10-01,Rockies,Eiberson Castellano,FALSE
2026-10-01|Kenley Jansen,2026-10-01,Tigers,Kenley Jansen,FALSE
2026-10-01|Drew Sommers,2026-10-01,Tigers,Drew Sommers,FALSE
2026-10-01|Tyler Kinley,2026-10-01,Tigers,Tyler Kinley,FALSE
2026-10-01|Brant Hurter,2026-10-01,Tigers,Brant Hurter,FALSE
2026-10-01|Kyle Finnegan,2026-10-01,Tigers,Kyle Finnegan,FALSE
2026-10-01|Beau Brieske,2026-10-01,Tigers,Beau Brieske,FALSE
2026-10-01|Enmanuel De Jesus,2026-10-01,Tigers,Enmanuel De Jesus,FALSE
2026-10-01|Yilber Diaz,2026-10-01,Tigers,Yilber Diaz,FALSE
2026-10-01|Jake Miller,2026-10-01,Tigers,Jake Miller,FALSE
2026-10-01|Sawyer Gipson-Long,2026-10-01,Tigers,Sawyer Gipson-Long,FALSE
2026-10-01|Drew Anderson,2026-10-01,Tigers,Drew Anderson,FALSE
2026-10-01|Tyler Holton,2026-10-01,Tigers,Tyler Holton,FALSE
2026-10-01|Jacob Waguespack,2026-10-01,Tigers,Jacob Waguespack,FALSE
2026-10-01|Ty Madden,2026-10-01,Tigers,Ty Madden,FALSE
2026-10-01|Brenan Hanifee,2026-10-01,Tigers,Brenan Hanifee,FALSE
2026-10-01|Andrew Sears,2026-10-01,Tigers,Andrew Sears,FALSE
2026-10-01|Justin Verlander,2026-10-01,Tigers,Justin Verlander,FALSE
2026-10-01|River Ryan,2026-10-01,Tigers,River Ryan,FALSE
2026-10-01|Josh Hader,2026-10-01,Astros,Josh Hader,FALSE
2026-10-01|AJ Blubaugh,2026-10-01,Astros,AJ Blubaugh,FALSE
2026-10-01|Bryan Abreu,2026-10-01,Astros,Bryan Abreu,FALSE
2026-10-01|Logan VanWey,2026-10-01,Astros,Logan VanWey,FALSE
2026-10-01|Josh Hendrickson,2026-10-01,Astros,Josh Hendrickson,FALSE
2026-10-01|Bryan King,2026-10-01,Astros,Bryan King,FALSE
2026-10-01|Bennett Sousa,2026-10-01,Astros,Bennett Sousa,FALSE
2026-10-01|Miguel Ullola,2026-10-01,Astros,Miguel Ullola,FALSE
2026-10-01|Lucas Erceg,2026-10-01,Royals,Lucas Erceg,FALSE
2026-10-01|Nolan Hoffman,2026-10-01,Royals,Nolan Hoffman,FALSE
2026-10-01|Anthony Gose,2026-10-01,Royals,Anthony Gose,FALSE
2026-10-01|Connor Thomas,2026-10-01,Royals,Connor Thomas,FALSE
2026-10-01|Craig Kimbrel,2026-10-01,Royals,Craig Kimbrel,FALSE
2026-10-01|Jose Cuas,2026-10-01,Royals,Jose Cuas,FALSE
2026-10-01|Nate Pearson,2026-10-01,Royals,Nate Pearson,FALSE
2026-10-01|Alex Lange,2026-10-01,Royals,Alex Lange,FALSE
2026-10-01|Spencer Bivens,2026-10-01,Royals,Spencer Bivens,FALSE
2026-10-01|Easton McGee,2026-10-01,Royals,Easton McGee,FALSE
2026-10-01|Mason Black,2026-10-01,Royals,Mason Black,FALSE
2026-10-01|Carlos Duran,2026-10-01,Royals,Carlos Duran,FALSE
2026-10-01|Ben Kudrna,2026-10-01,Royals,Ben Kudrna,FALSE
2026-10-01|James McArthur,2026-10-01,Royals,James McArthur,FALSE
2026-10-01|Ryan Bergert,2026-10-01,Royals,Ryan Bergert,FALSE
2026-10-01|Steven Zobac,2026-10-01,Royals,Steven Zobac,FALSE
2026-10-01|Daniel Lynch,2026-10-01,Royals,Daniel Lynch,FALSE
2026-10-01|Beck Way,2026-10-01,Royals,Beck Way,FALSE
2026-10-01|Mitch Spence,2026-10-01,Royals,Mitch Spence,FALSE
2026-10-01|Tony Gonsolin,2026-10-01,Royals,Tony Gonsolin,FALSE
2026-10-01|Ben Joyce,2026-10-01,Angels,Ben Joyce,FALSE
2026-10-01|Tayler Saucedo,2026-10-01,Angels,Tayler Saucedo,FALSE
2026-10-01|Ryan Watson,2026-10-01,Angels,Ryan Watson,FALSE
2026-10-01|Blake Weiman,2026-10-01,Angels,Blake Weiman,FALSE
2026-10-01|Jose Fermin,2026-10-01,Angels,Jose Fermin,FALSE
2026-10-01|Luke Murphy,2026-10-01,Angels,Luke Murphy,FALSE
2026-10-01|Samy Natera,2026-10-01,Angels,Samy Natera,FALSE
2026-10-01|Mitch Farris,2026-10-01,Angels,Mitch Farris,FALSE
2026-10-01|Sam Bachman,2026-10-01,Angels,Sam Bachman,FALSE
2026-10-01|Trevor Martin,2026-10-01,Angels,Trevor Martin,FALSE
2026-10-01|Caden Dana,2026-10-01,Angels,Caden Dana,FALSE
2026-10-01|Sammy Peralta,2026-10-01,Angels,Sammy Peralta,FALSE
2026-10-01|Brett Kerry,2026-10-01,Angels,Brett Kerry,FALSE
2026-10-01|Tanner Scott,2026-10-01,Dodgers,Tanner Scott,FALSE
2026-10-01|Evan Phillips,2026-10-01,Dodgers,Evan Phillips,FALSE
2026-10-01|Alex Vesia,2026-10-01,Dodgers,Alex Vesia,FALSE
2026-10-01|Edwin Diaz,2026-10-01,Dodgers,Edwin Diaz,FALSE
2026-10-01|Ronan Kopp,2026-10-01,Dodgers,Ronan Kopp,FALSE
2026-10-01|Jack Dreyer,2026-10-01,Dodgers,Jack Dreyer,FALSE
2026-10-01|Edgardo Henriquez,2026-10-01,Dodgers,Edgardo Henriquez,FALSE
2026-10-01|Brock Stewart,2026-10-01,Dodgers,Brock Stewart,FALSE
2026-10-01|Bobby Miller,2026-10-01,Dodgers,Bobby Miller,FALSE
2026-10-01|Pete Fairbanks,2026-10-01,Marlins,Pete Fairbanks,FALSE
2026-10-01|Calvin Faucher,2026-10-01,Marlins,Calvin Faucher,FALSE
2026-10-01|Michael Petersen,2026-10-01,Marlins,Michael Petersen,FALSE
2026-10-01|Tyler Zuber,2026-10-01,Marlins,Tyler Zuber,FALSE
2026-10-01|Josh Ekness,2026-10-01,Marlins,Josh Ekness,FALSE
2026-10-01|Victor Vodnik,2026-10-01,Marlins,Victor Vodnik,FALSE
2026-10-01|Dax Fulton,2026-10-01,Marlins,Dax Fulton,FALSE
2026-10-01|Anthony Bender,2026-10-01,Marlins,Anthony Bender,FALSE
2026-10-01|Brandan Bidois,2026-10-01,Marlins,Brandan Bidois,FALSE
2026-10-01|Zach Brzykcy,2026-10-01,Marlins,Zach Brzykcy,FALSE
2026-10-01|Josh White,2026-10-01,Marlins,Josh White,FALSE
2026-10-01|Wikelman Gonzalez,2026-10-01,Marlins,Wikelman Gonzalez,FALSE
2026-10-01|Cade Gibson,2026-10-01,Marlins,Cade Gibson,FALSE
2026-10-01|Jack Ralston,2026-10-01,Marlins,Jack Ralston,FALSE
2026-10-01|Bradley Blalock,2026-10-01,Marlins,Bradley Blalock,FALSE
2026-10-01|Patrick Monteverde,2026-10-01,Marlins,Patrick Monteverde,FALSE
2026-10-01|Trevor Megill,2026-10-01,Brewers,Trevor Megill,FALSE
2026-10-01|Abner Uribe,2026-10-01,Brewers,Abner Uribe,FALSE
2026-10-01|JoJo Romero,2026-10-01,Brewers,JoJo Romero,FALSE
2026-10-01|Antonio Senzatela,2026-10-01,Brewers,Antonio Senzatela,FALSE
2026-10-01|Grant Anderson,2026-10-01,Brewers,Grant Anderson,FALSE
2026-10-01|Jared Koenig,2026-10-01,Brewers,Jared Koenig,FALSE
2026-10-01|Chad Patrick,2026-10-01,Brewers,Chad Patrick,FALSE
2026-10-01|Aaron Ashby,2026-10-01,Brewers,Aaron Ashby,FALSE
2026-10-01|DL Hall,2026-10-01,Brewers,DL Hall,FALSE
2026-10-01|Bryse Wilson,2026-10-01,Brewers,Bryse Wilson,FALSE
2026-10-01|Coleman Crow,2026-10-01,Brewers,Coleman Crow,FALSE
2026-10-01|Andrew Morris,2026-10-01,Twins,Andrew Morris,FALSE
2026-10-01|Jeff Hoffman,2026-10-01,Twins,Jeff Hoffman,FALSE
2026-10-01|A.J. Minter,2026-10-01,Twins,A.J. Minter,FALSE
2026-10-01|Kody Funderburk,2026-10-01,Twins,Kody Funderburk,FALSE
2026-10-01|Tommy Nance,2026-10-01,Twins,Tommy Nance,FALSE
2026-10-01|Yoendrys Gomez,2026-10-01,Twins,Yoendrys Gomez,FALSE
2026-10-01|Taylor Rogers,2026-10-01,Twins,Taylor Rogers,FALSE
2026-10-01|Travis Adams,2026-10-01,Twins,Travis Adams,FALSE
2026-10-01|Eric Orze,2026-10-01,Twins,Eric Orze,FALSE
2026-10-01|Garrett Acton,2026-10-01,Twins,Garrett Acton,FALSE
2026-10-01|Jack Anderson,2026-10-01,Twins,Jack Anderson,FALSE
2026-10-01|Kendry Rojas,2026-10-01,Twins,Kendry Rojas,FALSE
2026-10-01|Marco Raya,2026-10-01,Twins,Marco Raya,FALSE
2026-10-01|Kodai Senga,2026-10-01,Mets,Kodai Senga,FALSE
2026-10-01|Nate Lavender,2026-10-01,Mets,Nate Lavender,FALSE
2026-10-01|Dedniel Nunez,2026-10-01,Mets,Dedniel Nunez,FALSE
2026-10-01|Jonathan Pintaro,2026-10-01,Mets,Jonathan Pintaro,FALSE
2026-10-01|Devin Williams,2026-10-01,Mets,Devin Williams,FALSE
2026-10-01|Philip Abner,2026-10-01,Mets,Philip Abner,FALSE
2026-10-01|Jack Weisenburger,2026-10-01,Mets,Jack Weisenburger,FALSE
2026-10-01|Daniel Duarte,2026-10-01,Mets,Daniel Duarte,FALSE
2026-10-01|Chayce McDermott,2026-10-01,Mets,Chayce McDermott,FALSE
2026-10-01|Cameron Weston,2026-10-01,Mets,Cameron Weston,FALSE
2026-10-01|Dylan Ross,2026-10-01,Mets,Dylan Ross,FALSE
2026-10-01|Tobias Myers,2026-10-01,Mets,Tobias Myers,FALSE
2026-10-01|Austin Warren,2026-10-01,Mets,Austin Warren,FALSE
2026-10-01|Cionel Perez,2026-10-01,Mets,Cionel Perez,FALSE
2026-10-01|Jonah Tong,2026-10-01,Mets,Jonah Tong,FALSE
2026-10-01|Jefry Yan,2026-10-01,Mets,Jefry Yan,FALSE
2026-10-01|Justin Hagenman,2026-10-01,Mets,Justin Hagenman,FALSE
2026-10-01|David Bednar,2026-10-01,Yankees,David Bednar,FALSE
2026-10-01|Brent Headrick,2026-10-01,Yankees,Brent Headrick,FALSE
2026-10-01|John Schreiber,2026-10-01,Yankees,John Schreiber,FALSE
2026-10-01|Paul Blackburn,2026-10-01,Yankees,Paul Blackburn,FALSE
2026-10-01|Ryan Yarbrough,2026-10-01,Yankees,Ryan Yarbrough,FALSE
2026-10-01|Jhoan Duran,2026-10-01,Phillies,Jhoan Duran,FALSE
2026-10-01|Alex McFarlane,2026-10-01,Phillies,Alex McFarlane,FALSE
2026-10-01|Jose Alvarado,2026-10-01,Phillies,Jose Alvarado,FALSE
2026-10-01|Jonathan Bowlan,2026-10-01,Phillies,Jonathan Bowlan,FALSE
2026-10-01|Chase Shugart,2026-10-01,Phillies,Chase Shugart,FALSE
2026-10-01|Tim Mayza,2026-10-01,Phillies,Tim Mayza,FALSE
2026-10-01|Tanner Banks,2026-10-01,Phillies,Tanner Banks,FALSE
2026-10-01|Mason Montgomery,2026-10-01,Pirates,Mason Montgomery,FALSE
2026-10-01|Luke Weaver,2026-10-01,Pirates,Luke Weaver,FALSE
2026-10-01|Gregory Soto,2026-10-01,Pirates,Gregory Soto,FALSE
2026-10-01|Evan Sisk,2026-10-01,Pirates,Evan Sisk,FALSE
2026-10-01|Isaac Mattson,2026-10-01,Pirates,Isaac Mattson,FALSE
2026-10-01|Noah Murdock,2026-10-01,Pirates,Noah Murdock,FALSE
2026-10-01|Thomas Harrington,2026-10-01,Pirates,Thomas Harrington,FALSE
2026-10-01|Carmen Mlodzinski,2026-10-01,Pirates,Carmen Mlodzinski,FALSE
2026-10-01|Lake Bachar,2026-10-01,Pirates,Lake Bachar,FALSE
2026-10-01|Yohan Ramirez,2026-10-01,Pirates,Yohan Ramirez,FALSE
2026-10-01|Brandon Eisert,2026-10-01,Pirates,Brandon Eisert,FALSE
2026-10-01|Kirby Yates,2026-10-01,Pirates,Kirby Yates,FALSE
2026-10-01|Wilber Dotel,2026-10-01,Pirates,Wilber Dotel,FALSE
2026-10-01|Khristian Curtis,2026-10-01,Pirates,Khristian Curtis,FALSE
2026-10-01|Antwone Kelly,2026-10-01,Pirates,Antwone Kelly,FALSE
2026-10-01|Hunter Barco,2026-10-01,Pirates,Hunter Barco,FALSE
2026-10-01|Mason Miller,2026-10-01,Padres,Mason Miller,FALSE
2026-10-01|Adrian Morejon,2026-10-01,Padres,Adrian Morejon,FALSE
2026-10-01|Yuki Matsui,2026-10-01,Padres,Yuki Matsui,FALSE
2026-10-01|David Morgan,2026-10-01,Padres,David Morgan,FALSE
2026-10-01|Jason Adam,2026-10-01,Padres,Jason Adam,FALSE
2026-10-01|Joe Musgrove,2026-10-01,Padres,Joe Musgrove,FALSE
2026-10-01|Bradgley Rodriguez,2026-10-01,Padres,Bradgley Rodriguez,FALSE
2026-10-01|Trent Harris,2026-10-01,Giants,Trent Harris,FALSE
2026-10-01|Camilo Doval,2026-10-01,Giants,Camilo Doval,FALSE
2026-10-01|Reiver Sanmartin,2026-10-01,Giants,Reiver Sanmartin,FALSE
2026-10-01|Sam Hentges,2026-10-01,Giants,Sam Hentges,FALSE
2026-10-01|Seth Lonsway,2026-10-01,Giants,Seth Lonsway,FALSE
2026-10-01|Joel Kuhnel,2026-10-01,Giants,Joel Kuhnel,FALSE
2026-10-01|Dylan Smith,2026-10-01,Giants,Dylan Smith,FALSE
2026-10-01|Jason Foley,2026-10-01,Giants,Jason Foley,FALSE
2026-10-01|Duncan Davitt,2026-10-01,Giants,Duncan Davitt,FALSE
2026-10-01|Tristan Beck,2026-10-01,Giants,Tristan Beck,FALSE
2026-10-01|Ryan Walker,2026-10-01,Giants,Ryan Walker,FALSE
2026-10-01|Braxton Roxby,2026-10-01,Giants,Braxton Roxby,FALSE
2026-10-01|Miguel Mendez,2026-10-01,Giants,Miguel Mendez,FALSE
2026-10-01|JT Brubaker,2026-10-01,Giants,JT Brubaker,FALSE
2026-10-01|Carson Seymour,2026-10-01,Giants,Carson Seymour,FALSE
2026-10-01|Cesar Perdomo,2026-10-01,Giants,Cesar Perdomo,FALSE
2026-10-01|Yunior Marte,2026-10-01,Giants,Yunior Marte,FALSE
2026-10-01|Andres Munoz,2026-10-01,Mariners,Andres Munoz,FALSE
2026-10-01|Gabe Speier,2026-10-01,Mariners,Gabe Speier,FALSE
2026-10-01|Seranthony Dominguez,2026-10-01,Mariners,Seranthony Dominguez,FALSE
2026-10-01|Carlos Vargas,2026-10-01,Mariners,Carlos Vargas,FALSE
2026-10-01|Hoby Milner,2026-10-01,Mariners,Hoby Milner,FALSE
2026-10-01|Jose A. Ferrer,2026-10-01,Mariners,Jose A. Ferrer,FALSE
2026-10-01|Eduard Bazardo,2026-10-01,Mariners,Eduard Bazardo,FALSE
2026-10-01|Cooper Criswell,2026-10-01,Mariners,Cooper Criswell,FALSE
2026-10-01|Michael Rucker,2026-10-01,Mariners,Michael Rucker,FALSE
2026-10-01|Cole Wilcox,2026-10-01,Mariners,Cole Wilcox,FALSE
2026-10-01|Troy Taylor,2026-10-01,Mariners,Troy Taylor,FALSE
2026-10-01|Josh Simpson,2026-10-01,Mariners,Josh Simpson,FALSE
2026-10-01|Robinson Ortiz,2026-10-01,Mariners,Robinson Ortiz,FALSE
2026-10-01|Troy Watson,2026-10-01,Mariners,Troy Watson,FALSE
2026-10-01|Riley O'Brien,2026-10-01,Cardinals,Riley O'Brien,FALSE
2026-10-01|Justin Bruihl,2026-10-01,Cardinals,Justin Bruihl,FALSE
2026-10-01|Ryne Stanek,2026-10-01,Cardinals,Ryne Stanek,FALSE
2026-10-01|George Soriano,2026-10-01,Cardinals,George Soriano,FALSE
2026-10-01|Luis Gastelum,2026-10-01,Cardinals,Luis Gastelum,FALSE
2026-10-01|Cade Winquest,2026-10-01,Cardinals,Cade Winquest,FALSE
2026-10-01|Ryan Fernandez,2026-10-01,Cardinals,Ryan Fernandez,FALSE
2026-10-01|Hancel Rincon,2026-10-01,Cardinals,Hancel Rincon,FALSE
2026-10-01|Chase Hampton,2026-10-01,Cardinals,Chase Hampton,FALSE
2026-10-01|Richard Fitts,2026-10-01,Cardinals,Richard Fitts,FALSE
2026-10-01|Tekoah Roby,2026-10-01,Cardinals,Tekoah Roby,FALSE
2026-10-01|Gordon Graceffo,2026-10-01,Cardinals,Gordon Graceffo,FALSE
2026-10-01|Matt Svanson,2026-10-01,Cardinals,Matt Svanson,FALSE
2026-10-01|Brycen Mautz,2026-10-01,Cardinals,Brycen Mautz,FALSE
2026-10-01|Cooper Hjerpe,2026-10-01,Cardinals,Cooper Hjerpe,FALSE
2026-10-01|Bryan Baker,2026-10-01,Rays,Bryan Baker,FALSE
2026-10-01|Cam Booser,2026-10-01,Rays,Cam Booser,FALSE
2026-10-01|Kevin Kelly,2026-10-01,Rays,Kevin Kelly,FALSE
2026-10-01|Tyler Wells,2026-10-01,Rays,Tyler Wells,FALSE
2026-10-01|Brody Hopkins,2026-10-01,Rays,Brody Hopkins,FALSE
2026-10-01|Garrett Cleavinger,2026-10-01,Rays,Garrett Cleavinger,FALSE
2026-10-01|Manuel Rodriguez,2026-10-01,Rays,Manuel Rodriguez,FALSE
2026-10-01|Ian Seymour,2026-10-01,Rays,Ian Seymour,FALSE
2026-10-01|Steven Matz,2026-10-01,Rays,Steven Matz,FALSE
2026-10-01|Casey Legumina,2026-10-01,Rays,Casey Legumina,FALSE
2026-10-01|Cole Sulser,2026-10-01,Rays,Cole Sulser,FALSE
2026-10-01|Jesse Scholtens,2026-10-01,Rays,Jesse Scholtens,FALSE
2026-10-01|Joe Boyle,2026-10-01,Rays,Joe Boyle,FALSE
2026-10-01|Jacob Latz,2026-10-01,Rangers,Jacob Latz,FALSE
2026-10-01|Chase Silseth,2026-10-01,Rangers,Chase Silseth,FALSE
2026-10-01|Robert Garcia,2026-10-01,Rangers,Robert Garcia,FALSE
2026-10-01|Robby Ahlstrom,2026-10-01,Rangers,Robby Ahlstrom,FALSE
2026-10-01|Peyton Gray,2026-10-01,Rangers,Peyton Gray,FALSE
2026-10-01|Gavin Collyer,2026-10-01,Rangers,Gavin Collyer,FALSE
2026-10-01|Ben Peoples,2026-10-01,Rangers,Ben Peoples,FALSE
2026-10-01|Emiliano Teodo,2026-10-01,Rangers,Emiliano Teodo,FALSE
2026-10-01|David Davalillo,2026-10-01,Rangers,David Davalillo,FALSE
2026-10-01|Leandro Lopez,2026-10-01,Rangers,Leandro Lopez,FALSE
2026-10-01|Michel Otanez,2026-10-01,Rangers,Michel Otanez,FALSE
2026-10-01|Tyler Alexander,2026-10-01,Rangers,Tyler Alexander,FALSE
2026-10-01|Jakob Junis,2026-10-01,Rangers,Jakob Junis,FALSE
2026-10-01|Adam Macko,2026-10-01,Rangers,Adam Macko,FALSE
2026-10-01|Trevor Williams,2026-10-01,Rangers,Trevor Williams,FALSE
2026-10-01|Jordan Montgomery,2026-10-01,Rangers,Jordan Montgomery,FALSE
2026-10-01|Winston Santos,2026-10-01,Rangers,Winston Santos,FALSE
2026-10-01|Louis Varland,2026-10-01,Blue Jays,Louis Varland,FALSE
2026-10-01|Tyler Rogers,2026-10-01,Blue Jays,Tyler Rogers,FALSE
2026-10-01|Jose Rodriguez,2026-10-01,Blue Jays,Jose Rodriguez,FALSE
2026-10-01|Paul Sewald,2026-10-01,Blue Jays,Paul Sewald,FALSE
2026-10-01|Ricky Tiedemann,2026-10-01,Blue Jays,Ricky Tiedemann,FALSE
2026-10-01|Brendon Little,2026-10-01,Blue Jays,Brendon Little,FALSE
2026-10-01|Brendan Cellucci,2026-10-01,Blue Jays,Brendan Cellucci,FALSE
2026-10-01|Chase Lee,2026-10-01,Blue Jays,Chase Lee,FALSE
2026-10-01|Devereaux Harrison,2026-10-01,Blue Jays,Devereaux Harrison,FALSE
2026-10-01|Spencer Miles,2026-10-01,Blue Jays,Spencer Miles,FALSE
2026-10-01|Braydon Fisher,2026-10-01,Blue Jays,Braydon Fisher,FALSE
2026-10-01|Mason Fluharty,2026-10-01,Blue Jays,Mason Fluharty,FALSE
2026-10-01|Chad Dallas,2026-10-01,Blue Jays,Chad Dallas,FALSE
2026-10-01|CJ Van Eyk,2026-10-01,Blue Jays,CJ Van Eyk,FALSE
2026-10-01|John Klein,2026-10-01,Blue Jays,John Klein,FALSE
2026-10-01|Erik Tolman,2026-10-01,Nationals,Erik Tolman,FALSE
2026-10-01|Jack Sinclair,2026-10-01,Nationals,Jack Sinclair,FALSE
2026-10-01|Yovanny Cruz,2026-10-01,Nationals,Yovanny Cruz,FALSE
2026-10-01|Clayton Beeter,2026-10-01,Nationals,Clayton Beeter,FALSE
2026-10-01|Orlando Ribalta,2026-10-01,Nationals,Orlando Ribalta,FALSE
2026-10-01|Gus Varland,2026-10-01,Nationals,Gus Varland,FALSE
2026-10-01|Jake Bird,2026-10-01,Nationals,Jake Bird,FALSE
2026-10-01|Luis Perales,2026-10-01,Nationals,Luis Perales,FALSE
2026-10-01|Josiah Gray,2026-10-01,Nationals,Josiah Gray,FALSE
2026-10-01|Zak Kent,2026-10-01,Nationals,Zak Kent,FALSE
2026-10-01|Kyle Nicolas,2026-10-01,Nationals,Kyle Nicolas,FALSE
2026-10-01|Brad Lord,2026-10-01,Nationals,Brad Lord,FALSE
2026-10-01|Will Dion,2026-10-01,Nationals,Will Dion,FALSE
2026-10-01|Riley Cornelio,2026-10-01,Nationals,Riley Cornelio,FALSE
2026-10-01|Richard Lovelady,2026-10-01,Nationals,Richard Lovelady,FALSE
2026-10-01|Paxton Schultz,2026-10-01,Nationals,Paxton Schultz,FALSE
2026-10-01|Eddy Yean,2026-10-01,Nationals,Eddy Yean,FALSE
2026-10-01|DJ Herz,2026-10-01,Nationals,DJ Herz,FALSE
2026-10-01|Jared Simpson,2026-10-01,Nationals,Jared Simpson,FALSE
2026-10-02|Jonathan Loaisiga,2026-10-02,Diamondbacks,Jonathan Loaisiga,FALSE
2026-10-02|Brandyn Garcia,2026-10-02,Diamondbacks,Brandyn Garcia,FALSE
2026-10-02|Justin Martinez,2026-10-02,Diamondbacks,Justin Martinez,FALSE
2026-10-02|Juan Morillo,2026-10-02,Diamondbacks,Juan Morillo,FALSE
2026-10-02|Kevin Ginkel,2026-10-02,Diamondbacks,Kevin Ginkel,FALSE
2026-10-02|Dennis Santana,2026-10-02,Diamondbacks,Dennis Santana,FALSE
2026-10-02|Gerardo Carrillo,2026-10-02,Diamondbacks,Gerardo Carrillo,FALSE
2026-10-02|Blake Walston,2026-10-02,Diamondbacks,Blake Walston,FALSE
2026-10-02|Drey Jameson,2026-10-02,Diamondbacks,Drey Jameson,FALSE
2026-10-02|Kade Strowd,2026-10-02,Diamondbacks,Kade Strowd,FALSE
2026-10-02|Juan Burgos,2026-10-02,Diamondbacks,Juan Burgos,FALSE
2026-10-02|Dylan Ray,2026-10-02,Diamondbacks,Dylan Ray,FALSE
2026-10-02|Taylor Clarke,2026-10-02,Diamondbacks,Taylor Clarke,FALSE
2026-10-02|Corbin Burnes,2026-10-02,Diamondbacks,Corbin Burnes,FALSE
2026-10-02|Elvis Alvarado,2026-10-02,Athletics,Elvis Alvarado,FALSE
2026-10-02|Hogan Harris,2026-10-02,Athletics,Hogan Harris,FALSE
2026-10-02|Scott Blewett,2026-10-02,Athletics,Scott Blewett,FALSE
2026-10-02|Geoff Hartlieb,2026-10-02,Athletics,Geoff Hartlieb,FALSE
2026-10-02|Chris Roycroft,2026-10-02,Athletics,Chris Roycroft,FALSE
2026-10-02|Drew Rom,2026-10-02,Athletics,Drew Rom,FALSE
2026-10-02|Yunior Tur,2026-10-02,Athletics,Yunior Tur,FALSE
2026-10-02|Hunter Bigge,2026-10-02,Athletics,Hunter Bigge,FALSE
2026-10-02|Hayden Juenger,2026-10-02,Athletics,Hayden Juenger,FALSE
2026-10-02|Braden Nett,2026-10-02,Athletics,Braden Nett,FALSE
2026-10-02|Henry Baez,2026-10-02,Athletics,Henry Baez,FALSE
2026-10-02|Jack Perkins,2026-10-02,Athletics,Jack Perkins,FALSE
2026-10-02|Luis Medina,2026-10-02,Athletics,Luis Medina,FALSE
2026-10-02|Mason Barnett,2026-10-02,Athletics,Mason Barnett,FALSE
2026-10-02|Brady Basso,2026-10-02,Athletics,Brady Basso,FALSE
2026-10-02|Seth Johnson,2026-10-02,Athletics,Seth Johnson,FALSE
2026-10-02|Kade Morris,2026-10-02,Athletics,Kade Morris,FALSE
2026-10-02|Luis Morales,2026-10-02,Athletics,Luis Morales,FALSE
2026-10-02|Joe Rock,2026-10-02,Athletics,Joe Rock,FALSE
2026-10-02|Joey Estes,2026-10-02,Athletics,Joey Estes,FALSE
2026-10-02|Raisel Iglesias,2026-10-02,Braves,Raisel Iglesias,FALSE
2026-10-02|Dylan Lee,2026-10-02,Braves,Dylan Lee,FALSE
2026-10-02|Victor Mederos,2026-10-02,Braves,Victor Mederos,FALSE
2026-10-02|Dylan Dodd,2026-10-02,Braves,Dylan Dodd,FALSE
2026-10-02|Robert Suarez,2026-10-02,Braves,Robert Suarez,FALSE
2026-10-02|Brent Suter,2026-10-02,Braves,Brent Suter,FALSE
2026-10-02|Didier Fuentes,2026-10-02,Braves,Didier Fuentes,FALSE
2026-10-02|Ray Kerr,2026-10-02,Braves,Ray Kerr,FALSE
2026-10-02|Rico Garcia,2026-10-02,Orioles,Rico Garcia,FALSE
2026-10-02|Anthony Nunez,2026-10-02,Orioles,Anthony Nunez,FALSE
2026-10-02|Grant Wolfram,2026-10-02,Orioles,Grant Wolfram,FALSE
2026-10-02|Josh Walker,2026-10-02,Orioles,Josh Walker,FALSE
2026-10-02|Luis De Leon,2026-10-02,Orioles,Luis De Leon,FALSE
2026-10-02|Yennier Cano,2026-10-02,Orioles,Yennier Cano,FALSE
2026-10-02|Andrew Kittredge,2026-10-02,Orioles,Andrew Kittredge,FALSE
2026-10-02|Alex Hoppe,2026-10-02,Orioles,Alex Hoppe,FALSE
2026-10-02|Cam Sanders,2026-10-02,Orioles,Cam Sanders,FALSE
2026-10-02|Felix Bautista,2026-10-02,Orioles,Felix Bautista,FALSE
2026-10-02|Yaramil Hiraldo,2026-10-02,Orioles,Yaramil Hiraldo,FALSE
2026-10-02|Codi Heuer,2026-10-02,Orioles,Codi Heuer,FALSE
2026-10-02|Cameron Foster,2026-10-02,Orioles,Cameron Foster,FALSE
2026-10-02|Yosver Zulueta,2026-10-02,Orioles,Yosver Zulueta,FALSE
2026-10-02|Albert Suarez,2026-10-02,Orioles,Albert Suarez,FALSE
2026-10-02|Aroldis Chapman,2026-10-02,Red Sox,Aroldis Chapman,FALSE
2026-10-02|Garrett Whitlock,2026-10-02,Red Sox,Garrett Whitlock,FALSE
2026-10-02|Greg Weissert,2026-10-02,Red Sox,Greg Weissert,FALSE
2026-10-02|Wyatt Olds,2026-10-02,Red Sox,Wyatt Olds,FALSE
2026-10-02|Brayan Bello,2026-10-02,Red Sox,Brayan Bello,FALSE
2026-10-02|Erik Miller,2026-10-02,Red Sox,Erik Miller,FALSE
2026-10-02|Alec Gamboa,2026-10-02,Red Sox,Alec Gamboa,FALSE
2026-10-02|Ryan Zeferjahn,2026-10-02,Cubs,Ryan Zeferjahn,FALSE
2026-10-02|Daniel Palencia,2026-10-02,Cubs,Daniel Palencia,FALSE
2026-10-02|Jacob Webb,2026-10-02,Cubs,Jacob Webb,FALSE
2026-10-02|Aaron Civale,2026-10-02,Cubs,Aaron Civale,FALSE
2026-10-02|Javier Assad,2026-10-02,Cubs,Javier Assad,FALSE
2026-10-02|Ryan Rolison,2026-10-02,Cubs,Ryan Rolison,FALSE
2026-10-02|Grant Taylor,2026-10-02,White Sox,Grant Taylor,FALSE
2026-10-02|Erick Fedde,2026-10-02,White Sox,Erick Fedde,FALSE
2026-10-02|Sean Newcomb,2026-10-02,White Sox,Sean Newcomb,FALSE
2026-10-02|Bryan Hudson,2026-10-02,White Sox,Bryan Hudson,FALSE
2026-10-02|Huascar Brazoban,2026-10-02,White Sox,Huascar Brazoban,FALSE
2026-10-02|Jordan Hicks,2026-10-02,White Sox,Jordan Hicks,FALSE
2026-10-02|Hagen Smith,2026-10-02,White Sox,Hagen Smith,FALSE
2026-10-02|Emilio Pagan,2026-10-02,Reds,Emilio Pagan,FALSE
2026-10-02|Brock Burke,2026-10-02,Reds,Brock Burke,FALSE
2026-10-02|Tejay Antone,2026-10-02,Reds,Tejay Antone,FALSE
2026-10-02|Luis Mey,2026-10-02,Reds,Luis Mey,FALSE
2026-10-02|Pierce Johnson,2026-10-02,Reds,Pierce Johnson,FALSE
2026-10-02|Graham Ashcraft,2026-10-02,Reds,Graham Ashcraft,FALSE
2026-10-02|Tony Santillan,2026-10-02,Reds,Tony Santillan,FALSE
2026-10-02|Julian Garcia,2026-10-02,Reds,Julian Garcia,FALSE
2026-10-02|Connor Phillips,2026-10-02,Reds,Connor Phillips,FALSE
2026-10-02|Zach McCambley,2026-10-02,Reds,Zach McCambley,FALSE
2026-10-02|Zach Maxwell,2026-10-02,Reds,Zach Maxwell,FALSE
2026-10-02|Chase Petty,2026-10-02,Reds,Chase Petty,FALSE
2026-10-02|Jose Franco,2026-10-02,Reds,Jose Franco,FALSE
2026-10-02|Carson Spiers,2026-10-02,Reds,Carson Spiers,FALSE
2026-10-02|Chase Solesky,2026-10-02,Reds,Chase Solesky,FALSE
2026-10-02|Cade Smith,2026-10-02,Guardians,Cade Smith,FALSE
2026-10-02|Erik Sabrowski,2026-10-02,Guardians,Erik Sabrowski,FALSE
2026-10-02|Hunter Gaddis,2026-10-02,Guardians,Hunter Gaddis,FALSE
2026-10-02|Shawn Armstrong,2026-10-02,Guardians,Shawn Armstrong,FALSE
2026-10-02|Tim Herrin,2026-10-02,Guardians,Tim Herrin,FALSE
2026-10-02|Matt Festa,2026-10-02,Guardians,Matt Festa,FALSE
2026-10-02|Colin Holderman,2026-10-02,Guardians,Colin Holderman,FALSE
2026-10-02|Franco Aleman,2026-10-02,Guardians,Franco Aleman,FALSE
2026-10-02|Andrew Walters,2026-10-02,Guardians,Andrew Walters,FALSE
2026-10-02|Yorman Gomez,2026-10-02,Guardians,Yorman Gomez,FALSE
2026-10-02|Logan Allen,2026-10-02,Guardians,Logan Allen,FALSE
2026-10-02|Daniel Espino,2026-10-02,Guardians,Daniel Espino,FALSE
2026-10-02|Austin Peterson,2026-10-02,Guardians,Austin Peterson,FALSE
2026-10-02|Jordan Romano,2026-10-02,Rockies,Jordan Romano,FALSE
2026-10-02|Jaden Hill,2026-10-02,Rockies,Jaden Hill,FALSE
2026-10-02|Nick Frasso,2026-10-02,Rockies,Nick Frasso,FALSE
2026-10-02|Mark Manfredi,2026-10-02,Rockies,Mark Manfredi,FALSE
2026-10-02|Blas Castano,2026-10-02,Rockies,Blas Castano,FALSE
2026-10-02|TJ Shook,2026-10-02,Rockies,TJ Shook,FALSE
2026-10-02|Jeff Criswell,2026-10-02,Rockies,Jeff Criswell,FALSE
2026-10-02|Blake Adams,2026-10-02,Rockies,Blake Adams,FALSE
2026-10-02|Hayden Harris,2026-10-02,Rockies,Hayden Harris,FALSE
2026-10-02|Zach Agnos,2026-10-02,Rockies,Zach Agnos,FALSE
2026-10-02|Juan Mejia,2026-10-02,Rockies,Juan Mejia,FALSE
2026-10-02|Brennan Bernardino,2026-10-02,Rockies,Brennan Bernardino,FALSE
2026-10-02|Jimmy Herget,2026-10-02,Rockies,Jimmy Herget,FALSE
2026-10-02|Eiberson Castellano,2026-10-02,Rockies,Eiberson Castellano,FALSE
2026-10-02|Kenley Jansen,2026-10-02,Tigers,Kenley Jansen,FALSE
2026-10-02|Drew Sommers,2026-10-02,Tigers,Drew Sommers,FALSE
2026-10-02|Tyler Kinley,2026-10-02,Tigers,Tyler Kinley,FALSE
2026-10-02|Brant Hurter,2026-10-02,Tigers,Brant Hurter,FALSE
2026-10-02|Kyle Finnegan,2026-10-02,Tigers,Kyle Finnegan,FALSE
2026-10-02|Beau Brieske,2026-10-02,Tigers,Beau Brieske,FALSE
2026-10-02|Enmanuel De Jesus,2026-10-02,Tigers,Enmanuel De Jesus,FALSE
2026-10-02|Yilber Diaz,2026-10-02,Tigers,Yilber Diaz,FALSE
2026-10-02|Jake Miller,2026-10-02,Tigers,Jake Miller,FALSE
2026-10-02|Sawyer Gipson-Long,2026-10-02,Tigers,Sawyer Gipson-Long,FALSE
2026-10-02|Drew Anderson,2026-10-02,Tigers,Drew Anderson,FALSE
2026-10-02|Tyler Holton,2026-10-02,Tigers,Tyler Holton,FALSE
2026-10-02|Jacob Waguespack,2026-10-02,Tigers,Jacob Waguespack,FALSE
2026-10-02|Ty Madden,2026-10-02,Tigers,Ty Madden,FALSE
2026-10-02|Brenan Hanifee,2026-10-02,Tigers,Brenan Hanifee,FALSE
2026-10-02|Andrew Sears,2026-10-02,Tigers,Andrew Sears,FALSE
2026-10-02|Justin Verlander,2026-10-02,Tigers,Justin Verlander,FALSE
2026-10-02|River Ryan,2026-10-02,Tigers,River Ryan,FALSE
2026-10-02|Josh Hader,2026-10-02,Astros,Josh Hader,FALSE
2026-10-02|AJ Blubaugh,2026-10-02,Astros,AJ Blubaugh,FALSE
2026-10-02|Bryan Abreu,2026-10-02,Astros,Bryan Abreu,FALSE
2026-10-02|Logan VanWey,2026-10-02,Astros,Logan VanWey,FALSE
2026-10-02|Josh Hendrickson,2026-10-02,Astros,Josh Hendrickson,FALSE
2026-10-02|Bryan King,2026-10-02,Astros,Bryan King,FALSE
2026-10-02|Bennett Sousa,2026-10-02,Astros,Bennett Sousa,FALSE
2026-10-02|Miguel Ullola,2026-10-02,Astros,Miguel Ullola,FALSE
2026-10-02|Lucas Erceg,2026-10-02,Royals,Lucas Erceg,FALSE
2026-10-02|Nolan Hoffman,2026-10-02,Royals,Nolan Hoffman,FALSE
2026-10-02|Anthony Gose,2026-10-02,Royals,Anthony Gose,FALSE
2026-10-02|Connor Thomas,2026-10-02,Royals,Connor Thomas,FALSE
2026-10-02|Craig Kimbrel,2026-10-02,Royals,Craig Kimbrel,FALSE
2026-10-02|Jose Cuas,2026-10-02,Royals,Jose Cuas,FALSE
2026-10-02|Nate Pearson,2026-10-02,Royals,Nate Pearson,FALSE
2026-10-02|Alex Lange,2026-10-02,Royals,Alex Lange,FALSE
2026-10-02|Spencer Bivens,2026-10-02,Royals,Spencer Bivens,FALSE
2026-10-02|Easton McGee,2026-10-02,Royals,Easton McGee,FALSE
2026-10-02|Mason Black,2026-10-02,Royals,Mason Black,FALSE
2026-10-02|Carlos Duran,2026-10-02,Royals,Carlos Duran,FALSE
2026-10-02|Ben Kudrna,2026-10-02,Royals,Ben Kudrna,FALSE
2026-10-02|James McArthur,2026-10-02,Royals,James McArthur,FALSE
2026-10-02|Ryan Bergert,2026-10-02,Royals,Ryan Bergert,FALSE
2026-10-02|Steven Zobac,2026-10-02,Royals,Steven Zobac,FALSE
2026-10-02|Daniel Lynch,2026-10-02,Royals,Daniel Lynch,FALSE
2026-10-02|Beck Way,2026-10-02,Royals,Beck Way,FALSE
2026-10-02|Mitch Spence,2026-10-02,Royals,Mitch Spence,FALSE
2026-10-02|Tony Gonsolin,2026-10-02,Royals,Tony Gonsolin,FALSE
2026-10-02|Ben Joyce,2026-10-02,Angels,Ben Joyce,FALSE
2026-10-02|Tayler Saucedo,2026-10-02,Angels,Tayler Saucedo,FALSE
2026-10-02|Ryan Watson,2026-10-02,Angels,Ryan Watson,FALSE
2026-10-02|Blake Weiman,2026-10-02,Angels,Blake Weiman,FALSE
2026-10-02|Jose Fermin,2026-10-02,Angels,Jose Fermin,FALSE
2026-10-02|Luke Murphy,2026-10-02,Angels,Luke Murphy,FALSE
2026-10-02|Samy Natera,2026-10-02,Angels,Samy Natera,FALSE
2026-10-02|Mitch Farris,2026-10-02,Angels,Mitch Farris,FALSE
2026-10-02|Sam Bachman,2026-10-02,Angels,Sam Bachman,FALSE
2026-10-02|Trevor Martin,2026-10-02,Angels,Trevor Martin,FALSE
2026-10-02|Caden Dana,2026-10-02,Angels,Caden Dana,FALSE
2026-10-02|Sammy Peralta,2026-10-02,Angels,Sammy Peralta,FALSE
2026-10-02|Brett Kerry,2026-10-02,Angels,Brett Kerry,FALSE
2026-10-02|Tanner Scott,2026-10-02,Dodgers,Tanner Scott,FALSE
2026-10-02|Evan Phillips,2026-10-02,Dodgers,Evan Phillips,FALSE
2026-10-02|Alex Vesia,2026-10-02,Dodgers,Alex Vesia,FALSE
2026-10-02|Edwin Diaz,2026-10-02,Dodgers,Edwin Diaz,FALSE
2026-10-02|Ronan Kopp,2026-10-02,Dodgers,Ronan Kopp,FALSE
2026-10-02|Jack Dreyer,2026-10-02,Dodgers,Jack Dreyer,FALSE
2026-10-02|Edgardo Henriquez,2026-10-02,Dodgers,Edgardo Henriquez,FALSE
2026-10-02|Brock Stewart,2026-10-02,Dodgers,Brock Stewart,FALSE
2026-10-02|Bobby Miller,2026-10-02,Dodgers,Bobby Miller,FALSE
2026-10-02|Pete Fairbanks,2026-10-02,Marlins,Pete Fairbanks,FALSE
2026-10-02|Calvin Faucher,2026-10-02,Marlins,Calvin Faucher,FALSE
2026-10-02|Michael Petersen,2026-10-02,Marlins,Michael Petersen,FALSE
2026-10-02|Tyler Zuber,2026-10-02,Marlins,Tyler Zuber,FALSE
2026-10-02|Josh Ekness,2026-10-02,Marlins,Josh Ekness,FALSE
2026-10-02|Victor Vodnik,2026-10-02,Marlins,Victor Vodnik,FALSE
2026-10-02|Dax Fulton,2026-10-02,Marlins,Dax Fulton,FALSE
2026-10-02|Anthony Bender,2026-10-02,Marlins,Anthony Bender,FALSE
2026-10-02|Brandan Bidois,2026-10-02,Marlins,Brandan Bidois,FALSE
2026-10-02|Zach Brzykcy,2026-10-02,Marlins,Zach Brzykcy,FALSE
2026-10-02|Josh White,2026-10-02,Marlins,Josh White,FALSE
2026-10-02|Wikelman Gonzalez,2026-10-02,Marlins,Wikelman Gonzalez,FALSE
2026-10-02|Cade Gibson,2026-10-02,Marlins,Cade Gibson,FALSE
2026-10-02|Jack Ralston,2026-10-02,Marlins,Jack Ralston,FALSE
2026-10-02|Bradley Blalock,2026-10-02,Marlins,Bradley Blalock,FALSE
2026-10-02|Patrick Monteverde,2026-10-02,Marlins,Patrick Monteverde,FALSE
2026-10-02|Trevor Megill,2026-10-02,Brewers,Trevor Megill,FALSE
2026-10-02|Abner Uribe,2026-10-02,Brewers,Abner Uribe,FALSE
2026-10-02|JoJo Romero,2026-10-02,Brewers,JoJo Romero,FALSE
2026-10-02|Antonio Senzatela,2026-10-02,Brewers,Antonio Senzatela,FALSE
2026-10-02|Grant Anderson,2026-10-02,Brewers,Grant Anderson,FALSE
2026-10-02|Jared Koenig,2026-10-02,Brewers,Jared Koenig,FALSE
2026-10-02|Chad Patrick,2026-10-02,Brewers,Chad Patrick,FALSE
2026-10-02|Aaron Ashby,2026-10-02,Brewers,Aaron Ashby,FALSE
2026-10-02|DL Hall,2026-10-02,Brewers,DL Hall,FALSE
2026-10-02|Bryse Wilson,2026-10-02,Brewers,Bryse Wilson,FALSE
2026-10-02|Coleman Crow,2026-10-02,Brewers,Coleman Crow,FALSE
2026-10-02|Andrew Morris,2026-10-02,Twins,Andrew Morris,FALSE
2026-10-02|Jeff Hoffman,2026-10-02,Twins,Jeff Hoffman,FALSE
2026-10-02|A.J. Minter,2026-10-02,Twins,A.J. Minter,FALSE
2026-10-02|Kody Funderburk,2026-10-02,Twins,Kody Funderburk,FALSE
2026-10-02|Tommy Nance,2026-10-02,Twins,Tommy Nance,FALSE
2026-10-02|Yoendrys Gomez,2026-10-02,Twins,Yoendrys Gomez,FALSE
2026-10-02|Taylor Rogers,2026-10-02,Twins,Taylor Rogers,FALSE
2026-10-02|Travis Adams,2026-10-02,Twins,Travis Adams,FALSE
2026-10-02|Eric Orze,2026-10-02,Twins,Eric Orze,FALSE
2026-10-02|Garrett Acton,2026-10-02,Twins,Garrett Acton,FALSE
2026-10-02|Jack Anderson,2026-10-02,Twins,Jack Anderson,FALSE
2026-10-02|Kendry Rojas,2026-10-02,Twins,Kendry Rojas,FALSE
2026-10-02|Marco Raya,2026-10-02,Twins,Marco Raya,FALSE
2026-10-02|Kodai Senga,2026-10-02,Mets,Kodai Senga,FALSE
2026-10-02|Nate Lavender,2026-10-02,Mets,Nate Lavender,FALSE
2026-10-02|Dedniel Nunez,2026-10-02,Mets,Dedniel Nunez,FALSE
2026-10-02|Jonathan Pintaro,2026-10-02,Mets,Jonathan Pintaro,FALSE
2026-10-02|Devin Williams,2026-10-02,Mets,Devin Williams,FALSE
2026-10-02|Philip Abner,2026-10-02,Mets,Philip Abner,FALSE
2026-10-02|Jack Weisenburger,2026-10-02,Mets,Jack Weisenburger,FALSE
2026-10-02|Daniel Duarte,2026-10-02,Mets,Daniel Duarte,FALSE
2026-10-02|Chayce McDermott,2026-10-02,Mets,Chayce McDermott,FALSE
2026-10-02|Cameron Weston,2026-10-02,Mets,Cameron Weston,FALSE
2026-10-02|Dylan Ross,2026-10-02,Mets,Dylan Ross,FALSE
2026-10-02|Tobias Myers,2026-10-02,Mets,Tobias Myers,FALSE
2026-10-02|Austin Warren,2026-10-02,Mets,Austin Warren,FALSE
2026-10-02|Cionel Perez,2026-10-02,Mets,Cionel Perez,FALSE
2026-10-02|Jonah Tong,2026-10-02,Mets,Jonah Tong,FALSE
2026-10-02|Jefry Yan,2026-10-02,Mets,Jefry Yan,FALSE
2026-10-02|Justin Hagenman,2026-10-02,Mets,Justin Hagenman,FALSE
2026-10-02|David Bednar,2026-10-02,Yankees,David Bednar,FALSE
2026-10-02|Brent Headrick,2026-10-02,Yankees,Brent Headrick,FALSE
2026-10-02|John Schreiber,2026-10-02,Yankees,John Schreiber,FALSE
2026-10-02|Paul Blackburn,2026-10-02,Yankees,Paul Blackburn,FALSE
2026-10-02|Ryan Yarbrough,2026-10-02,Yankees,Ryan Yarbrough,FALSE
2026-10-02|Jhoan Duran,2026-10-02,Phillies,Jhoan Duran,FALSE
2026-10-02|Alex McFarlane,2026-10-02,Phillies,Alex McFarlane,FALSE
2026-10-02|Jose Alvarado,2026-10-02,Phillies,Jose Alvarado,FALSE
2026-10-02|Jonathan Bowlan,2026-10-02,Phillies,Jonathan Bowlan,FALSE
2026-10-02|Chase Shugart,2026-10-02,Phillies,Chase Shugart,FALSE
2026-10-02|Tim Mayza,2026-10-02,Phillies,Tim Mayza,FALSE
2026-10-02|Tanner Banks,2026-10-02,Phillies,Tanner Banks,FALSE
2026-10-02|Mason Montgomery,2026-10-02,Pirates,Mason Montgomery,FALSE
2026-10-02|Luke Weaver,2026-10-02,Pirates,Luke Weaver,FALSE
2026-10-02|Gregory Soto,2026-10-02,Pirates,Gregory Soto,FALSE
2026-10-02|Evan Sisk,2026-10-02,Pirates,Evan Sisk,FALSE
2026-10-02|Isaac Mattson,2026-10-02,Pirates,Isaac Mattson,FALSE
2026-10-02|Noah Murdock,2026-10-02,Pirates,Noah Murdock,FALSE
2026-10-02|Thomas Harrington,2026-10-02,Pirates,Thomas Harrington,FALSE
2026-10-02|Carmen Mlodzinski,2026-10-02,Pirates,Carmen Mlodzinski,FALSE
2026-10-02|Lake Bachar,2026-10-02,Pirates,Lake Bachar,FALSE
2026-10-02|Yohan Ramirez,2026-10-02,Pirates,Yohan Ramirez,FALSE
2026-10-02|Brandon Eisert,2026-10-02,Pirates,Brandon Eisert,FALSE
2026-10-02|Kirby Yates,2026-10-02,Pirates,Kirby Yates,FALSE
2026-10-02|Wilber Dotel,2026-10-02,Pirates,Wilber Dotel,FALSE
2026-10-02|Khristian Curtis,2026-10-02,Pirates,Khristian Curtis,FALSE
2026-10-02|Antwone Kelly,2026-10-02,Pirates,Antwone Kelly,FALSE
2026-10-02|Hunter Barco,2026-10-02,Pirates,Hunter Barco,FALSE
2026-10-02|Mason Miller,2026-10-02,Padres,Mason Miller,FALSE
2026-10-02|Adrian Morejon,2026-10-02,Padres,Adrian Morejon,FALSE
2026-10-02|Yuki Matsui,2026-10-02,Padres,Yuki Matsui,FALSE
2026-10-02|David Morgan,2026-10-02,Padres,David Morgan,FALSE
2026-10-02|Jason Adam,2026-10-02,Padres,Jason Adam,FALSE
2026-10-02|Joe Musgrove,2026-10-02,Padres,Joe Musgrove,FALSE
2026-10-02|Bradgley Rodriguez,2026-10-02,Padres,Bradgley Rodriguez,FALSE
2026-10-02|Trent Harris,2026-10-02,Giants,Trent Harris,FALSE
2026-10-02|Camilo Doval,2026-10-02,Giants,Camilo Doval,FALSE
2026-10-02|Reiver Sanmartin,2026-10-02,Giants,Reiver Sanmartin,FALSE
2026-10-02|Sam Hentges,2026-10-02,Giants,Sam Hentges,FALSE
2026-10-02|Seth Lonsway,2026-10-02,Giants,Seth Lonsway,FALSE
2026-10-02|Joel Kuhnel,2026-10-02,Giants,Joel Kuhnel,FALSE
2026-10-02|Dylan Smith,2026-10-02,Giants,Dylan Smith,FALSE
2026-10-02|Jason Foley,2026-10-02,Giants,Jason Foley,FALSE
2026-10-02|Duncan Davitt,2026-10-02,Giants,Duncan Davitt,FALSE
2026-10-02|Tristan Beck,2026-10-02,Giants,Tristan Beck,FALSE
2026-10-02|Ryan Walker,2026-10-02,Giants,Ryan Walker,FALSE
2026-10-02|Braxton Roxby,2026-10-02,Giants,Braxton Roxby,FALSE
2026-10-02|Miguel Mendez,2026-10-02,Giants,Miguel Mendez,FALSE
2026-10-02|JT Brubaker,2026-10-02,Giants,JT Brubaker,FALSE
2026-10-02|Carson Seymour,2026-10-02,Giants,Carson Seymour,FALSE
2026-10-02|Cesar Perdomo,2026-10-02,Giants,Cesar Perdomo,FALSE
2026-10-02|Yunior Marte,2026-10-02,Giants,Yunior Marte,FALSE
2026-10-02|Andres Munoz,2026-10-02,Mariners,Andres Munoz,FALSE
2026-10-02|Gabe Speier,2026-10-02,Mariners,Gabe Speier,FALSE
2026-10-02|Seranthony Dominguez,2026-10-02,Mariners,Seranthony Dominguez,FALSE
2026-10-02|Carlos Vargas,2026-10-02,Mariners,Carlos Vargas,FALSE
2026-10-02|Hoby Milner,2026-10-02,Mariners,Hoby Milner,FALSE
2026-10-02|Jose A. Ferrer,2026-10-02,Mariners,Jose A. Ferrer,FALSE
2026-10-02|Eduard Bazardo,2026-10-02,Mariners,Eduard Bazardo,FALSE
2026-10-02|Cooper Criswell,2026-10-02,Mariners,Cooper Criswell,FALSE
2026-10-02|Michael Rucker,2026-10-02,Mariners,Michael Rucker,FALSE
2026-10-02|Cole Wilcox,2026-10-02,Mariners,Cole Wilcox,FALSE
2026-10-02|Troy Taylor,2026-10-02,Mariners,Troy Taylor,FALSE
2026-10-02|Josh Simpson,2026-10-02,Mariners,Josh Simpson,FALSE
2026-10-02|Robinson Ortiz,2026-10-02,Mariners,Robinson Ortiz,FALSE
2026-10-02|Troy Watson,2026-10-02,Mariners,Troy Watson,FALSE
2026-10-02|Riley O'Brien,2026-10-02,Cardinals,Riley O'Brien,FALSE
2026-10-02|Justin Bruihl,2026-10-02,Cardinals,Justin Bruihl,FALSE
2026-10-02|Ryne Stanek,2026-10-02,Cardinals,Ryne Stanek,FALSE
2026-10-02|George Soriano,2026-10-02,Cardinals,George Soriano,FALSE
2026-10-02|Luis Gastelum,2026-10-02,Cardinals,Luis Gastelum,FALSE
2026-10-02|Cade Winquest,2026-10-02,Cardinals,Cade Winquest,FALSE
2026-10-02|Ryan Fernandez,2026-10-02,Cardinals,Ryan Fernandez,FALSE
2026-10-02|Hancel Rincon,2026-10-02,Cardinals,Hancel Rincon,FALSE
2026-10-02|Chase Hampton,2026-10-02,Cardinals,Chase Hampton,FALSE
2026-10-02|Richard Fitts,2026-10-02,Cardinals,Richard Fitts,FALSE
2026-10-02|Tekoah Roby,2026-10-02,Cardinals,Tekoah Roby,FALSE
2026-10-02|Gordon Graceffo,2026-10-02,Cardinals,Gordon Graceffo,FALSE
2026-10-02|Matt Svanson,2026-10-02,Cardinals,Matt Svanson,FALSE
2026-10-02|Brycen Mautz,2026-10-02,Cardinals,Brycen Mautz,FALSE
2026-10-02|Cooper Hjerpe,2026-10-02,Cardinals,Cooper Hjerpe,FALSE
2026-10-02|Bryan Baker,2026-10-02,Rays,Bryan Baker,FALSE
2026-10-02|Cam Booser,2026-10-02,Rays,Cam Booser,FALSE
2026-10-02|Kevin Kelly,2026-10-02,Rays,Kevin Kelly,FALSE
2026-10-02|Tyler Wells,2026-10-02,Rays,Tyler Wells,FALSE
2026-10-02|Brody Hopkins,2026-10-02,Rays,Brody Hopkins,FALSE
2026-10-02|Garrett Cleavinger,2026-10-02,Rays,Garrett Cleavinger,FALSE
2026-10-02|Manuel Rodriguez,2026-10-02,Rays,Manuel Rodriguez,FALSE
2026-10-02|Ian Seymour,2026-10-02,Rays,Ian Seymour,FALSE
2026-10-02|Steven Matz,2026-10-02,Rays,Steven Matz,FALSE
2026-10-02|Casey Legumina,2026-10-02,Rays,Casey Legumina,FALSE
2026-10-02|Cole Sulser,2026-10-02,Rays,Cole Sulser,FALSE
2026-10-02|Jesse Scholtens,2026-10-02,Rays,Jesse Scholtens,FALSE
2026-10-02|Joe Boyle,2026-10-02,Rays,Joe Boyle,FALSE
2026-10-02|Jacob Latz,2026-10-02,Rangers,Jacob Latz,FALSE
2026-10-02|Chase Silseth,2026-10-02,Rangers,Chase Silseth,FALSE
2026-10-02|Robert Garcia,2026-10-02,Rangers,Robert Garcia,FALSE
2026-10-02|Robby Ahlstrom,2026-10-02,Rangers,Robby Ahlstrom,FALSE
2026-10-02|Peyton Gray,2026-10-02,Rangers,Peyton Gray,FALSE
2026-10-02|Gavin Collyer,2026-10-02,Rangers,Gavin Collyer,FALSE
2026-10-02|Ben Peoples,2026-10-02,Rangers,Ben Peoples,FALSE
2026-10-02|Emiliano Teodo,2026-10-02,Rangers,Emiliano Teodo,FALSE
2026-10-02|David Davalillo,2026-10-02,Rangers,David Davalillo,FALSE
2026-10-02|Leandro Lopez,2026-10-02,Rangers,Leandro Lopez,FALSE
2026-10-02|Michel Otanez,2026-10-02,Rangers,Michel Otanez,FALSE
2026-10-02|Tyler Alexander,2026-10-02,Rangers,Tyler Alexander,FALSE
2026-10-02|Jakob Junis,2026-10-02,Rangers,Jakob Junis,FALSE
2026-10-02|Adam Macko,2026-10-02,Rangers,Adam Macko,FALSE
2026-10-02|Trevor Williams,2026-10-02,Rangers,Trevor Williams,FALSE
2026-10-02|Jordan Montgomery,2026-10-02,Rangers,Jordan Montgomery,FALSE
2026-10-02|Winston Santos,2026-10-02,Rangers,Winston Santos,FALSE
2026-10-02|Louis Varland,2026-10-02,Blue Jays,Louis Varland,FALSE
2026-10-02|Tyler Rogers,2026-10-02,Blue Jays,Tyler Rogers,FALSE
2026-10-02|Jose Rodriguez,2026-10-02,Blue Jays,Jose Rodriguez,FALSE
2026-10-02|Paul Sewald,2026-10-02,Blue Jays,Paul Sewald,FALSE
2026-10-02|Ricky Tiedemann,2026-10-02,Blue Jays,Ricky Tiedemann,FALSE
2026-10-02|Brendon Little,2026-10-02,Blue Jays,Brendon Little,FALSE
2026-10-02|Brendan Cellucci,2026-10-02,Blue Jays,Brendan Cellucci,FALSE
2026-10-02|Chase Lee,2026-10-02,Blue Jays,Chase Lee,FALSE
2026-10-02|Devereaux Harrison,2026-10-02,Blue Jays,Devereaux Harrison,FALSE
2026-10-02|Spencer Miles,2026-10-02,Blue Jays,Spencer Miles,FALSE
2026-10-02|Braydon Fisher,2026-10-02,Blue Jays,Braydon Fisher,FALSE
2026-10-02|Mason Fluharty,2026-10-02,Blue Jays,Mason Fluharty,FALSE
2026-10-02|Chad Dallas,2026-10-02,Blue Jays,Chad Dallas,FALSE
2026-10-02|CJ Van Eyk,2026-10-02,Blue Jays,CJ Van Eyk,FALSE
2026-10-02|John Klein,2026-10-02,Blue Jays,John Klein,FALSE
2026-10-02|Erik Tolman,2026-10-02,Nationals,Erik Tolman,FALSE
2026-10-02|Jack Sinclair,2026-10-02,Nationals,Jack Sinclair,FALSE
2026-10-02|Yovanny Cruz,2026-10-02,Nationals,Yovanny Cruz,FALSE
2026-10-02|Clayton Beeter,2026-10-02,Nationals,Clayton Beeter,FALSE
2026-10-02|Orlando Ribalta,2026-10-02,Nationals,Orlando Ribalta,FALSE
2026-10-02|Gus Varland,2026-10-02,Nationals,Gus Varland,FALSE
2026-10-02|Jake Bird,2026-10-02,Nationals,Jake Bird,FALSE
2026-10-02|Luis Perales,2026-10-02,Nationals,Luis Perales,FALSE
2026-10-02|Josiah Gray,2026-10-02,Nationals,Josiah Gray,FALSE
2026-10-02|Zak Kent,2026-10-02,Nationals,Zak Kent,FALSE
2026-10-02|Kyle Nicolas,2026-10-02,Nationals,Kyle Nicolas,FALSE
2026-10-02|Brad Lord,2026-10-02,Nationals,Brad Lord,FALSE
2026-10-02|Will Dion,2026-10-02,Nationals,Will Dion,FALSE
2026-10-02|Riley Cornelio,2026-10-02,Nationals,Riley Cornelio,FALSE
2026-10-02|Richard Lovelady,2026-10-02,Nationals,Richard Lovelady,FALSE
2026-10-02|Paxton Schultz,2026-10-02,Nationals,Paxton Schultz,FALSE
2026-10-02|Eddy Yean,2026-10-02,Nationals,Eddy Yean,FALSE
2026-10-02|DJ Herz,2026-10-02,Nationals,DJ Herz,FALSE
2026-10-02|Jared Simpson,2026-10-02,Nationals,Jared Simpson,FALSE
2026-10-03|Jonathan Loaisiga,2026-10-03,Diamondbacks,Jonathan Loaisiga,FALSE
2026-10-03|Brandyn Garcia,2026-10-03,Diamondbacks,Brandyn Garcia,FALSE
2026-10-03|Justin Martinez,2026-10-03,Diamondbacks,Justin Martinez,FALSE
2026-10-03|Juan Morillo,2026-10-03,Diamondbacks,Juan Morillo,FALSE
2026-10-03|Kevin Ginkel,2026-10-03,Diamondbacks,Kevin Ginkel,FALSE
2026-10-03|Dennis Santana,2026-10-03,Diamondbacks,Dennis Santana,FALSE
2026-10-03|Gerardo Carrillo,2026-10-03,Diamondbacks,Gerardo Carrillo,FALSE
2026-10-03|Blake Walston,2026-10-03,Diamondbacks,Blake Walston,FALSE
2026-10-03|Drey Jameson,2026-10-03,Diamondbacks,Drey Jameson,FALSE
2026-10-03|Kade Strowd,2026-10-03,Diamondbacks,Kade Strowd,FALSE
2026-10-03|Juan Burgos,2026-10-03,Diamondbacks,Juan Burgos,FALSE
2026-10-03|Dylan Ray,2026-10-03,Diamondbacks,Dylan Ray,FALSE
2026-10-03|Taylor Clarke,2026-10-03,Diamondbacks,Taylor Clarke,FALSE
2026-10-03|Corbin Burnes,2026-10-03,Diamondbacks,Corbin Burnes,FALSE
2026-10-03|Elvis Alvarado,2026-10-03,Athletics,Elvis Alvarado,FALSE
2026-10-03|Hogan Harris,2026-10-03,Athletics,Hogan Harris,FALSE
2026-10-03|Scott Blewett,2026-10-03,Athletics,Scott Blewett,FALSE
2026-10-03|Geoff Hartlieb,2026-10-03,Athletics,Geoff Hartlieb,FALSE
2026-10-03|Chris Roycroft,2026-10-03,Athletics,Chris Roycroft,FALSE
2026-10-03|Drew Rom,2026-10-03,Athletics,Drew Rom,FALSE
2026-10-03|Yunior Tur,2026-10-03,Athletics,Yunior Tur,FALSE
2026-10-03|Hunter Bigge,2026-10-03,Athletics,Hunter Bigge,FALSE
2026-10-03|Hayden Juenger,2026-10-03,Athletics,Hayden Juenger,FALSE
2026-10-03|Braden Nett,2026-10-03,Athletics,Braden Nett,FALSE
2026-10-03|Henry Baez,2026-10-03,Athletics,Henry Baez,FALSE
2026-10-03|Jack Perkins,2026-10-03,Athletics,Jack Perkins,FALSE
2026-10-03|Luis Medina,2026-10-03,Athletics,Luis Medina,FALSE
2026-10-03|Mason Barnett,2026-10-03,Athletics,Mason Barnett,FALSE
2026-10-03|Brady Basso,2026-10-03,Athletics,Brady Basso,FALSE
2026-10-03|Seth Johnson,2026-10-03,Athletics,Seth Johnson,FALSE
2026-10-03|Kade Morris,2026-10-03,Athletics,Kade Morris,FALSE
2026-10-03|Luis Morales,2026-10-03,Athletics,Luis Morales,FALSE
2026-10-03|Joe Rock,2026-10-03,Athletics,Joe Rock,FALSE
2026-10-03|Joey Estes,2026-10-03,Athletics,Joey Estes,FALSE
2026-10-03|Raisel Iglesias,2026-10-03,Braves,Raisel Iglesias,FALSE
2026-10-03|Dylan Lee,2026-10-03,Braves,Dylan Lee,FALSE
2026-10-03|Victor Mederos,2026-10-03,Braves,Victor Mederos,FALSE
2026-10-03|Dylan Dodd,2026-10-03,Braves,Dylan Dodd,FALSE
2026-10-03|Robert Suarez,2026-10-03,Braves,Robert Suarez,FALSE
2026-10-03|Brent Suter,2026-10-03,Braves,Brent Suter,FALSE
2026-10-03|Didier Fuentes,2026-10-03,Braves,Didier Fuentes,FALSE
2026-10-03|Ray Kerr,2026-10-03,Braves,Ray Kerr,FALSE
2026-10-03|Rico Garcia,2026-10-03,Orioles,Rico Garcia,FALSE
2026-10-03|Anthony Nunez,2026-10-03,Orioles,Anthony Nunez,FALSE
2026-10-03|Grant Wolfram,2026-10-03,Orioles,Grant Wolfram,FALSE
2026-10-03|Josh Walker,2026-10-03,Orioles,Josh Walker,FALSE
2026-10-03|Luis De Leon,2026-10-03,Orioles,Luis De Leon,FALSE
2026-10-03|Yennier Cano,2026-10-03,Orioles,Yennier Cano,FALSE
2026-10-03|Andrew Kittredge,2026-10-03,Orioles,Andrew Kittredge,FALSE
2026-10-03|Alex Hoppe,2026-10-03,Orioles,Alex Hoppe,FALSE
2026-10-03|Cam Sanders,2026-10-03,Orioles,Cam Sanders,FALSE
2026-10-03|Felix Bautista,2026-10-03,Orioles,Felix Bautista,FALSE
2026-10-03|Yaramil Hiraldo,2026-10-03,Orioles,Yaramil Hiraldo,FALSE
2026-10-03|Codi Heuer,2026-10-03,Orioles,Codi Heuer,FALSE
2026-10-03|Cameron Foster,2026-10-03,Orioles,Cameron Foster,FALSE
2026-10-03|Yosver Zulueta,2026-10-03,Orioles,Yosver Zulueta,FALSE
2026-10-03|Albert Suarez,2026-10-03,Orioles,Albert Suarez,FALSE
2026-10-03|Aroldis Chapman,2026-10-03,Red Sox,Aroldis Chapman,FALSE
2026-10-03|Garrett Whitlock,2026-10-03,Red Sox,Garrett Whitlock,FALSE
2026-10-03|Greg Weissert,2026-10-03,Red Sox,Greg Weissert,FALSE
2026-10-03|Wyatt Olds,2026-10-03,Red Sox,Wyatt Olds,FALSE
2026-10-03|Brayan Bello,2026-10-03,Red Sox,Brayan Bello,FALSE
2026-10-03|Erik Miller,2026-10-03,Red Sox,Erik Miller,FALSE
2026-10-03|Alec Gamboa,2026-10-03,Red Sox,Alec Gamboa,FALSE
2026-10-03|Ryan Zeferjahn,2026-10-03,Cubs,Ryan Zeferjahn,FALSE
2026-10-03|Daniel Palencia,2026-10-03,Cubs,Daniel Palencia,FALSE
2026-10-03|Jacob Webb,2026-10-03,Cubs,Jacob Webb,FALSE
2026-10-03|Aaron Civale,2026-10-03,Cubs,Aaron Civale,FALSE
2026-10-03|Javier Assad,2026-10-03,Cubs,Javier Assad,FALSE
2026-10-03|Ryan Rolison,2026-10-03,Cubs,Ryan Rolison,FALSE
2026-10-03|Grant Taylor,2026-10-03,White Sox,Grant Taylor,FALSE
2026-10-03|Erick Fedde,2026-10-03,White Sox,Erick Fedde,FALSE
2026-10-03|Sean Newcomb,2026-10-03,White Sox,Sean Newcomb,FALSE
2026-10-03|Bryan Hudson,2026-10-03,White Sox,Bryan Hudson,FALSE
2026-10-03|Huascar Brazoban,2026-10-03,White Sox,Huascar Brazoban,FALSE
2026-10-03|Jordan Hicks,2026-10-03,White Sox,Jordan Hicks,FALSE
2026-10-03|Hagen Smith,2026-10-03,White Sox,Hagen Smith,FALSE
2026-10-03|Emilio Pagan,2026-10-03,Reds,Emilio Pagan,FALSE
2026-10-03|Brock Burke,2026-10-03,Reds,Brock Burke,FALSE
2026-10-03|Tejay Antone,2026-10-03,Reds,Tejay Antone,FALSE
2026-10-03|Luis Mey,2026-10-03,Reds,Luis Mey,FALSE
2026-10-03|Pierce Johnson,2026-10-03,Reds,Pierce Johnson,FALSE
2026-10-03|Graham Ashcraft,2026-10-03,Reds,Graham Ashcraft,FALSE
2026-10-03|Tony Santillan,2026-10-03,Reds,Tony Santillan,FALSE
2026-10-03|Julian Garcia,2026-10-03,Reds,Julian Garcia,FALSE
2026-10-03|Connor Phillips,2026-10-03,Reds,Connor Phillips,FALSE
2026-10-03|Zach McCambley,2026-10-03,Reds,Zach McCambley,FALSE
2026-10-03|Zach Maxwell,2026-10-03,Reds,Zach Maxwell,FALSE
2026-10-03|Chase Petty,2026-10-03,Reds,Chase Petty,FALSE
2026-10-03|Jose Franco,2026-10-03,Reds,Jose Franco,FALSE
2026-10-03|Carson Spiers,2026-10-03,Reds,Carson Spiers,FALSE
2026-10-03|Chase Solesky,2026-10-03,Reds,Chase Solesky,FALSE
2026-10-03|Cade Smith,2026-10-03,Guardians,Cade Smith,FALSE
2026-10-03|Erik Sabrowski,2026-10-03,Guardians,Erik Sabrowski,FALSE
2026-10-03|Hunter Gaddis,2026-10-03,Guardians,Hunter Gaddis,FALSE
2026-10-03|Shawn Armstrong,2026-10-03,Guardians,Shawn Armstrong,FALSE
2026-10-03|Tim Herrin,2026-10-03,Guardians,Tim Herrin,FALSE
2026-10-03|Matt Festa,2026-10-03,Guardians,Matt Festa,FALSE
2026-10-03|Colin Holderman,2026-10-03,Guardians,Colin Holderman,FALSE
2026-10-03|Franco Aleman,2026-10-03,Guardians,Franco Aleman,FALSE
2026-10-03|Andrew Walters,2026-10-03,Guardians,Andrew Walters,FALSE
2026-10-03|Yorman Gomez,2026-10-03,Guardians,Yorman Gomez,FALSE
2026-10-03|Logan Allen,2026-10-03,Guardians,Logan Allen,FALSE
2026-10-03|Daniel Espino,2026-10-03,Guardians,Daniel Espino,FALSE
2026-10-03|Austin Peterson,2026-10-03,Guardians,Austin Peterson,FALSE
2026-10-03|Jordan Romano,2026-10-03,Rockies,Jordan Romano,FALSE
2026-10-03|Jaden Hill,2026-10-03,Rockies,Jaden Hill,FALSE
2026-10-03|Nick Frasso,2026-10-03,Rockies,Nick Frasso,FALSE
2026-10-03|Mark Manfredi,2026-10-03,Rockies,Mark Manfredi,FALSE
2026-10-03|Blas Castano,2026-10-03,Rockies,Blas Castano,FALSE
2026-10-03|TJ Shook,2026-10-03,Rockies,TJ Shook,FALSE
2026-10-03|Jeff Criswell,2026-10-03,Rockies,Jeff Criswell,FALSE
2026-10-03|Blake Adams,2026-10-03,Rockies,Blake Adams,FALSE
2026-10-03|Hayden Harris,2026-10-03,Rockies,Hayden Harris,FALSE
2026-10-03|Zach Agnos,2026-10-03,Rockies,Zach Agnos,FALSE
2026-10-03|Juan Mejia,2026-10-03,Rockies,Juan Mejia,FALSE
2026-10-03|Brennan Bernardino,2026-10-03,Rockies,Brennan Bernardino,FALSE
2026-10-03|Jimmy Herget,2026-10-03,Rockies,Jimmy Herget,FALSE
2026-10-03|Eiberson Castellano,2026-10-03,Rockies,Eiberson Castellano,FALSE
2026-10-03|Kenley Jansen,2026-10-03,Tigers,Kenley Jansen,FALSE
2026-10-03|Drew Sommers,2026-10-03,Tigers,Drew Sommers,FALSE
2026-10-03|Tyler Kinley,2026-10-03,Tigers,Tyler Kinley,FALSE
2026-10-03|Brant Hurter,2026-10-03,Tigers,Brant Hurter,FALSE
2026-10-03|Kyle Finnegan,2026-10-03,Tigers,Kyle Finnegan,FALSE
2026-10-03|Beau Brieske,2026-10-03,Tigers,Beau Brieske,FALSE
2026-10-03|Enmanuel De Jesus,2026-10-03,Tigers,Enmanuel De Jesus,FALSE
2026-10-03|Yilber Diaz,2026-10-03,Tigers,Yilber Diaz,FALSE
2026-10-03|Jake Miller,2026-10-03,Tigers,Jake Miller,FALSE
2026-10-03|Sawyer Gipson-Long,2026-10-03,Tigers,Sawyer Gipson-Long,FALSE
2026-10-03|Drew Anderson,2026-10-03,Tigers,Drew Anderson,FALSE
2026-10-03|Tyler Holton,2026-10-03,Tigers,Tyler Holton,FALSE
2026-10-03|Jacob Waguespack,2026-10-03,Tigers,Jacob Waguespack,FALSE
2026-10-03|Ty Madden,2026-10-03,Tigers,Ty Madden,FALSE
2026-10-03|Brenan Hanifee,2026-10-03,Tigers,Brenan Hanifee,FALSE
2026-10-03|Andrew Sears,2026-10-03,Tigers,Andrew Sears,FALSE
2026-10-03|Justin Verlander,2026-10-03,Tigers,Justin Verlander,FALSE
2026-10-03|River Ryan,2026-10-03,Tigers,River Ryan,FALSE
2026-10-03|Josh Hader,2026-10-03,Astros,Josh Hader,FALSE
2026-10-03|AJ Blubaugh,2026-10-03,Astros,AJ Blubaugh,FALSE
2026-10-03|Bryan Abreu,2026-10-03,Astros,Bryan Abreu,FALSE
2026-10-03|Logan VanWey,2026-10-03,Astros,Logan VanWey,FALSE
2026-10-03|Josh Hendrickson,2026-10-03,Astros,Josh Hendrickson,FALSE
2026-10-03|Bryan King,2026-10-03,Astros,Bryan King,FALSE
2026-10-03|Bennett Sousa,2026-10-03,Astros,Bennett Sousa,FALSE
2026-10-03|Miguel Ullola,2026-10-03,Astros,Miguel Ullola,FALSE
2026-10-03|Lucas Erceg,2026-10-03,Royals,Lucas Erceg,FALSE
2026-10-03|Nolan Hoffman,2026-10-03,Royals,Nolan Hoffman,FALSE
2026-10-03|Anthony Gose,2026-10-03,Royals,Anthony Gose,FALSE
2026-10-03|Connor Thomas,2026-10-03,Royals,Connor Thomas,FALSE
2026-10-03|Craig Kimbrel,2026-10-03,Royals,Craig Kimbrel,FALSE
2026-10-03|Jose Cuas,2026-10-03,Royals,Jose Cuas,FALSE
2026-10-03|Nate Pearson,2026-10-03,Royals,Nate Pearson,FALSE
2026-10-03|Alex Lange,2026-10-03,Royals,Alex Lange,FALSE
2026-10-03|Spencer Bivens,2026-10-03,Royals,Spencer Bivens,FALSE
2026-10-03|Easton McGee,2026-10-03,Royals,Easton McGee,FALSE
2026-10-03|Mason Black,2026-10-03,Royals,Mason Black,FALSE
2026-10-03|Carlos Duran,2026-10-03,Royals,Carlos Duran,FALSE
2026-10-03|Ben Kudrna,2026-10-03,Royals,Ben Kudrna,FALSE
2026-10-03|James McArthur,2026-10-03,Royals,James McArthur,FALSE
2026-10-03|Ryan Bergert,2026-10-03,Royals,Ryan Bergert,FALSE
2026-10-03|Steven Zobac,2026-10-03,Royals,Steven Zobac,FALSE
2026-10-03|Daniel Lynch,2026-10-03,Royals,Daniel Lynch,FALSE
2026-10-03|Beck Way,2026-10-03,Royals,Beck Way,FALSE
2026-10-03|Mitch Spence,2026-10-03,Royals,Mitch Spence,FALSE
2026-10-03|Tony Gonsolin,2026-10-03,Royals,Tony Gonsolin,FALSE
2026-10-03|Ben Joyce,2026-10-03,Angels,Ben Joyce,FALSE
2026-10-03|Tayler Saucedo,2026-10-03,Angels,Tayler Saucedo,FALSE
2026-10-03|Ryan Watson,2026-10-03,Angels,Ryan Watson,FALSE
2026-10-03|Blake Weiman,2026-10-03,Angels,Blake Weiman,FALSE
2026-10-03|Jose Fermin,2026-10-03,Angels,Jose Fermin,FALSE
2026-10-03|Luke Murphy,2026-10-03,Angels,Luke Murphy,FALSE
2026-10-03|Samy Natera,2026-10-03,Angels,Samy Natera,FALSE
2026-10-03|Mitch Farris,2026-10-03,Angels,Mitch Farris,FALSE
2026-10-03|Sam Bachman,2026-10-03,Angels,Sam Bachman,FALSE
2026-10-03|Trevor Martin,2026-10-03,Angels,Trevor Martin,FALSE
2026-10-03|Caden Dana,2026-10-03,Angels,Caden Dana,FALSE
2026-10-03|Sammy Peralta,2026-10-03,Angels,Sammy Peralta,FALSE
2026-10-03|Brett Kerry,2026-10-03,Angels,Brett Kerry,FALSE
2026-10-03|Tanner Scott,2026-10-03,Dodgers,Tanner Scott,FALSE
2026-10-03|Evan Phillips,2026-10-03,Dodgers,Evan Phillips,FALSE
2026-10-03|Alex Vesia,2026-10-03,Dodgers,Alex Vesia,FALSE
2026-10-03|Edwin Diaz,2026-10-03,Dodgers,Edwin Diaz,FALSE
2026-10-03|Ronan Kopp,2026-10-03,Dodgers,Ronan Kopp,FALSE
2026-10-03|Jack Dreyer,2026-10-03,Dodgers,Jack Dreyer,FALSE
2026-10-03|Edgardo Henriquez,2026-10-03,Dodgers,Edgardo Henriquez,FALSE
2026-10-03|Brock Stewart,2026-10-03,Dodgers,Brock Stewart,FALSE
2026-10-03|Bobby Miller,2026-10-03,Dodgers,Bobby Miller,FALSE
2026-10-03|Pete Fairbanks,2026-10-03,Marlins,Pete Fairbanks,FALSE
2026-10-03|Calvin Faucher,2026-10-03,Marlins,Calvin Faucher,FALSE
2026-10-03|Michael Petersen,2026-10-03,Marlins,Michael Petersen,FALSE
2026-10-03|Tyler Zuber,2026-10-03,Marlins,Tyler Zuber,FALSE
2026-10-03|Josh Ekness,2026-10-03,Marlins,Josh Ekness,FALSE
2026-10-03|Victor Vodnik,2026-10-03,Marlins,Victor Vodnik,FALSE
2026-10-03|Dax Fulton,2026-10-03,Marlins,Dax Fulton,FALSE
2026-10-03|Anthony Bender,2026-10-03,Marlins,Anthony Bender,FALSE
2026-10-03|Brandan Bidois,2026-10-03,Marlins,Brandan Bidois,FALSE
2026-10-03|Zach Brzykcy,2026-10-03,Marlins,Zach Brzykcy,FALSE
2026-10-03|Josh White,2026-10-03,Marlins,Josh White,FALSE
2026-10-03|Wikelman Gonzalez,2026-10-03,Marlins,Wikelman Gonzalez,FALSE
2026-10-03|Cade Gibson,2026-10-03,Marlins,Cade Gibson,FALSE
2026-10-03|Jack Ralston,2026-10-03,Marlins,Jack Ralston,FALSE
2026-10-03|Bradley Blalock,2026-10-03,Marlins,Bradley Blalock,FALSE
2026-10-03|Patrick Monteverde,2026-10-03,Marlins,Patrick Monteverde,FALSE
2026-10-03|Trevor Megill,2026-10-03,Brewers,Trevor Megill,FALSE
2026-10-03|Abner Uribe,2026-10-03,Brewers,Abner Uribe,FALSE
2026-10-03|JoJo Romero,2026-10-03,Brewers,JoJo Romero,FALSE
2026-10-03|Antonio Senzatela,2026-10-03,Brewers,Antonio Senzatela,FALSE
2026-10-03|Grant Anderson,2026-10-03,Brewers,Grant Anderson,FALSE
2026-10-03|Jared Koenig,2026-10-03,Brewers,Jared Koenig,FALSE
2026-10-03|Chad Patrick,2026-10-03,Brewers,Chad Patrick,FALSE
2026-10-03|Aaron Ashby,2026-10-03,Brewers,Aaron Ashby,FALSE
2026-10-03|DL Hall,2026-10-03,Brewers,DL Hall,FALSE
2026-10-03|Bryse Wilson,2026-10-03,Brewers,Bryse Wilson,FALSE
2026-10-03|Coleman Crow,2026-10-03,Brewers,Coleman Crow,FALSE
2026-10-03|Andrew Morris,2026-10-03,Twins,Andrew Morris,FALSE
2026-10-03|Jeff Hoffman,2026-10-03,Twins,Jeff Hoffman,FALSE
2026-10-03|A.J. Minter,2026-10-03,Twins,A.J. Minter,FALSE
2026-10-03|Kody Funderburk,2026-10-03,Twins,Kody Funderburk,FALSE
2026-10-03|Tommy Nance,2026-10-03,Twins,Tommy Nance,FALSE
2026-10-03|Yoendrys Gomez,2026-10-03,Twins,Yoendrys Gomez,FALSE
2026-10-03|Taylor Rogers,2026-10-03,Twins,Taylor Rogers,FALSE
2026-10-03|Travis Adams,2026-10-03,Twins,Travis Adams,FALSE
2026-10-03|Eric Orze,2026-10-03,Twins,Eric Orze,FALSE
2026-10-03|Garrett Acton,2026-10-03,Twins,Garrett Acton,FALSE
2026-10-03|Jack Anderson,2026-10-03,Twins,Jack Anderson,FALSE
2026-10-03|Kendry Rojas,2026-10-03,Twins,Kendry Rojas,FALSE
2026-10-03|Marco Raya,2026-10-03,Twins,Marco Raya,FALSE
2026-10-03|Kodai Senga,2026-10-03,Mets,Kodai Senga,FALSE
2026-10-03|Nate Lavender,2026-10-03,Mets,Nate Lavender,FALSE
2026-10-03|Dedniel Nunez,2026-10-03,Mets,Dedniel Nunez,FALSE
2026-10-03|Jonathan Pintaro,2026-10-03,Mets,Jonathan Pintaro,FALSE
2026-10-03|Devin Williams,2026-10-03,Mets,Devin Williams,FALSE
2026-10-03|Philip Abner,2026-10-03,Mets,Philip Abner,FALSE
2026-10-03|Jack Weisenburger,2026-10-03,Mets,Jack Weisenburger,FALSE
2026-10-03|Daniel Duarte,2026-10-03,Mets,Daniel Duarte,FALSE
2026-10-03|Chayce McDermott,2026-10-03,Mets,Chayce McDermott,FALSE
2026-10-03|Cameron Weston,2026-10-03,Mets,Cameron Weston,FALSE
2026-10-03|Dylan Ross,2026-10-03,Mets,Dylan Ross,FALSE
2026-10-03|Tobias Myers,2026-10-03,Mets,Tobias Myers,FALSE
2026-10-03|Austin Warren,2026-10-03,Mets,Austin Warren,FALSE
2026-10-03|Cionel Perez,2026-10-03,Mets,Cionel Perez,FALSE
2026-10-03|Jonah Tong,2026-10-03,Mets,Jonah Tong,FALSE
2026-10-03|Jefry Yan,2026-10-03,Mets,Jefry Yan,FALSE
2026-10-03|Justin Hagenman,2026-10-03,Mets,Justin Hagenman,FALSE
2026-10-03|David Bednar,2026-10-03,Yankees,David Bednar,FALSE
2026-10-03|Brent Headrick,2026-10-03,Yankees,Brent Headrick,FALSE
2026-10-03|John Schreiber,2026-10-03,Yankees,John Schreiber,FALSE
2026-10-03|Paul Blackburn,2026-10-03,Yankees,Paul Blackburn,FALSE
2026-10-03|Ryan Yarbrough,2026-10-03,Yankees,Ryan Yarbrough,FALSE
2026-10-03|Jhoan Duran,2026-10-03,Phillies,Jhoan Duran,FALSE
2026-10-03|Alex McFarlane,2026-10-03,Phillies,Alex McFarlane,FALSE
2026-10-03|Jose Alvarado,2026-10-03,Phillies,Jose Alvarado,FALSE
2026-10-03|Jonathan Bowlan,2026-10-03,Phillies,Jonathan Bowlan,FALSE
2026-10-03|Chase Shugart,2026-10-03,Phillies,Chase Shugart,FALSE
2026-10-03|Tim Mayza,2026-10-03,Phillies,Tim Mayza,FALSE
2026-10-03|Tanner Banks,2026-10-03,Phillies,Tanner Banks,FALSE
2026-10-03|Mason Montgomery,2026-10-03,Pirates,Mason Montgomery,FALSE
2026-10-03|Luke Weaver,2026-10-03,Pirates,Luke Weaver,FALSE
2026-10-03|Gregory Soto,2026-10-03,Pirates,Gregory Soto,FALSE
2026-10-03|Evan Sisk,2026-10-03,Pirates,Evan Sisk,FALSE
2026-10-03|Isaac Mattson,2026-10-03,Pirates,Isaac Mattson,FALSE
2026-10-03|Noah Murdock,2026-10-03,Pirates,Noah Murdock,FALSE
2026-10-03|Thomas Harrington,2026-10-03,Pirates,Thomas Harrington,FALSE
2026-10-03|Carmen Mlodzinski,2026-10-03,Pirates,Carmen Mlodzinski,FALSE
2026-10-03|Lake Bachar,2026-10-03,Pirates,Lake Bachar,FALSE
2026-10-03|Yohan Ramirez,2026-10-03,Pirates,Yohan Ramirez,FALSE
2026-10-03|Brandon Eisert,2026-10-03,Pirates,Brandon Eisert,FALSE
2026-10-03|Kirby Yates,2026-10-03,Pirates,Kirby Yates,FALSE
2026-10-03|Wilber Dotel,2026-10-03,Pirates,Wilber Dotel,FALSE
2026-10-03|Khristian Curtis,2026-10-03,Pirates,Khristian Curtis,FALSE
2026-10-03|Antwone Kelly,2026-10-03,Pirates,Antwone Kelly,FALSE
2026-10-03|Hunter Barco,2026-10-03,Pirates,Hunter Barco,FALSE
2026-10-03|Mason Miller,2026-10-03,Padres,Mason Miller,FALSE
2026-10-03|Adrian Morejon,2026-10-03,Padres,Adrian Morejon,FALSE
2026-10-03|Yuki Matsui,2026-10-03,Padres,Yuki Matsui,FALSE
2026-10-03|David Morgan,2026-10-03,Padres,David Morgan,FALSE
2026-10-03|Jason Adam,2026-10-03,Padres,Jason Adam,FALSE
2026-10-03|Joe Musgrove,2026-10-03,Padres,Joe Musgrove,FALSE
2026-10-03|Bradgley Rodriguez,2026-10-03,Padres,Bradgley Rodriguez,FALSE
2026-10-03|Trent Harris,2026-10-03,Giants,Trent Harris,FALSE
2026-10-03|Camilo Doval,2026-10-03,Giants,Camilo Doval,FALSE
2026-10-03|Reiver Sanmartin,2026-10-03,Giants,Reiver Sanmartin,FALSE
2026-10-03|Sam Hentges,2026-10-03,Giants,Sam Hentges,FALSE
2026-10-03|Seth Lonsway,2026-10-03,Giants,Seth Lonsway,FALSE
2026-10-03|Joel Kuhnel,2026-10-03,Giants,Joel Kuhnel,FALSE
2026-10-03|Dylan Smith,2026-10-03,Giants,Dylan Smith,FALSE
2026-10-03|Jason Foley,2026-10-03,Giants,Jason Foley,FALSE
2026-10-03|Duncan Davitt,2026-10-03,Giants,Duncan Davitt,FALSE
2026-10-03|Tristan Beck,2026-10-03,Giants,Tristan Beck,FALSE
2026-10-03|Ryan Walker,2026-10-03,Giants,Ryan Walker,FALSE
2026-10-03|Braxton Roxby,2026-10-03,Giants,Braxton Roxby,FALSE
2026-10-03|Miguel Mendez,2026-10-03,Giants,Miguel Mendez,FALSE
2026-10-03|JT Brubaker,2026-10-03,Giants,JT Brubaker,FALSE
2026-10-03|Carson Seymour,2026-10-03,Giants,Carson Seymour,FALSE
2026-10-03|Cesar Perdomo,2026-10-03,Giants,Cesar Perdomo,FALSE
2026-10-03|Yunior Marte,2026-10-03,Giants,Yunior Marte,FALSE
2026-10-03|Andres Munoz,2026-10-03,Mariners,Andres Munoz,FALSE
2026-10-03|Gabe Speier,2026-10-03,Mariners,Gabe Speier,FALSE
2026-10-03|Seranthony Dominguez,2026-10-03,Mariners,Seranthony Dominguez,FALSE
2026-10-03|Carlos Vargas,2026-10-03,Mariners,Carlos Vargas,FALSE
2026-10-03|Hoby Milner,2026-10-03,Mariners,Hoby Milner,FALSE
2026-10-03|Jose A. Ferrer,2026-10-03,Mariners,Jose A. Ferrer,FALSE
2026-10-03|Eduard Bazardo,2026-10-03,Mariners,Eduard Bazardo,FALSE
2026-10-03|Cooper Criswell,2026-10-03,Mariners,Cooper Criswell,FALSE
2026-10-03|Michael Rucker,2026-10-03,Mariners,Michael Rucker,FALSE
2026-10-03|Cole Wilcox,2026-10-03,Mariners,Cole Wilcox,FALSE
2026-10-03|Troy Taylor,2026-10-03,Mariners,Troy Taylor,FALSE
2026-10-03|Josh Simpson,2026-10-03,Mariners,Josh Simpson,FALSE
2026-10-03|Robinson Ortiz,2026-10-03,Mariners,Robinson Ortiz,FALSE
2026-10-03|Troy Watson,2026-10-03,Mariners,Troy Watson,FALSE
2026-10-03|Riley O'Brien,2026-10-03,Cardinals,Riley O'Brien,FALSE
2026-10-03|Justin Bruihl,2026-10-03,Cardinals,Justin Bruihl,FALSE
2026-10-03|Ryne Stanek,2026-10-03,Cardinals,Ryne Stanek,FALSE
2026-10-03|George Soriano,2026-10-03,Cardinals,George Soriano,FALSE
2026-10-03|Luis Gastelum,2026-10-03,Cardinals,Luis Gastelum,FALSE
2026-10-03|Cade Winquest,2026-10-03,Cardinals,Cade Winquest,FALSE
2026-10-03|Ryan Fernandez,2026-10-03,Cardinals,Ryan Fernandez,FALSE
2026-10-03|Hancel Rincon,2026-10-03,Cardinals,Hancel Rincon,FALSE
2026-10-03|Chase Hampton,2026-10-03,Cardinals,Chase Hampton,FALSE
2026-10-03|Richard Fitts,2026-10-03,Cardinals,Richard Fitts,FALSE
2026-10-03|Tekoah Roby,2026-10-03,Cardinals,Tekoah Roby,FALSE
2026-10-03|Gordon Graceffo,2026-10-03,Cardinals,Gordon Graceffo,FALSE
2026-10-03|Matt Svanson,2026-10-03,Cardinals,Matt Svanson,FALSE
2026-10-03|Brycen Mautz,2026-10-03,Cardinals,Brycen Mautz,FALSE
2026-10-03|Cooper Hjerpe,2026-10-03,Cardinals,Cooper Hjerpe,FALSE
2026-10-03|Bryan Baker,2026-10-03,Rays,Bryan Baker,FALSE
2026-10-03|Cam Booser,2026-10-03,Rays,Cam Booser,FALSE
2026-10-03|Kevin Kelly,2026-10-03,Rays,Kevin Kelly,FALSE
2026-10-03|Tyler Wells,2026-10-03,Rays,Tyler Wells,FALSE
2026-10-03|Brody Hopkins,2026-10-03,Rays,Brody Hopkins,FALSE
2026-10-03|Garrett Cleavinger,2026-10-03,Rays,Garrett Cleavinger,FALSE
2026-10-03|Manuel Rodriguez,2026-10-03,Rays,Manuel Rodriguez,FALSE
2026-10-03|Ian Seymour,2026-10-03,Rays,Ian Seymour,FALSE
2026-10-03|Steven Matz,2026-10-03,Rays,Steven Matz,FALSE
2026-10-03|Casey Legumina,2026-10-03,Rays,Casey Legumina,FALSE
2026-10-03|Cole Sulser,2026-10-03,Rays,Cole Sulser,FALSE
2026-10-03|Jesse Scholtens,2026-10-03,Rays,Jesse Scholtens,FALSE
2026-10-03|Joe Boyle,2026-10-03,Rays,Joe Boyle,FALSE
2026-10-03|Jacob Latz,2026-10-03,Rangers,Jacob Latz,FALSE
2026-10-03|Chase Silseth,2026-10-03,Rangers,Chase Silseth,FALSE
2026-10-03|Robert Garcia,2026-10-03,Rangers,Robert Garcia,FALSE
2026-10-03|Robby Ahlstrom,2026-10-03,Rangers,Robby Ahlstrom,FALSE
2026-10-03|Peyton Gray,2026-10-03,Rangers,Peyton Gray,FALSE
2026-10-03|Gavin Collyer,2026-10-03,Rangers,Gavin Collyer,FALSE
2026-10-03|Ben Peoples,2026-10-03,Rangers,Ben Peoples,FALSE
2026-10-03|Emiliano Teodo,2026-10-03,Rangers,Emiliano Teodo,FALSE
2026-10-03|David Davalillo,2026-10-03,Rangers,David Davalillo,FALSE
2026-10-03|Leandro Lopez,2026-10-03,Rangers,Leandro Lopez,FALSE
2026-10-03|Michel Otanez,2026-10-03,Rangers,Michel Otanez,FALSE
2026-10-03|Tyler Alexander,2026-10-03,Rangers,Tyler Alexander,FALSE
2026-10-03|Jakob Junis,2026-10-03,Rangers,Jakob Junis,FALSE
2026-10-03|Adam Macko,2026-10-03,Rangers,Adam Macko,FALSE
2026-10-03|Trevor Williams,2026-10-03,Rangers,Trevor Williams,FALSE
2026-10-03|Jordan Montgomery,2026-10-03,Rangers,Jordan Montgomery,FALSE
2026-10-03|Winston Santos,2026-10-03,Rangers,Winston Santos,FALSE
2026-10-03|Louis Varland,2026-10-03,Blue Jays,Louis Varland,FALSE
2026-10-03|Tyler Rogers,2026-10-03,Blue Jays,Tyler Rogers,FALSE
2026-10-03|Jose Rodriguez,2026-10-03,Blue Jays,Jose Rodriguez,FALSE
2026-10-03|Paul Sewald,2026-10-03,Blue Jays,Paul Sewald,FALSE
2026-10-03|Ricky Tiedemann,2026-10-03,Blue Jays,Ricky Tiedemann,FALSE
2026-10-03|Brendon Little,2026-10-03,Blue Jays,Brendon Little,FALSE
2026-10-03|Brendan Cellucci,2026-10-03,Blue Jays,Brendan Cellucci,FALSE
2026-10-03|Chase Lee,2026-10-03,Blue Jays,Chase Lee,FALSE
2026-10-03|Devereaux Harrison,2026-10-03,Blue Jays,Devereaux Harrison,FALSE
2026-10-03|Spencer Miles,2026-10-03,Blue Jays,Spencer Miles,FALSE
2026-10-03|Braydon Fisher,2026-10-03,Blue Jays,Braydon Fisher,FALSE
2026-10-03|Mason Fluharty,2026-10-03,Blue Jays,Mason Fluharty,FALSE
2026-10-03|Chad Dallas,2026-10-03,Blue Jays,Chad Dallas,FALSE
2026-10-03|CJ Van Eyk,2026-10-03,Blue Jays,CJ Van Eyk,FALSE
2026-10-03|John Klein,2026-10-03,Blue Jays,John Klein,FALSE
2026-10-03|Erik Tolman,2026-10-03,Nationals,Erik Tolman,FALSE
2026-10-03|Jack Sinclair,2026-10-03,Nationals,Jack Sinclair,FALSE
2026-10-03|Yovanny Cruz,2026-10-03,Nationals,Yovanny Cruz,FALSE
2026-10-03|Clayton Beeter,2026-10-03,Nationals,Clayton Beeter,FALSE
2026-10-03|Orlando Ribalta,2026-10-03,Nationals,Orlando Ribalta,FALSE
2026-10-03|Gus Varland,2026-10-03,Nationals,Gus Varland,FALSE
2026-10-03|Jake Bird,2026-10-03,Nationals,Jake Bird,FALSE
2026-10-03|Luis Perales,2026-10-03,Nationals,Luis Perales,FALSE
2026-10-03|Josiah Gray,2026-10-03,Nationals,Josiah Gray,FALSE
2026-10-03|Zak Kent,2026-10-03,Nationals,Zak Kent,FALSE
2026-10-03|Kyle Nicolas,2026-10-03,Nationals,Kyle Nicolas,FALSE
2026-10-03|Brad Lord,2026-10-03,Nationals,Brad Lord,FALSE
2026-10-03|Will Dion,2026-10-03,Nationals,Will Dion,FALSE
2026-10-03|Riley Cornelio,2026-10-03,Nationals,Riley Cornelio,FALSE
2026-10-03|Richard Lovelady,2026-10-03,Nationals,Richard Lovelady,FALSE
2026-10-03|Paxton Schultz,2026-10-03,Nationals,Paxton Schultz,FALSE
2026-10-03|Eddy Yean,2026-10-03,Nationals,Eddy Yean,FALSE
2026-10-03|DJ Herz,2026-10-03,Nationals,DJ Herz,FALSE
2026-10-03|Jared Simpson,2026-10-03,Nationals,Jared Simpson,FALSE
2026-10-04|Jonathan Loaisiga,2026-10-04,Diamondbacks,Jonathan Loaisiga,FALSE
2026-10-04|Brandyn Garcia,2026-10-04,Diamondbacks,Brandyn Garcia,FALSE
2026-10-04|Justin Martinez,2026-10-04,Diamondbacks,Justin Martinez,FALSE
2026-10-04|Juan Morillo,2026-10-04,Diamondbacks,Juan Morillo,FALSE
2026-10-04|Kevin Ginkel,2026-10-04,Diamondbacks,Kevin Ginkel,FALSE
2026-10-04|Dennis Santana,2026-10-04,Diamondbacks,Dennis Santana,FALSE
2026-10-04|Gerardo Carrillo,2026-10-04,Diamondbacks,Gerardo Carrillo,FALSE
2026-10-04|Blake Walston,2026-10-04,Diamondbacks,Blake Walston,FALSE
2026-10-04|Drey Jameson,2026-10-04,Diamondbacks,Drey Jameson,FALSE
2026-10-04|Kade Strowd,2026-10-04,Diamondbacks,Kade Strowd,FALSE
2026-10-04|Juan Burgos,2026-10-04,Diamondbacks,Juan Burgos,FALSE
2026-10-04|Dylan Ray,2026-10-04,Diamondbacks,Dylan Ray,FALSE
2026-10-04|Taylor Clarke,2026-10-04,Diamondbacks,Taylor Clarke,FALSE
2026-10-04|Corbin Burnes,2026-10-04,Diamondbacks,Corbin Burnes,FALSE
2026-10-04|Elvis Alvarado,2026-10-04,Athletics,Elvis Alvarado,FALSE
2026-10-04|Hogan Harris,2026-10-04,Athletics,Hogan Harris,FALSE
2026-10-04|Scott Blewett,2026-10-04,Athletics,Scott Blewett,FALSE
2026-10-04|Geoff Hartlieb,2026-10-04,Athletics,Geoff Hartlieb,FALSE
2026-10-04|Chris Roycroft,2026-10-04,Athletics,Chris Roycroft,FALSE
2026-10-04|Drew Rom,2026-10-04,Athletics,Drew Rom,FALSE
2026-10-04|Yunior Tur,2026-10-04,Athletics,Yunior Tur,FALSE
2026-10-04|Hunter Bigge,2026-10-04,Athletics,Hunter Bigge,FALSE
2026-10-04|Hayden Juenger,2026-10-04,Athletics,Hayden Juenger,FALSE
2026-10-04|Braden Nett,2026-10-04,Athletics,Braden Nett,FALSE
2026-10-04|Henry Baez,2026-10-04,Athletics,Henry Baez,FALSE
2026-10-04|Jack Perkins,2026-10-04,Athletics,Jack Perkins,FALSE
2026-10-04|Luis Medina,2026-10-04,Athletics,Luis Medina,FALSE
2026-10-04|Mason Barnett,2026-10-04,Athletics,Mason Barnett,FALSE
2026-10-04|Brady Basso,2026-10-04,Athletics,Brady Basso,FALSE
2026-10-04|Seth Johnson,2026-10-04,Athletics,Seth Johnson,FALSE
2026-10-04|Kade Morris,2026-10-04,Athletics,Kade Morris,FALSE
2026-10-04|Luis Morales,2026-10-04,Athletics,Luis Morales,FALSE
2026-10-04|Joe Rock,2026-10-04,Athletics,Joe Rock,FALSE
2026-10-04|Joey Estes,2026-10-04,Athletics,Joey Estes,FALSE
2026-10-04|Raisel Iglesias,2026-10-04,Braves,Raisel Iglesias,FALSE
2026-10-04|Dylan Lee,2026-10-04,Braves,Dylan Lee,FALSE
2026-10-04|Victor Mederos,2026-10-04,Braves,Victor Mederos,FALSE
2026-10-04|Dylan Dodd,2026-10-04,Braves,Dylan Dodd,FALSE
2026-10-04|Robert Suarez,2026-10-04,Braves,Robert Suarez,FALSE
2026-10-04|Brent Suter,2026-10-04,Braves,Brent Suter,FALSE
2026-10-04|Didier Fuentes,2026-10-04,Braves,Didier Fuentes,FALSE
2026-10-04|Ray Kerr,2026-10-04,Braves,Ray Kerr,FALSE
2026-10-04|Rico Garcia,2026-10-04,Orioles,Rico Garcia,FALSE
2026-10-04|Anthony Nunez,2026-10-04,Orioles,Anthony Nunez,FALSE
2026-10-04|Grant Wolfram,2026-10-04,Orioles,Grant Wolfram,FALSE
2026-10-04|Josh Walker,2026-10-04,Orioles,Josh Walker,FALSE
2026-10-04|Luis De Leon,2026-10-04,Orioles,Luis De Leon,FALSE
2026-10-04|Yennier Cano,2026-10-04,Orioles,Yennier Cano,FALSE
2026-10-04|Andrew Kittredge,2026-10-04,Orioles,Andrew Kittredge,FALSE
2026-10-04|Alex Hoppe,2026-10-04,Orioles,Alex Hoppe,FALSE
2026-10-04|Cam Sanders,2026-10-04,Orioles,Cam Sanders,FALSE
2026-10-04|Felix Bautista,2026-10-04,Orioles,Felix Bautista,FALSE
2026-10-04|Yaramil Hiraldo,2026-10-04,Orioles,Yaramil Hiraldo,FALSE
2026-10-04|Codi Heuer,2026-10-04,Orioles,Codi Heuer,FALSE
2026-10-04|Cameron Foster,2026-10-04,Orioles,Cameron Foster,FALSE
2026-10-04|Yosver Zulueta,2026-10-04,Orioles,Yosver Zulueta,FALSE
2026-10-04|Albert Suarez,2026-10-04,Orioles,Albert Suarez,FALSE
2026-10-04|Aroldis Chapman,2026-10-04,Red Sox,Aroldis Chapman,FALSE
2026-10-04|Garrett Whitlock,2026-10-04,Red Sox,Garrett Whitlock,FALSE
2026-10-04|Greg Weissert,2026-10-04,Red Sox,Greg Weissert,FALSE
2026-10-04|Wyatt Olds,2026-10-04,Red Sox,Wyatt Olds,FALSE
2026-10-04|Brayan Bello,2026-10-04,Red Sox,Brayan Bello,FALSE
2026-10-04|Erik Miller,2026-10-04,Red Sox,Erik Miller,FALSE
2026-10-04|Alec Gamboa,2026-10-04,Red Sox,Alec Gamboa,FALSE
2026-10-04|Ryan Zeferjahn,2026-10-04,Cubs,Ryan Zeferjahn,FALSE
2026-10-04|Daniel Palencia,2026-10-04,Cubs,Daniel Palencia,FALSE
2026-10-04|Jacob Webb,2026-10-04,Cubs,Jacob Webb,FALSE
2026-10-04|Aaron Civale,2026-10-04,Cubs,Aaron Civale,FALSE
2026-10-04|Javier Assad,2026-10-04,Cubs,Javier Assad,FALSE
2026-10-04|Ryan Rolison,2026-10-04,Cubs,Ryan Rolison,FALSE
2026-10-04|Grant Taylor,2026-10-04,White Sox,Grant Taylor,FALSE
2026-10-04|Erick Fedde,2026-10-04,White Sox,Erick Fedde,FALSE
2026-10-04|Sean Newcomb,2026-10-04,White Sox,Sean Newcomb,FALSE
2026-10-04|Bryan Hudson,2026-10-04,White Sox,Bryan Hudson,FALSE
2026-10-04|Huascar Brazoban,2026-10-04,White Sox,Huascar Brazoban,FALSE
2026-10-04|Jordan Hicks,2026-10-04,White Sox,Jordan Hicks,FALSE
2026-10-04|Hagen Smith,2026-10-04,White Sox,Hagen Smith,FALSE
2026-10-04|Emilio Pagan,2026-10-04,Reds,Emilio Pagan,FALSE
2026-10-04|Brock Burke,2026-10-04,Reds,Brock Burke,FALSE
2026-10-04|Tejay Antone,2026-10-04,Reds,Tejay Antone,FALSE
2026-10-04|Luis Mey,2026-10-04,Reds,Luis Mey,FALSE
2026-10-04|Pierce Johnson,2026-10-04,Reds,Pierce Johnson,FALSE
2026-10-04|Graham Ashcraft,2026-10-04,Reds,Graham Ashcraft,FALSE
2026-10-04|Tony Santillan,2026-10-04,Reds,Tony Santillan,FALSE
2026-10-04|Julian Garcia,2026-10-04,Reds,Julian Garcia,FALSE
2026-10-04|Connor Phillips,2026-10-04,Reds,Connor Phillips,FALSE
2026-10-04|Zach McCambley,2026-10-04,Reds,Zach McCambley,FALSE
2026-10-04|Zach Maxwell,2026-10-04,Reds,Zach Maxwell,FALSE
2026-10-04|Chase Petty,2026-10-04,Reds,Chase Petty,FALSE
2026-10-04|Jose Franco,2026-10-04,Reds,Jose Franco,FALSE
2026-10-04|Carson Spiers,2026-10-04,Reds,Carson Spiers,FALSE
2026-10-04|Chase Solesky,2026-10-04,Reds,Chase Solesky,FALSE
2026-10-04|Cade Smith,2026-10-04,Guardians,Cade Smith,FALSE
2026-10-04|Erik Sabrowski,2026-10-04,Guardians,Erik Sabrowski,FALSE
2026-10-04|Hunter Gaddis,2026-10-04,Guardians,Hunter Gaddis,FALSE
2026-10-04|Shawn Armstrong,2026-10-04,Guardians,Shawn Armstrong,FALSE
2026-10-04|Tim Herrin,2026-10-04,Guardians,Tim Herrin,FALSE
2026-10-04|Matt Festa,2026-10-04,Guardians,Matt Festa,FALSE
2026-10-04|Colin Holderman,2026-10-04,Guardians,Colin Holderman,FALSE
2026-10-04|Franco Aleman,2026-10-04,Guardians,Franco Aleman,FALSE
2026-10-04|Andrew Walters,2026-10-04,Guardians,Andrew Walters,FALSE
2026-10-04|Yorman Gomez,2026-10-04,Guardians,Yorman Gomez,FALSE
2026-10-04|Logan Allen,2026-10-04,Guardians,Logan Allen,FALSE
2026-10-04|Daniel Espino,2026-10-04,Guardians,Daniel Espino,FALSE
2026-10-04|Austin Peterson,2026-10-04,Guardians,Austin Peterson,FALSE
2026-10-04|Jordan Romano,2026-10-04,Rockies,Jordan Romano,FALSE
2026-10-04|Jaden Hill,2026-10-04,Rockies,Jaden Hill,FALSE
2026-10-04|Nick Frasso,2026-10-04,Rockies,Nick Frasso,FALSE
2026-10-04|Mark Manfredi,2026-10-04,Rockies,Mark Manfredi,FALSE
2026-10-04|Blas Castano,2026-10-04,Rockies,Blas Castano,FALSE
2026-10-04|TJ Shook,2026-10-04,Rockies,TJ Shook,FALSE
2026-10-04|Jeff Criswell,2026-10-04,Rockies,Jeff Criswell,FALSE
2026-10-04|Blake Adams,2026-10-04,Rockies,Blake Adams,FALSE
2026-10-04|Hayden Harris,2026-10-04,Rockies,Hayden Harris,FALSE
2026-10-04|Zach Agnos,2026-10-04,Rockies,Zach Agnos,FALSE
2026-10-04|Juan Mejia,2026-10-04,Rockies,Juan Mejia,FALSE
2026-10-04|Brennan Bernardino,2026-10-04,Rockies,Brennan Bernardino,FALSE
2026-10-04|Jimmy Herget,2026-10-04,Rockies,Jimmy Herget,FALSE
2026-10-04|Eiberson Castellano,2026-10-04,Rockies,Eiberson Castellano,FALSE
2026-10-04|Kenley Jansen,2026-10-04,Tigers,Kenley Jansen,FALSE
2026-10-04|Drew Sommers,2026-10-04,Tigers,Drew Sommers,FALSE
2026-10-04|Tyler Kinley,2026-10-04,Tigers,Tyler Kinley,FALSE
2026-10-04|Brant Hurter,2026-10-04,Tigers,Brant Hurter,FALSE
2026-10-04|Kyle Finnegan,2026-10-04,Tigers,Kyle Finnegan,FALSE
2026-10-04|Beau Brieske,2026-10-04,Tigers,Beau Brieske,FALSE
2026-10-04|Enmanuel De Jesus,2026-10-04,Tigers,Enmanuel De Jesus,FALSE
2026-10-04|Yilber Diaz,2026-10-04,Tigers,Yilber Diaz,FALSE
2026-10-04|Jake Miller,2026-10-04,Tigers,Jake Miller,FALSE
2026-10-04|Sawyer Gipson-Long,2026-10-04,Tigers,Sawyer Gipson-Long,FALSE
2026-10-04|Drew Anderson,2026-10-04,Tigers,Drew Anderson,FALSE
2026-10-04|Tyler Holton,2026-10-04,Tigers,Tyler Holton,FALSE
2026-10-04|Jacob Waguespack,2026-10-04,Tigers,Jacob Waguespack,FALSE
2026-10-04|Ty Madden,2026-10-04,Tigers,Ty Madden,FALSE
2026-10-04|Brenan Hanifee,2026-10-04,Tigers,Brenan Hanifee,FALSE
2026-10-04|Andrew Sears,2026-10-04,Tigers,Andrew Sears,FALSE
2026-10-04|Justin Verlander,2026-10-04,Tigers,Justin Verlander,FALSE
2026-10-04|River Ryan,2026-10-04,Tigers,River Ryan,FALSE
2026-10-04|Josh Hader,2026-10-04,Astros,Josh Hader,FALSE
2026-10-04|AJ Blubaugh,2026-10-04,Astros,AJ Blubaugh,FALSE
2026-10-04|Bryan Abreu,2026-10-04,Astros,Bryan Abreu,FALSE
2026-10-04|Logan VanWey,2026-10-04,Astros,Logan VanWey,FALSE
2026-10-04|Josh Hendrickson,2026-10-04,Astros,Josh Hendrickson,FALSE
2026-10-04|Bryan King,2026-10-04,Astros,Bryan King,FALSE
2026-10-04|Bennett Sousa,2026-10-04,Astros,Bennett Sousa,FALSE
2026-10-04|Miguel Ullola,2026-10-04,Astros,Miguel Ullola,FALSE
2026-10-04|Lucas Erceg,2026-10-04,Royals,Lucas Erceg,FALSE
2026-10-04|Nolan Hoffman,2026-10-04,Royals,Nolan Hoffman,FALSE
2026-10-04|Anthony Gose,2026-10-04,Royals,Anthony Gose,FALSE
2026-10-04|Connor Thomas,2026-10-04,Royals,Connor Thomas,FALSE
2026-10-04|Craig Kimbrel,2026-10-04,Royals,Craig Kimbrel,FALSE
2026-10-04|Jose Cuas,2026-10-04,Royals,Jose Cuas,FALSE
2026-10-04|Nate Pearson,2026-10-04,Royals,Nate Pearson,FALSE
2026-10-04|Alex Lange,2026-10-04,Royals,Alex Lange,FALSE
2026-10-04|Spencer Bivens,2026-10-04,Royals,Spencer Bivens,FALSE
2026-10-04|Easton McGee,2026-10-04,Royals,Easton McGee,FALSE
2026-10-04|Mason Black,2026-10-04,Royals,Mason Black,FALSE
2026-10-04|Carlos Duran,2026-10-04,Royals,Carlos Duran,FALSE
2026-10-04|Ben Kudrna,2026-10-04,Royals,Ben Kudrna,FALSE
2026-10-04|James McArthur,2026-10-04,Royals,James McArthur,FALSE
2026-10-04|Ryan Bergert,2026-10-04,Royals,Ryan Bergert,FALSE
2026-10-04|Steven Zobac,2026-10-04,Royals,Steven Zobac,FALSE
2026-10-04|Daniel Lynch,2026-10-04,Royals,Daniel Lynch,FALSE
2026-10-04|Beck Way,2026-10-04,Royals,Beck Way,FALSE
2026-10-04|Mitch Spence,2026-10-04,Royals,Mitch Spence,FALSE
2026-10-04|Tony Gonsolin,2026-10-04,Royals,Tony Gonsolin,FALSE
2026-10-04|Ben Joyce,2026-10-04,Angels,Ben Joyce,FALSE
2026-10-04|Tayler Saucedo,2026-10-04,Angels,Tayler Saucedo,FALSE
2026-10-04|Ryan Watson,2026-10-04,Angels,Ryan Watson,FALSE
2026-10-04|Blake Weiman,2026-10-04,Angels,Blake Weiman,FALSE
2026-10-04|Jose Fermin,2026-10-04,Angels,Jose Fermin,FALSE
2026-10-04|Luke Murphy,2026-10-04,Angels,Luke Murphy,FALSE
2026-10-04|Samy Natera,2026-10-04,Angels,Samy Natera,FALSE
2026-10-04|Mitch Farris,2026-10-04,Angels,Mitch Farris,FALSE
2026-10-04|Sam Bachman,2026-10-04,Angels,Sam Bachman,FALSE
2026-10-04|Trevor Martin,2026-10-04,Angels,Trevor Martin,FALSE
2026-10-04|Caden Dana,2026-10-04,Angels,Caden Dana,FALSE
2026-10-04|Sammy Peralta,2026-10-04,Angels,Sammy Peralta,FALSE
2026-10-04|Brett Kerry,2026-10-04,Angels,Brett Kerry,FALSE
2026-10-04|Tanner Scott,2026-10-04,Dodgers,Tanner Scott,FALSE
2026-10-04|Evan Phillips,2026-10-04,Dodgers,Evan Phillips,FALSE
2026-10-04|Alex Vesia,2026-10-04,Dodgers,Alex Vesia,FALSE
2026-10-04|Edwin Diaz,2026-10-04,Dodgers,Edwin Diaz,FALSE
2026-10-04|Ronan Kopp,2026-10-04,Dodgers,Ronan Kopp,FALSE
2026-10-04|Jack Dreyer,2026-10-04,Dodgers,Jack Dreyer,FALSE
2026-10-04|Edgardo Henriquez,2026-10-04,Dodgers,Edgardo Henriquez,FALSE
2026-10-04|Brock Stewart,2026-10-04,Dodgers,Brock Stewart,FALSE
2026-10-04|Bobby Miller,2026-10-04,Dodgers,Bobby Miller,FALSE
2026-10-04|Pete Fairbanks,2026-10-04,Marlins,Pete Fairbanks,FALSE
2026-10-04|Calvin Faucher,2026-10-04,Marlins,Calvin Faucher,FALSE
2026-10-04|Michael Petersen,2026-10-04,Marlins,Michael Petersen,FALSE
2026-10-04|Tyler Zuber,2026-10-04,Marlins,Tyler Zuber,FALSE
2026-10-04|Josh Ekness,2026-10-04,Marlins,Josh Ekness,FALSE
2026-10-04|Victor Vodnik,2026-10-04,Marlins,Victor Vodnik,FALSE
2026-10-04|Dax Fulton,2026-10-04,Marlins,Dax Fulton,FALSE
2026-10-04|Anthony Bender,2026-10-04,Marlins,Anthony Bender,FALSE
2026-10-04|Brandan Bidois,2026-10-04,Marlins,Brandan Bidois,FALSE
2026-10-04|Zach Brzykcy,2026-10-04,Marlins,Zach Brzykcy,FALSE
2026-10-04|Josh White,2026-10-04,Marlins,Josh White,FALSE
2026-10-04|Wikelman Gonzalez,2026-10-04,Marlins,Wikelman Gonzalez,FALSE
2026-10-04|Cade Gibson,2026-10-04,Marlins,Cade Gibson,FALSE
2026-10-04|Jack Ralston,2026-10-04,Marlins,Jack Ralston,FALSE
2026-10-04|Bradley Blalock,2026-10-04,Marlins,Bradley Blalock,FALSE
2026-10-04|Patrick Monteverde,2026-10-04,Marlins,Patrick Monteverde,FALSE
2026-10-04|Trevor Megill,2026-10-04,Brewers,Trevor Megill,FALSE
2026-10-04|Abner Uribe,2026-10-04,Brewers,Abner Uribe,FALSE
2026-10-04|JoJo Romero,2026-10-04,Brewers,JoJo Romero,FALSE
2026-10-04|Antonio Senzatela,2026-10-04,Brewers,Antonio Senzatela,FALSE
2026-10-04|Grant Anderson,2026-10-04,Brewers,Grant Anderson,FALSE
2026-10-04|Jared Koenig,2026-10-04,Brewers,Jared Koenig,FALSE
2026-10-04|Chad Patrick,2026-10-04,Brewers,Chad Patrick,FALSE
2026-10-04|Aaron Ashby,2026-10-04,Brewers,Aaron Ashby,FALSE
2026-10-04|DL Hall,2026-10-04,Brewers,DL Hall,FALSE
2026-10-04|Bryse Wilson,2026-10-04,Brewers,Bryse Wilson,FALSE
2026-10-04|Coleman Crow,2026-10-04,Brewers,Coleman Crow,FALSE
2026-10-04|Andrew Morris,2026-10-04,Twins,Andrew Morris,FALSE
2026-10-04|Jeff Hoffman,2026-10-04,Twins,Jeff Hoffman,FALSE
2026-10-04|A.J. Minter,2026-10-04,Twins,A.J. Minter,FALSE
2026-10-04|Kody Funderburk,2026-10-04,Twins,Kody Funderburk,FALSE
2026-10-04|Tommy Nance,2026-10-04,Twins,Tommy Nance,FALSE
2026-10-04|Yoendrys Gomez,2026-10-04,Twins,Yoendrys Gomez,FALSE
2026-10-04|Taylor Rogers,2026-10-04,Twins,Taylor Rogers,FALSE
2026-10-04|Travis Adams,2026-10-04,Twins,Travis Adams,FALSE
2026-10-04|Eric Orze,2026-10-04,Twins,Eric Orze,FALSE
2026-10-04|Garrett Acton,2026-10-04,Twins,Garrett Acton,FALSE
2026-10-04|Jack Anderson,2026-10-04,Twins,Jack Anderson,FALSE
2026-10-04|Kendry Rojas,2026-10-04,Twins,Kendry Rojas,FALSE
2026-10-04|Marco Raya,2026-10-04,Twins,Marco Raya,FALSE
2026-10-04|Kodai Senga,2026-10-04,Mets,Kodai Senga,FALSE
2026-10-04|Nate Lavender,2026-10-04,Mets,Nate Lavender,FALSE
2026-10-04|Dedniel Nunez,2026-10-04,Mets,Dedniel Nunez,FALSE
2026-10-04|Jonathan Pintaro,2026-10-04,Mets,Jonathan Pintaro,FALSE
2026-10-04|Devin Williams,2026-10-04,Mets,Devin Williams,FALSE
2026-10-04|Philip Abner,2026-10-04,Mets,Philip Abner,FALSE
2026-10-04|Jack Weisenburger,2026-10-04,Mets,Jack Weisenburger,FALSE
2026-10-04|Daniel Duarte,2026-10-04,Mets,Daniel Duarte,FALSE
2026-10-04|Chayce McDermott,2026-10-04,Mets,Chayce McDermott,FALSE
2026-10-04|Cameron Weston,2026-10-04,Mets,Cameron Weston,FALSE
2026-10-04|Dylan Ross,2026-10-04,Mets,Dylan Ross,FALSE
2026-10-04|Tobias Myers,2026-10-04,Mets,Tobias Myers,FALSE
2026-10-04|Austin Warren,2026-10-04,Mets,Austin Warren,FALSE
2026-10-04|Cionel Perez,2026-10-04,Mets,Cionel Perez,FALSE
2026-10-04|Jonah Tong,2026-10-04,Mets,Jonah Tong,FALSE
2026-10-04|Jefry Yan,2026-10-04,Mets,Jefry Yan,FALSE
2026-10-04|Justin Hagenman,2026-10-04,Mets,Justin Hagenman,FALSE
2026-10-04|David Bednar,2026-10-04,Yankees,David Bednar,FALSE
2026-10-04|Brent Headrick,2026-10-04,Yankees,Brent Headrick,FALSE
2026-10-04|John Schreiber,2026-10-04,Yankees,John Schreiber,FALSE
2026-10-04|Paul Blackburn,2026-10-04,Yankees,Paul Blackburn,FALSE
2026-10-04|Ryan Yarbrough,2026-10-04,Yankees,Ryan Yarbrough,FALSE
2026-10-04|Jhoan Duran,2026-10-04,Phillies,Jhoan Duran,FALSE
2026-10-04|Alex McFarlane,2026-10-04,Phillies,Alex McFarlane,FALSE
2026-10-04|Jose Alvarado,2026-10-04,Phillies,Jose Alvarado,FALSE
2026-10-04|Jonathan Bowlan,2026-10-04,Phillies,Jonathan Bowlan,FALSE
2026-10-04|Chase Shugart,2026-10-04,Phillies,Chase Shugart,FALSE
2026-10-04|Tim Mayza,2026-10-04,Phillies,Tim Mayza,FALSE
2026-10-04|Tanner Banks,2026-10-04,Phillies,Tanner Banks,FALSE
2026-10-04|Mason Montgomery,2026-10-04,Pirates,Mason Montgomery,FALSE
2026-10-04|Luke Weaver,2026-10-04,Pirates,Luke Weaver,FALSE
2026-10-04|Gregory Soto,2026-10-04,Pirates,Gregory Soto,FALSE
2026-10-04|Evan Sisk,2026-10-04,Pirates,Evan Sisk,FALSE
2026-10-04|Isaac Mattson,2026-10-04,Pirates,Isaac Mattson,FALSE
2026-10-04|Noah Murdock,2026-10-04,Pirates,Noah Murdock,FALSE
2026-10-04|Thomas Harrington,2026-10-04,Pirates,Thomas Harrington,FALSE
2026-10-04|Carmen Mlodzinski,2026-10-04,Pirates,Carmen Mlodzinski,FALSE
2026-10-04|Lake Bachar,2026-10-04,Pirates,Lake Bachar,FALSE
2026-10-04|Yohan Ramirez,2026-10-04,Pirates,Yohan Ramirez,FALSE
2026-10-04|Brandon Eisert,2026-10-04,Pirates,Brandon Eisert,FALSE
2026-10-04|Kirby Yates,2026-10-04,Pirates,Kirby Yates,FALSE
2026-10-04|Wilber Dotel,2026-10-04,Pirates,Wilber Dotel,FALSE
2026-10-04|Khristian Curtis,2026-10-04,Pirates,Khristian Curtis,FALSE
2026-10-04|Antwone Kelly,2026-10-04,Pirates,Antwone Kelly,FALSE
2026-10-04|Hunter Barco,2026-10-04,Pirates,Hunter Barco,FALSE
2026-10-04|Mason Miller,2026-10-04,Padres,Mason Miller,FALSE
2026-10-04|Adrian Morejon,2026-10-04,Padres,Adrian Morejon,FALSE
2026-10-04|Yuki Matsui,2026-10-04,Padres,Yuki Matsui,FALSE
2026-10-04|David Morgan,2026-10-04,Padres,David Morgan,FALSE
2026-10-04|Jason Adam,2026-10-04,Padres,Jason Adam,FALSE
2026-10-04|Joe Musgrove,2026-10-04,Padres,Joe Musgrove,FALSE
2026-10-04|Bradgley Rodriguez,2026-10-04,Padres,Bradgley Rodriguez,FALSE
2026-10-04|Trent Harris,2026-10-04,Giants,Trent Harris,FALSE
2026-10-04|Camilo Doval,2026-10-04,Giants,Camilo Doval,FALSE
2026-10-04|Reiver Sanmartin,2026-10-04,Giants,Reiver Sanmartin,FALSE
2026-10-04|Sam Hentges,2026-10-04,Giants,Sam Hentges,FALSE
2026-10-04|Seth Lonsway,2026-10-04,Giants,Seth Lonsway,FALSE
2026-10-04|Joel Kuhnel,2026-10-04,Giants,Joel Kuhnel,FALSE
2026-10-04|Dylan Smith,2026-10-04,Giants,Dylan Smith,FALSE
2026-10-04|Jason Foley,2026-10-04,Giants,Jason Foley,FALSE
2026-10-04|Duncan Davitt,2026-10-04,Giants,Duncan Davitt,FALSE
2026-10-04|Tristan Beck,2026-10-04,Giants,Tristan Beck,FALSE
2026-10-04|Ryan Walker,2026-10-04,Giants,Ryan Walker,FALSE
2026-10-04|Braxton Roxby,2026-10-04,Giants,Braxton Roxby,FALSE
2026-10-04|Miguel Mendez,2026-10-04,Giants,Miguel Mendez,FALSE
2026-10-04|JT Brubaker,2026-10-04,Giants,JT Brubaker,FALSE
2026-10-04|Carson Seymour,2026-10-04,Giants,Carson Seymour,FALSE
2026-10-04|Cesar Perdomo,2026-10-04,Giants,Cesar Perdomo,FALSE
2026-10-04|Yunior Marte,2026-10-04,Giants,Yunior Marte,FALSE
2026-10-04|Andres Munoz,2026-10-04,Mariners,Andres Munoz,FALSE
2026-10-04|Gabe Speier,2026-10-04,Mariners,Gabe Speier,FALSE
2026-10-04|Seranthony Dominguez,2026-10-04,Mariners,Seranthony Dominguez,FALSE
2026-10-04|Carlos Vargas,2026-10-04,Mariners,Carlos Vargas,FALSE
2026-10-04|Hoby Milner,2026-10-04,Mariners,Hoby Milner,FALSE
2026-10-04|Jose A. Ferrer,2026-10-04,Mariners,Jose A. Ferrer,FALSE
2026-10-04|Eduard Bazardo,2026-10-04,Mariners,Eduard Bazardo,FALSE
2026-10-04|Cooper Criswell,2026-10-04,Mariners,Cooper Criswell,FALSE
2026-10-04|Michael Rucker,2026-10-04,Mariners,Michael Rucker,FALSE
2026-10-04|Cole Wilcox,2026-10-04,Mariners,Cole Wilcox,FALSE
2026-10-04|Troy Taylor,2026-10-04,Mariners,Troy Taylor,FALSE
2026-10-04|Josh Simpson,2026-10-04,Mariners,Josh Simpson,FALSE
2026-10-04|Robinson Ortiz,2026-10-04,Mariners,Robinson Ortiz,FALSE
2026-10-04|Troy Watson,2026-10-04,Mariners,Troy Watson,FALSE
2026-10-04|Riley O'Brien,2026-10-04,Cardinals,Riley O'Brien,FALSE
2026-10-04|Justin Bruihl,2026-10-04,Cardinals,Justin Bruihl,FALSE
2026-10-04|Ryne Stanek,2026-10-04,Cardinals,Ryne Stanek,FALSE
2026-10-04|George Soriano,2026-10-04,Cardinals,George Soriano,FALSE
2026-10-04|Luis Gastelum,2026-10-04,Cardinals,Luis Gastelum,FALSE
2026-10-04|Cade Winquest,2026-10-04,Cardinals,Cade Winquest,FALSE
2026-10-04|Ryan Fernandez,2026-10-04,Cardinals,Ryan Fernandez,FALSE
2026-10-04|Hancel Rincon,2026-10-04,Cardinals,Hancel Rincon,FALSE
2026-10-04|Chase Hampton,2026-10-04,Cardinals,Chase Hampton,FALSE
2026-10-04|Richard Fitts,2026-10-04,Cardinals,Richard Fitts,FALSE
2026-10-04|Tekoah Roby,2026-10-04,Cardinals,Tekoah Roby,FALSE
2026-10-04|Gordon Graceffo,2026-10-04,Cardinals,Gordon Graceffo,FALSE
2026-10-04|Matt Svanson,2026-10-04,Cardinals,Matt Svanson,FALSE
2026-10-04|Brycen Mautz,2026-10-04,Cardinals,Brycen Mautz,FALSE
2026-10-04|Cooper Hjerpe,2026-10-04,Cardinals,Cooper Hjerpe,FALSE
2026-10-04|Bryan Baker,2026-10-04,Rays,Bryan Baker,FALSE
2026-10-04|Cam Booser,2026-10-04,Rays,Cam Booser,FALSE
2026-10-04|Kevin Kelly,2026-10-04,Rays,Kevin Kelly,FALSE
2026-10-04|Tyler Wells,2026-10-04,Rays,Tyler Wells,FALSE
2026-10-04|Brody Hopkins,2026-10-04,Rays,Brody Hopkins,FALSE
2026-10-04|Garrett Cleavinger,2026-10-04,Rays,Garrett Cleavinger,FALSE
2026-10-04|Manuel Rodriguez,2026-10-04,Rays,Manuel Rodriguez,FALSE
2026-10-04|Ian Seymour,2026-10-04,Rays,Ian Seymour,FALSE
2026-10-04|Steven Matz,2026-10-04,Rays,Steven Matz,FALSE
2026-10-04|Casey Legumina,2026-10-04,Rays,Casey Legumina,FALSE
2026-10-04|Cole Sulser,2026-10-04,Rays,Cole Sulser,FALSE
2026-10-04|Jesse Scholtens,2026-10-04,Rays,Jesse Scholtens,FALSE
2026-10-04|Joe Boyle,2026-10-04,Rays,Joe Boyle,FALSE
2026-10-04|Jacob Latz,2026-10-04,Rangers,Jacob Latz,FALSE
2026-10-04|Chase Silseth,2026-10-04,Rangers,Chase Silseth,FALSE
2026-10-04|Robert Garcia,2026-10-04,Rangers,Robert Garcia,FALSE
2026-10-04|Robby Ahlstrom,2026-10-04,Rangers,Robby Ahlstrom,FALSE
2026-10-04|Peyton Gray,2026-10-04,Rangers,Peyton Gray,FALSE
2026-10-04|Gavin Collyer,2026-10-04,Rangers,Gavin Collyer,FALSE
2026-10-04|Ben Peoples,2026-10-04,Rangers,Ben Peoples,FALSE
2026-10-04|Emiliano Teodo,2026-10-04,Rangers,Emiliano Teodo,FALSE
2026-10-04|David Davalillo,2026-10-04,Rangers,David Davalillo,FALSE
2026-10-04|Leandro Lopez,2026-10-04,Rangers,Leandro Lopez,FALSE
2026-10-04|Michel Otanez,2026-10-04,Rangers,Michel Otanez,FALSE
2026-10-04|Tyler Alexander,2026-10-04,Rangers,Tyler Alexander,FALSE
2026-10-04|Jakob Junis,2026-10-04,Rangers,Jakob Junis,FALSE
2026-10-04|Adam Macko,2026-10-04,Rangers,Adam Macko,FALSE
2026-10-04|Trevor Williams,2026-10-04,Rangers,Trevor Williams,FALSE
2026-10-04|Jordan Montgomery,2026-10-04,Rangers,Jordan Montgomery,FALSE
2026-10-04|Winston Santos,2026-10-04,Rangers,Winston Santos,FALSE
2026-10-04|Louis Varland,2026-10-04,Blue Jays,Louis Varland,FALSE
2026-10-04|Tyler Rogers,2026-10-04,Blue Jays,Tyler Rogers,FALSE
2026-10-04|Jose Rodriguez,2026-10-04,Blue Jays,Jose Rodriguez,FALSE
2026-10-04|Paul Sewald,2026-10-04,Blue Jays,Paul Sewald,FALSE
2026-10-04|Ricky Tiedemann,2026-10-04,Blue Jays,Ricky Tiedemann,FALSE
2026-10-04|Brendon Little,2026-10-04,Blue Jays,Brendon Little,FALSE
2026-10-04|Brendan Cellucci,2026-10-04,Blue Jays,Brendan Cellucci,FALSE
2026-10-04|Chase Lee,2026-10-04,Blue Jays,Chase Lee,FALSE
2026-10-04|Devereaux Harrison,2026-10-04,Blue Jays,Devereaux Harrison,FALSE
2026-10-04|Spencer Miles,2026-10-04,Blue Jays,Spencer Miles,FALSE
2026-10-04|Braydon Fisher,2026-10-04,Blue Jays,Braydon Fisher,FALSE
2026-10-04|Mason Fluharty,2026-10-04,Blue Jays,Mason Fluharty,FALSE
2026-10-04|Chad Dallas,2026-10-04,Blue Jays,Chad Dallas,FALSE
2026-10-04|CJ Van Eyk,2026-10-04,Blue Jays,CJ Van Eyk,FALSE
2026-10-04|John Klein,2026-10-04,Blue Jays,John Klein,FALSE
2026-10-04|Erik Tolman,2026-10-04,Nationals,Erik Tolman,FALSE
2026-10-04|Jack Sinclair,2026-10-04,Nationals,Jack Sinclair,FALSE
2026-10-04|Yovanny Cruz,2026-10-04,Nationals,Yovanny Cruz,FALSE
2026-10-04|Clayton Beeter,2026-10-04,Nationals,Clayton Beeter,FALSE
2026-10-04|Orlando Ribalta,2026-10-04,Nationals,Orlando Ribalta,FALSE
2026-10-04|Gus Varland,2026-10-04,Nationals,Gus Varland,FALSE
2026-10-04|Jake Bird,2026-10-04,Nationals,Jake Bird,FALSE
2026-10-04|Luis Perales,2026-10-04,Nationals,Luis Perales,FALSE
2026-10-04|Josiah Gray,2026-10-04,Nationals,Josiah Gray,FALSE
2026-10-04|Zak Kent,2026-10-04,Nationals,Zak Kent,FALSE
2026-10-04|Kyle Nicolas,2026-10-04,Nationals,Kyle Nicolas,FALSE
2026-10-04|Brad Lord,2026-10-04,Nationals,Brad Lord,FALSE
2026-10-04|Will Dion,2026-10-04,Nationals,Will Dion,FALSE
2026-10-04|Riley Cornelio,2026-10-04,Nationals,Riley Cornelio,FALSE
2026-10-04|Richard Lovelady,2026-10-04,Nationals,Richard Lovelady,FALSE
2026-10-04|Paxton Schultz,2026-10-04,Nationals,Paxton Schultz,FALSE
2026-10-04|Eddy Yean,2026-10-04,Nationals,Eddy Yean,FALSE
2026-10-04|DJ Herz,2026-10-04,Nationals,DJ Herz,FALSE
2026-10-04|Jared Simpson,2026-10-04,Nationals,Jared Simpson,FALSE
