name_key,name,base_wrc_vs_r,base_wrc_vs_l
bligh madris,Bligh Madris,74.2334991,47.78003
eduardo garcia,Eduardo Garcia,60.0338247,67.5279827
joc pederson,Joc Pederson,123.02676,97.6326037
dayquer alfonzo,Dayquer Alfonzo,3.31700476,7.74998769
homer bush,Homer Bush,76.2602602,81.5221878
brett baty,Brett Baty,113.164156,88.0911121
zac fascia,Zac Fascia,43.9229411,19.4189391
leo de vries,Leo De Vries,83.1595252,82.4564468
colton becker,Colton Becker,66.2933614,72.7705896
tyler whitaker,Tyler Whitaker,35.1208839,42.640637
javier castillo,Javier Castillo,0.03587821,4.19823168
jake cronenworth,Jake Cronenworth,110.42352,86.0080222
kenny castillo,Kenny Castillo,42.0823034,47.8348945
mike jarvis,Mike Jarvis,40.86842,46.9234555
bryant mendez,Bryant Mendez,3.57961475,7.46539109
peyton powell,Peyton Powell,46.163313,21.7389114
alex bregman,Alex Bregman,117.760217,127.736031
frankeli mesta,Frankeli Mesta,9.61958678,11.4735837
nolan gorman,Nolan Gorman,102.912369,86.3828115
mitch jebb,Mitch Jebb,79.9711083,57.9976286
caden powell,Caden Powell,29.0871594,36.0043678
cole urman,Cole Urman,47.1834357,55.0037412
jacob friend,Jacob Friend,34.4856055,7.30472841
matt fraizer,Matt Fraizer,76.664416,49.5883608
jose mejia,Jose Mejia,28.0411995,32.4721072
edgleen perez,Edgleen Perez,37.7071841,43.425907
christian pregent,Christian Pregent,22.8998163,29.4978926
reniel diaz,Reniel Diaz,-3.4468858,1.59058816
jp martinez,J.P. Martinez,78.2279697,51.8258852
felix valerio,Felix Valerio,66.2921577,72.506449
austin barnes,Austin Barnes,68.2057394,76.3346421
erick pena,Erick Pena,28.496972,1.78159091
junior aybar,Junior Aybar,16.8274614,-4.29742
juan espinal,Juan Espinal,-3.6691138,2.73277822
charlie pagliarini,Charlie Pagliarini,63.1294995,33.61726
jaden rudd,Jaden Rudd,49.5770964,24.1796966
zach neto,Zach Neto,110.446776,120.031845
mark canha,Mark Canha,90.5881895,98.2154033
robert gonzalez,Robert Gonzalez,30.8464171,7.33375254
deward tovar,Deward Tovar,19.4063593,-3.7792356
efren teran,Efren Teran,7.17254547,8.33884106
stiven de la cruz,Stiven De La Cruz,5.24922985,-15.290116
andru arthur,Andru Arthur,13.5173404,-7.3709878
anthony mulrine,Anthony Mulrine,49.954559,55.6043583
theo gillen,Theo Gillen,50.1420964,23.2057222
mike moustakas,Mike Moustakas,81.3204369,50.836642
cristian pache,Cristian Pache,59.2950224,76.6602579
stiven acevedo,Stiven Acevedo,36.9313912,43.3169027
anthony servideo,Anthony Servideo,39.8485908,16.0259367
jose monzon,Jose Monzon,31.4710088,11.9134581
joe delossantos,Joe Delossantos,23.3434681,29.5301866
jack payton,Jack Payton,52.5428078,59.3944932
alex isola,Alex Isola,73.8356129,81.9429084
mike peabody,Mike Peabody,52.0234395,25.1614918
luis lara,Luis Lara,79.0877162,79.1771818
yoander rivero,Yoander Rivero,31.8613855,38.2604354
yordan alvarez,Yordan Alvarez,168.31157,146.713619
jazz chisholm,Jazz Chisholm,120.260121,89.4648311
jeron williams,Jeron Williams,65.1856473,71.5925004
andres lacruz,Andres Lacruz,7.2228905,7.87394496
rowdy tellez,Rowdy Tellez,103.642317,73.4984593
josh rojas,Josh Rojas,91.2921093,66.0882812
martin gonzalez,Martin Gonzalez,0.83566467,6.75763723
ryan vilade,Ryan Vilade,79.6255239,89.6411457
elijah dunham,Elijah Dunham,77.8976113,46.5586164
randy florentino,Randy Florentino,72.6355066,45.5986288
dj lemahieu,DJ LeMahieu,88.4335509,97.3805134
fernando gonzalez,Fernando Gonzalez,32.3819362,37.3168925
adrian bello,Adrian Bello,6.28820266,7.41909784
gian zapata,Gian Zapata,18.0356852,-4.7858229
trey paige,Trey Paige,72.1063103,45.5721856
domingo batista,Domingo Batista,5.72758822,-14.266308
louis andujar,Louis Andujar,12.2359853,17.7099309
elian garcia,Elian Garcia,8.78244105,-11.188646
alex binelas,Alex Binelas,82.7434967,50.1578828
randy vasquez,Randy Vasquez,,-10.34341
marwin gonzalez,Marwin Gonzalez,53.3876915,59.2185639
jose peroza,Jose Peroza,72.412506,80.744179
sal stewart,Sal Stewart,110.989759,122.267481
juan sulbaran,Juan Sulbaran,31.6153454,36.4176176
ryan campos,Ryan Campos,61.02978,37.9276145
otto lopez,Otto Lopez,99.597039,103.262758
tim tawa,Tim Tawa,85.5787706,94.3229161
izaac pacheco,Izaac Pacheco,65.2118703,35.7259413
justin janas,Justin Janas,61.160252,38.702394
david villar,David Villar,80.0807128,91.5829111
juarlin soto,Juarlin Soto,21.2446548,0.42529324
victor torres,Victor Torres,22.2075623,27.4396267
nathan lukes,Nathan Lukes,112.569676,89.392356
hector campusano,Hector Campusano,25.8161852,25.6572519
aneudi escanio,Aneudi Escanio,3.49217731,5.14545064
jose rojas,Jose Rojas,93.8823107,66.2645224
jd dix,JD Dix,39.259953,41.8750018
oliver dunn,Oliver Dunn,73.3083444,48.455243
kristian campbell,Kristian Campbell,96.741409,108.223091
endry reyes,Endry Reyes,-7.5388881,-2.0299898
nick cimillo,Nick Cimillo,80.2307157,88.8139351
sergio campana,Sergio Campana,30.3421476,36.8608188
vladi guerrero,Vladi Guerrero,1.16279068,-18.08753
nik mcclaughry,Nik McClaughry,20.5189582,25.0804293
mac horvath,Mac Horvath,57.4467332,64.9181754
dylan grego,Dylan Grego,30.2876453,32.479658
carson roccaforte,Carson Roccaforte,83.6581918,52.7812091
maikol hernandez,Maikol Hernandez,26.3288215,32.4754187
casey yamauchi,Casey Yamauchi,55.3541388,58.8310409
jose suarez,Jose Suarez,35.8489807,42.2257376
juan cabada,Juan Cabada,18.7550157,0.56721601
kyle teel,Kyle Teel,110.886178,83.4392463
josh moylan,Josh Moylan,56.6977209,28.5675112
angel mata,Angel Mata,2.00715348,6.58144532
randal grichuk,Randal Grichuk,96.6380384,110.078329
carlos luis,Carlos Luis,55.5503491,30.7209653
meykel baro,Meykel Baro,-3.9059779,0.25758407
nick lorusso,Nick Lorusso,68.4240169,75.9478082
deuri castillo,Deuri Castillo,13.0765777,-7.4058074
jose guerra,Jose Guerra,1.9168088,2.95773202
kendrick hernandez,Kendrick Hernandez,-11.045421,-5.0417816
jose dickson,Jose Dickson,5.37081822,9.66587896
taylor jones,Taylor Jones,78.8141918,90.3429934
kyoungmin hur,Kyoung-min Hur,79.7155307,83.89844
brenner cox,Brenner Cox,32.7389197,7.86073669
feliz genao,Feliz Genao,14.1883428,-6.2286662
drew brutcher,Drew Brutcher,56.2463545,30.9044755
yainer diaz,Yainer Diaz,108.343774,115.04371
will robertson,Will Robertson,82.8365928,58.1096926
nolan schanuel,Nolan Schanuel,124.367924,104.908012
dylan carlson,Dylan Carlson,93.4075144,98.1971997
jesus fernandez,Jesus Fernandez,29.270882,33.6442473
deniel ortiz,Deniel Ortiz,61.5732459,68.9897571
heriberto rincon,Heriberto Rincon,22.3380044,27.8098675
brandon lowe,Brandon Lowe,113.195993,82.4213874
yorvit diaz,Yorvit Diaz,7.18258938,11.0063835
julio rodriguez,Julio Rodriguez,131.606914,138.598645
tyler gentry,Tyler Gentry,74.5846892,86.505827
yandy diaz,Yandy Diaz,123.363878,140.257757
brady whalen,Brady Whalen,74.8876917,46.8090329
luis marquez,Luis Marquez,42.0359774,47.0402638
branny de oleo,Branny De Oleo,10.3231803,14.0565399
ronald guzman,Ronald Guzman,98.6945149,68.1453016
jhostin genao,Jhostin Genao,19.2551688,-1.5435437
jerffson pena,Jerffson Pena,16.0189538,-5.6558367
junwoo jeon,Junwoo Jeon,84.1789611,90.2425337
carter jensen,Carter Jensen,110.782203,87.3540322
daniel robertson,Daniel Robertson,66.4904287,74.6247524
edgar mota,Edgar Mota,-8.7653697,-4.7947689
cooper bowman,Cooper Bowman,67.5774558,75.3599444
kevin guerrero,Kevin Guerrero,24.1484392,30.2678574
maick collado,Maick Collado,55.9288964,56.6344179
nicolas deschamps,Nicolas Deschamps,34.2945273,10.4611511
hoy park,Hoy Park,81.6503196,56.3607314
austin hendrick,Austin Hendrick,63.2543921,32.1634433
cooper johnson,Cooper Johnson,58.6041079,67.5984959
christopher morel,Christopher Morel,96.4588656,108.913441
clayton campbell,Clayton Campbell,28.1938757,33.816076
cedric mullins,Cedric Mullins,95.523553,73.9903707
jalen battles,Jalen Battles,43.620044,50.1597094
steven duggar,Steven Duggar,68.5621821,42.1496546
jude warwick,Jude Warwick,28.62101,9.33653619
rey cruz,Rey Cruz,-2.1167316,-0.9455086
spencer jones,Spencer Jones,94.6139243,60.4012034
willson contreras,Willson Contreras,112.332865,123.418717
ryan wrobleski,Ryan Wrobleski,54.0980324,60.641058
luis abreu,Luis Abreu,-4.7975932,-3.512909
adrian placencia,Adrian Placencia,63.7072751,63.9645049
yojancel cabrera,Yojancel Cabrera,23.0694064,2.35223419
javier mora,Javier Mora,17.477336,22.4824632
bryan lavastida,Bryan Lavastida,70.5312994,80.4210238
jonny deluca,Jonny DeLuca,84.5357942,90.6267699
jadher areinamo,Jadher Areinamo,79.4714632,85.9958713
skyler messinger,Skyler Messinger,44.0063847,50.3182955
frederick bencosme,Frederick Bencosme,75.7795223,49.5693078
edouard julien,Edouard Julien,100.599744,70.4060188
jaron elkins,Jaron Elkins,38.4162408,45.1094343
alex mooney,Alex Mooney,52.9926936,59.7138849
eli serranoi,Eli SerranoI,61.8478176,34.8592412
vito friscia,Vito Friscia,82.1255113,90.2297094
jonathon long,Jonathon Long,100.651381,108.922168
ralphy velazquez,Ralphy Velazquez,96.8913898,64.7549511
engelth urena,Engelth Urena,41.3294977,46.7556697
gionti turner,Gionti Turner,48.7768971,54.8064396
darius perry,Darius Perry,15.8870232,22.6297113
alvaro matos,Alvaro Matos,1.96945759,-17.974309
juneiker caceres,Juneiker Caceres,57.0870793,32.1767317
corey collins,Corey Collins,48.4021881,21.8786124
leo jimenez,Leo Jimenez,91.3804321,95.6644431
drew romo,Drew Romo,71.6869774,76.5253444
daiverson gutierrez,Daiverson Gutierrez,41.5186953,46.2120763
nick dalesandro,Nick Dalesandro,50.7849847,58.054184
hunter renfroe,Hunter Renfroe,89.5528423,100.805812
alexander albertus,Alexander Albertus,46.1929814,53.1007173
bo davidson,Bo Davidson,101.456947,70.4098598
wyatt young,Wyatt Young,77.1599358,52.9359385
torin montgomery,Torin Montgomery,52.6167974,59.5144218
felix cotes,Felix Cotes,13.4625947,14.3789352
anderson fermin,Anderson Fermin,20.6517887,20.7364252
tyler austin,Tyler Austin,102.494311,112.254152
miguel welch,Miguel Welch,23.2588056,4.92857652
landon wallace,Landon Wallace,65.9920905,73.7826903
diego castillo,Diego Castillo,77.3686048,88.6447114
matt carpenter,Matt Carpenter,84.8923167,60.1726182
oliver tejada,Oliver Tejada,17.8684424,22.9852682
angel rodriguez,Angel Rodriguez,3.92756435,8.719003
jack larsen,Jack Larsen,82.0583602,51.807934
narciso polanco,Narciso Polanco,43.873939,22.9021147
jamie ritchie,Jamie Ritchie,76.677828,84.5619651
gregori arias,Gregori Arias,1.06234426,1.97371065
jacob jenkinscowart,Jacob Jenkins-Cowart,42.1399774,18.1201339
nico hoerner,Nico Hoerner,105.772461,111.876549
brenden dixon,Brenden Dixon,59.3803693,67.7239946
jorge soler,Jorge Soler,101.575474,116.889568
francisco garcia,Francisco Garcia,19.2766876,24.3732197
victor rodrigues,Victor Rodrigues,52.3095541,58.1550247
cristofer lebron,Cristofer Lebron,11.7057841,16.8856553
devin mann,Devin Mann,75.1822968,83.2188355
leni done,Leni Done,11.6421549,16.4403748
dayker baldallo,Dayker Baldallo,5.3578432,-10.287987
arlenn manzanillo,Arlenn Manzanillo,-1.5522381,-1.2109645
jerar encarnacion,Jerar Encarnacion,89.1286262,99.6571317
brandon winokur,Brandon Winokur,47.3814008,53.6828765
yael romero,Yael Romero,25.6451295,0.54868119
leandro emiliani,Leandro Emiliani,50.0205167,22.5387903
ricardo cova,Ricardo Cova,43.5813604,48.6569077
zach morgan,Zach Morgan,67.7647932,74.8492773
gilberto rojas,Gilberto Rojas,2.12774005,7.22316551
jean arnaez,Jean Arnaez,38.925032,42.9505882
cesar lugo,Cesar Lugo,22.0167191,1.15330132
jose marcano,Jose Marcano,23.1185415,28.0972354
angelo dispigna,Angelo DiSpigna,35.5491182,10.4622218
carter young,Carter Young,49.4145735,26.6371209
sandy presbot,Sandy Presbot,9.96523476,11.2108609
jose pastrano,Jose Pastrano,32.2290769,32.6060961
austin gauthier,Austin Gauthier,85.2128933,93.5025246
marco vargas,Marco Vargas,58.0227615,36.7023278
peson revierre,Peson Revierre,12.0673387,12.1504895
dervin andrade,Dervin Andrade,-1.5838234,2.71451149
reece walling,Reece Walling,30.543334,5.46125382
josh crouch,Josh Crouch,56.5685413,63.9040178
reminton batista,Reminton Batista,12.7760978,15.4456517
douglas glod,Douglas Glod,24.5109029,32.23202
elisandro ramirez,Elisandro Ramirez,-1.0354303,3.31816873
jose hernandez,Jose Hernandez,26.0125442,32.2689987
yensi rivas,Yensi Rivas,4.82568154,6.97425645
juan olmos,Juan Olmos,-3.6054548,1.30943958
angel ortiz,Angel Ortiz,69.6988083,44.1990278
junior suriel,Junior Suriel,15.7159753,20.3129191
cole turney,Cole Turney,52.9275823,25.4797919
jay thomason,Jay Thomason,61.1070696,31.9959675
ernny ordonez,Ernny Ordonez,39.7944142,46.7759583
jommer hernandez,Jommer Hernandez,36.7647481,42.5926307
brayan cortesia,Brayan Cortesia,8.27915742,12.8167077
oscar colina,Oscar Colina,12.2936306,17.1661647
euiji yang,Euiji Yang,91.4921498,97.8641851
elian pena,Elian Pena,30.6116636,7.4987492
juan hernandez,Juan Hernandez,14.8325241,-2.4146081
aaron judge,Aaron Judge,165.420054,182.171277
spencer horwitz,Spencer Horwitz,121.941358,94.2177913
christian yelich,Christian Yelich,122.830177,95.2512173
luke keaschall,Luke Keaschall,110.655421,113.883841
ernesto martinez,Ernesto Martinez,87.4230413,56.6141482
connor joe,Connor Joe,87.1611566,98.0780396
william simoneit,William Simoneit,51.3844787,58.8572148
adley rutschman,Adley Rutschman,113.985755,119.91485
grant lavigne,Grant Lavigne,86.8785812,55.134251
zach arnold,Zach Arnold,50.8883333,57.4101051
ryan higgins,Ryan Higgins,53.2062709,60.1549715
anthony longo,Anthony Longo,6.08650073,10.0241469
mason white,Mason White,41.1804912,20.350659
juan macero,Juan Macero,17.996849,21.6292099
carter trice,Carter Trice,68.7596026,78.892441
brendan donovan,Brendan Donovan,125.881485,99.3356468
yoshi tsutsugo,Yoshi Tsutsugo,86.4885951,56.8080081
robbie grossman,Robbie Grossman,83.7624934,95.4433008
angel genao,Angel Genao,79.6032135,83.3288254
kean wong,Kean Wong,75.6831766,54.4188986
juan jerez,Juan Jerez,30.8970113,37.482151
eddys leonard,Eddys Leonard,77.1041332,84.1729076
nehomar ochoa,Nehomar Ochoa,29.9523548,35.916952
carson williams,Carson Williams,69.9073954,82.3448792
lucas ramirez,Lucas Ramirez,8.09698277,-12.232268
darin ruf,Darin Ruf,75.3973697,91.8694721
by choi,B.Y. Choi,31.3494798,11.2014574
lyle millergreen,Lyle Miller-Green,41.4309676,49.1378885
nolan jones,Nolan Jones,101.797513,75.2528366
jakob christian,Jakob Christian,54.6874897,62.0171346
robin ortiz,Robin Ortiz,11.0244637,16.9173384
coby morales,Coby Morales,71.9213651,44.1779133
nick pratto,Nick Pratto,82.3471257,56.0064185
vladi gomez,Vladi Gomez,17.192355,-1.2380248
carlos garces,Carlos Garces,30.3170534,27.7951107
franyer noria,Franyer Noria,14.548225,17.9939518
isaac paredes,Isaac Paredes,122.590819,133.047092
callan moss,Callan Moss,66.4516683,74.3280031
gabriel araujo,Gabriel Araujo,14.5562525,19.3039905
alejandro nunez,Alejandro Nunez,54.9313076,31.4622666
gabriel arias,Gabriel Arias,82.9763928,83.3680238
elier hernandez,Elier Hernandez,72.2488997,82.8442316
tony blanco,Tony Blanco,32.2644288,39.9874193
carlos caripa,Carlos Caripa,10.353426,-9.2788729
brett wisely,Brett Wisely,84.9525063,62.0121463
elijah nunez,Elijah Nunez,55.1140774,30.721589
will verdung,Will Verdung,47.9181193,53.8390067
arnaldo lantigua,Arnaldo Lantigua,42.4084595,49.8248707
matthew ellis,Matthew Ellis,52.3174756,26.0758744
yoiber ruiz,Yoiber Ruiz,17.0909841,22.3166699
jorge lara,Jorge Lara,34.3028657,34.5558971
luis corobo,Luis Corobo,2.94950357,7.99202425
john cruz,John Cruz,36.0695362,12.8277274
adam engel,Adam Engel,49.6044892,60.8600323
miguel andujar,Miguel Andujar,106.376569,114.544359
trevor austin,Trevor Austin,62.8819607,68.7321817
max burt,Max Burt,45.2691697,51.7776062
allen ajoti,Allen Ajoti,0.98955978,5.68721352
nazzan zanetello,Nazzan Zanetello,22.3517338,29.2771482
parker meadows,Parker Meadows,95.1009531,71.2272017
rafael martinez,Rafael Martinez,2.15894754,6.38047789
garrett howe,Garrett Howe,35.9311702,15.4604316
eddie rynders,Eddie Rynders,4.45540037,-14.245965
tyler mcdonough,Tyler McDonough,63.4366983,66.9425561
jonathan mejia,Jonathan Mejia,26.1547716,27.5810609
luis maldonado,Luis Maldonado,0.57422605,5.09125535
jonathan aranda,Jonathan Aranda,121.329403,92.9969802
jonathan india,Jonathan India,102.034543,108.073306
matt halbach,Matt Halbach,40.7252272,46.3060953
geisel cepeda,Geisel Cepeda,77.5235562,83.4228426
ian moller,Ian Moller,55.4025441,63.9543816
chandler pollard,Chandler Pollard,28.5805103,33.2899455
aj ewing,A.J. Ewing,93.113061,65.6246909
diego munoz,Diego Munoz,11.6153677,17.2195446
nathan church,Nathan Church,99.3070959,79.812168
carson kelly,Carson Kelly,96.901249,107.961981
isaac garcia,Isaac Garcia,16.7088982,20.4602701
oliver carrillo,Oliver Carrillo,54.0661863,62.467054
joe vetrano,Joe Vetrano,53.7780294,26.3854682
tyrone taylor,Tyrone Taylor,83.9487828,90.7977523
will wagner,Will Wagner,109.344988,88.0595226
christian martin,Christian Martin,45.4499953,25.7708143
henry bolte,Henry Bolte,80.3119156,89.7528216
will banfield,Will Banfield,47.2973078,57.9998071
alexis hernandez,Alexis Hernandez,53.2723735,59.2251174
pavin smith,Pavin Smith,108.743267,81.0585951
dayan viciedo,Dayan Viciedo,79.2846473,85.1280983
jonaiker sandoval,Jonaiker Sandoval,-3.7049245,
steven herrera,Steven Herrera,1.51817723,7.41866986
yariell almanzar,Yariell Almanzar,-12.647393,-8.3907082
christopher paciolla,Christopher Paciolla,19.4823211,24.6589939
luis frias,Luis Frias,14.3789462,19.4951691
alejandro cruz,Alejandro Cruz,5.94638284,10.5308359
sandy sanchez,Sandy Sanchez,9.36643859,10.5188568
engel paulino,Engel Paulino,0.05224845,6.14829257
willy montero,Willy Montero,38.3400806,43.7330342
richard ramirez,Richard Ramirez,29.9956877,36.6731656
victor marquez,Victor Marquez,0.71681401,6.08107736
reginald preciado,Reginald Preciado,33.5610603,39.5442758
victor labrada,Victor Labrada,90.770179,63.2702714
dj gladney,DJ Gladney,65.2447057,73.9127413
tanner schobel,Tanner Schobel,70.6097378,78.2199214
dave neely,Dave Neely,-6.2039545,-23.418478
gabriel lopez,Gabriel Lopez,-7.1016936,-1.8865671
kevin novoa,Kevin Novoa,8.14990904,12.6700365
kleiver chauran,Kleiver Chauran,19.4201098,19.1661812
starlyn nunez,Starlyn Nunez,39.2959362,42.4185286
ben rortvedt,Ben Rortvedt,78.1503568,59.3854653
tj schofieldsam,T.J. Schofield-Sam,67.1734823,44.5602313
andry javier,Andry Javier,17.2912731,16.5458488
wander franco,Wander Franco,114.41515,124.170579
ryan mcmahon,Ryan McMahon,97.6307595,71.9683873
trevor boone,Trevor Boone,52.3112912,62.2621323
yidel diaz,Yidel Diaz,2.8701083,7.86013301
jay beshears,Jay Beshears,43.6110896,49.0643614
sean mclain,Sean McLain,52.5857487,58.0397112
cristofer torin,Cristofer Torin,69.089831,75.8257126
camilo diaz,Camilo Diaz,-1.2258133,4.37438708
tsungche cheng,Tsung-Che Cheng,67.6982969,46.4580114
nick lucky,Nick Lucky,34.7386493,10.6800099
jayce easley,Jayce Easley,38.3743151,44.174751
kevin dume,Kevin Dume,9.80853173,-13.280406
jose ochoa,Jose Ochoa,6.29000286,11.0237537
nick sogard,Nick Sogard,84.2888298,87.0326251
colin houck,Colin Houck,31.763103,38.4513489
nick morabito,Nick Morabito,78.6673243,86.3752732
ivan cespedes,Ivan Cespedes,6.56904383,11.9199636
victor caratini,Victor Caratini,105.951615,95.2911904
luis ogando,Luis Ogando,14.1695828,19.0505346
tim locastro,Tim Locastro,75.8828054,80.5889712
caleb pendleton,Caleb Pendleton,25.0847498,31.8310274
logun clark,Logun Clark,20.5913617,26.3795212
daniel gaitor,Daniel Gaitor,3.15233852,5.46753936
braedon karpathios,Braedon Karpathios,84.4145432,53.6914474
jan mercado,Jan Mercado,55.7345927,64.4408229
cole fontenelle,Cole Fontenelle,46.2339985,48.5835887
chris taylor,Chris Taylor,72.7444106,76.6273277
yohandy morales,Yohandy Morales,77.7258897,86.460923
matt oneill,Matt O'Neill,52.0026375,60.4665506
geraldi diaz,Geraldi Diaz,37.4259615,12.9890073
steven cruz,Steven Cruz,17.5535917,17.156354
esteban romero,Esteban Romero,24.9016116,4.66958496
david ortiz,David Ortiz,0.48723078,-20.908662
dominic fletcher,Dominic Fletcher,85.8161782,61.045042
kazuma okamoto,Kazuma Okamoto,108.790253,117.145218
billy amick,Billy Amick,53.5627336,60.4103167
david carrera,David Carrera,9.14058266,15.4388905
danny de andrade,Danny De Andrade,47.1839333,52.3238164
yhoan escalona,Yhoan Escalona,-2.4917912,2.1629712
daz cameron,Daz Cameron,84.7260325,94.7993401
caleb ricketts,Caleb Ricketts,76.1122004,48.1274375
patrick wisdom,Patrick Wisdom,86.7046343,97.6894509
carlos perez,Carlos Perez,81.8011158,95.3757095
rhys hoskins,Rhys Hoskins,99.2358618,115.098422
griffin lockwoodpowell,Griffin Lockwood-Powell,67.6285266,75.8549431
cristhian vaquero,Cristhian Vaquero,36.9132637,38.5588202
tanner murray,Tanner Murray,65.1315728,72.3248407
peyton burdick,Peyton Burdick,57.8358621,72.2200416
walking cabrera,Walking Cabrera,49.3071434,56.4290339
jackson loftin,Jackson Loftin,35.8041039,41.0608832
qyshawn legito,Qyshawn Legito,-4.5717605,0.9342448
douglas hodoi,Douglas HodoI,67.1017729,75.3378716
bryce harper,Bryce Harper,144.447433,118.843877
kevin villavicencio,Kevin Villavicencio,35.4779836,39.9779592
noah cardenas,Noah Cardenas,76.0220934,83.5139509
matt wallner,Matt Wallner,121.391443,95.8482783
miguel tamares,Miguel Tamares,9.1642676,9.06695828
estiven machado,Estiven Machado,40.8119988,42.3467748
brandon mcilwain,Brandon McIlwain,73.47989,80.618357
alberth palma,Alberth Palma,31.2415855,36.4105829
raimundo de los santos,Raimundo De Los Santos,8.36549175,9.69236158
caden rose,Caden Rose,50.5125711,57.8626422
dominic pitelli,Dominic Pitelli,48.3699131,24.9226165
ethan frey,Ethan Frey,43.1256477,50.3979718
starlin aguilar,Starlin Aguilar,19.3151054,-2.3736839
paris johnson,Paris Johnson,0.95798335,7.21895537
cade mcgee,Cade McGee,36.8795874,43.2442828
joe suozzi,Joe Suozzi,70.0938557,77.6868256
yohander martinez,Yohander Martinez,33.0292604,37.6729817
estiven giron,Estiven Giron,9.46905947,-10.706608
ian farrow,Ian Farrow,25.6482512,32.8122667
andy lugo,Andy Lugo,54.5340401,60.9325449
jo adell,Jo Adell,105.036072,123.442085
sergio tapia,Sergio Tapia,32.658829,37.8968825
marvin alcantara,Marvin Alcantara,58.8344723,65.2576203
korry howell,Korry Howell,70.2403645,79.1961728
josh morgan,Josh Morgan,62.0836139,68.2809714
kevin garcia,Kevin Garcia,16.7378045,22.7104548
santiago gomez,Santiago Gomez,28.0279415,32.6933584
drew avans,Drew Avans,75.59895,52.1053893
haritzon castillo,Haritzon Castillo,14.6100802,16.0976998
dylan dreiling,Dylan Dreiling,63.2463227,35.3770143
abimelec ortiz,Abimelec Ortiz,101.813334,69.8816574
ryan ritter,Ryan Ritter,80.2371371,91.2617778
xavier guillen,Xavier Guillen,25.7275329,28.6015594
dario laverde,Dario Laverde,40.6948147,18.6038876
zach daudet,Zach Daudet,41.0708722,47.664576
brewer hicklen,Brewer Hicklen,72.0673831,83.8037206
frederi montero,Frederi Montero,14.7267224,-4.9508081
julio acosta,Julio Acosta,-11.364392,-5.4353798
hunter haas,Hunter Haas,24.1250587,29.5526689
luke ritter,Luke Ritter,64.0285861,72.8672312
waner luciano,Waner Luciano,29.381656,34.3934457
gabriel terrero,Gabriel Terrero,17.2009863,18.8263381
wagnel luna,Wagnel Luna,1.72817175,6.49535549
axiel plaz,Axiel Plaz,51.0560468,57.1366557
edgardo figueroa,Edgardo Figueroa,-9.7571874,-5.6962868
nestor urbina,Nestor Urbina,9.58903911,12.0186463
ariel almonte,Ariel Almonte,42.6626547,14.1673867
michael hermosillo,Michael Hermosillo,84.8973922,95.0347332
colson montgomery,Colson Montgomery,103.117701,82.4253432
riley unroe,Riley Unroe,72.7392852,73.6358659
erick torres,Erick Torres,46.9396877,52.3910967
yolfran castillo,Yolfran Castillo,34.6341769,39.5505236
nelson beltran,Nelson Beltran,24.3630972,30.8876837
isaac pena,Isaac Pena,30.4430452,30.9447022
connor dykstra,Connor Dykstra,19.64748,23.8018825
bjay cooke,Bjay Cooke,16.1755139,21.8968075
hiroyuki nakajima,Hiroyuki Nakajima,59.0354476,64.9300405
eliesbert alejos,Eliesbert Alejos,14.4414603,17.8808125
haniel german,Haniel German,0.82893867,6.53846619
joshua fermin,Joshua Fermin,-3.4597634,1.03737844
ludwing espinoza,Ludwing Espinoza,1.48501548,6.46562154
rafael oropeza,Rafael Oropeza,-0.9064973,-15.905447
darlin moquete,Darlin Moquete,64.5425477,72.1433873
luis rengifo,Luis Rengifo,92.6633895,100.040675
darius hill,Darius Hill,74.0007178,49.6984843
jake cunningham,Jake Cunningham,36.3470731,43.5336494
adrian pinto,Adrian Pinto,65.4469353,71.6696279
cole young,Cole Young,107.884308,88.9372695
drew bowser,Drew Bowser,34.3497927,41.4368693
alex hall,Alex Hall,47.241421,46.8413316
kyle schwarber,Kyle Schwarber,141.681821,116.642987
james tibbsi,James TibbsI,96.1911638,62.6964787
jonah heim,Jonah Heim,81.4280877,87.9118162
jameson hannah,Jameson Hannah,84.0470693,56.3087501
johnathan rodriguez,Johnathan Rodriguez,98.8503414,113.859202
amauri ramirez,Amauri Ramirez,8.80365571,-11.736619
eduardo ponce,Eduardo Ponce,14.8880236,20.4993835
donovan antonia,Donovan Antonia,22.6526827,27.848979
angel tejada,Angel Tejada,34.1335076,39.4046841
larry martinez,Larry Martinez,34.6027289,38.9694304
david guzman,David Guzman,23.8816494,2.96538337
carlos narvaez,Carlos Narvaez,89.0514583,100.918862
cody wilson,Cody Wilson,35.4103494,42.8638881
dustin peterson,Dustin Peterson,65.4993837,74.2564689
alessander de la cruz,Alessander De La Cruz,12.8898572,19.3936474
estevan florial,Estevan Florial,94.150897,65.2371121
cameron leary,Cameron Leary,60.4135371,33.0446901
limanol payero,Limanol Payero,-7.9900187,-2.836339
cam devanney,Cam Devanney,69.6017654,78.8848841
joe olsavsky,Joe Olsavsky,43.4677891,48.5202166
juan sanchez,Juan Sanchez,24.2327651,28.9217397
danny gonzalez,Danny Gonzalez,4.7494149,9.07816911
jesus machado,Jesus Machado,6.31971336,11.3614818
roc riggio,Roc Riggio,89.7897511,57.7260347
andy yerzy,Andy Yerzy,68.8257288,40.1295281
leandy mella,Leandy Mella,-2.6307559,-18.703743
brett auerbach,Brett Auerbach,67.9024809,75.8399864
anderson de los santos,Anderson De Los Santos,51.3239834,58.464138
logan braunschweig,Logan Braunschweig,59.6314848,33.3003024
anderson machado,Anderson Machado,-2.1705087,2.70814151
josue brito,Josue Brito,23.1654065,30.345292
gregori cano,Gregori Cano,11.0670865,-10.203259
alan angulo,Alan Angulo,12.4881771,15.8655051
cj alexander,CJ Alexander,77.7593692,49.741664
randy bednar,Randy Bednar,33.6361623,40.0859791
dylan orae,Dylan O'Rae,77.2948355,52.2321558
yasiel puig,Yasiel Puig,74.0681556,81.4789372
dayro perez,Dayro Perez,22.1128956,28.0931841
seby zavala,Seby Zavala,55.5754164,66.0496022
dillon head,Dillon Head,45.1150718,21.6930656
ryan waldschmidt,Ryan Waldschmidt,101.105752,108.880188
ricardo romero,Ricardo Romero,29.625969,10.7879907
alex de jesus,Alex De Jesus,62.4868276,70.2924203
brandon marsh,Brandon Marsh,111.872889,76.5400678
jordan diaz,Jordan Diaz,86.2326097,97.3431675
gregory polanco,Gregory Polanco,80.4573712,48.4320957
daniel meza,Daniel Meza,-2.0877341,-19.892915
jacob cozart,Jacob Cozart,76.0186857,46.8813278
ryan mountcastle,Ryan Mountcastle,97.575638,111.231492
yunior quezada,Yunior Quezada,10.3556176,-10.83208
ronald acuna,Ronald Acuna,144.516462,156.299761
luis mieses,Luis Mieses,74.0420618,45.9048009
juan benjamin,Juan Benjamin,54.8456835,57.8629805
aaron sabato,Aaron Sabato,68.1719865,77.8278594
nick martini,Nick Martini,93.1119313,70.5374926
nick ahmed,Nick Ahmed,53.4760134,62.1337244
blake wright,Blake Wright,55.3863579,61.8058475
michael trautwein,Michael Trautwein,62.9092822,32.620349
yeniel laboy,Yeniel Laboy,34.0319135,10.9259348
richie martin,Richie Martin,61.9514262,68.9182113
raul pereira,Raul Pereira,5.36290163,9.00177804
carlos tirado,Carlos Tirado,14.8689338,-7.2119699
eli white,Eli White,80.3242774,90.3595658
will wilson,Will Wilson,62.4077929,71.0136118
hayden senger,Hayden Senger,60.2690895,65.6001147
anthony tandron,Anthony Tandron,3.16489511,7.67384342
nathan archer,Nathan Archer,29.6394049,5.46331432
tyler naquin,Tyler Naquin,74.487953,45.5841299
cris rodriguez,Cris Rodriguez,18.97997,24.827158
colt keith,Colt Keith,117.275101,90.0667258
josue de paula,Josue De Paula,84.301731,53.0483643
vladimir guerrero,Vladimir Guerrero,148.383033,163.787704
capri ortiz,Capri Ortiz,43.1551323,45.1397856
thomas gavello,Thomas Gavello,72.7714727,45.1520739
miguel bleis,Miguel Bleis,65.6914312,73.4032647
ethan anderson,Ethan Anderson,75.1856881,75.9689572
anthony abreu,Anthony Abreu,-2.9367598,-23.544675
marcus brown,Marcus Brown,39.8024969,20.5162066
malvin valdez,Malvin Valdez,22.2166456,28.6367942
michael brantley,Michael Brantley,105.267945,73.9412592
zach reks,Zach Reks,76.307367,49.9963135
armani smith,Armani Smith,75.7927736,84.447704
leandro pineda,Leandro Pineda,80.3777586,51.9381548
christian arroyo,Christian Arroyo,66.3136384,71.5064968
christopher alvarado,Christopher Alvarado,13.5634963,18.4222884
angel garcia,Angel Garcia,12.8711014,17.0553426
tyler tolbert,Tyler Tolbert,64.2880973,71.4920834
wilmeyber penuela,Wilmeyber Penuela,-3.6585951,
grae kessinger,Grae Kessinger,63.9796363,73.1005717
yaxson lucena,Yaxson Lucena,35.9251167,14.0320824
abel bastidas,Abel Bastidas,26.5953642,30.5290886
ramon laureano,Ramon Laureano,102.423848,116.341509
esmil valencia,Esmil Valencia,40.4794623,46.5180576
juan tomas,Juan Tomas,-5.382269,-3.6169991
jose verdugo,Jose Verdugo,15.3871355,19.6181887
jim haley,Jim Haley,66.4928917,73.6050425
ronald ramirez,Ronald Ramirez,10.3193022,14.5841366
ryan picollo,Ryan Picollo,15.0895459,22.4182849
enmanuel bonilla,Enmanuel Bonilla,2.18030745,7.94076836
matt chapman,Matt Chapman,110.425111,124.189373
cade marlowe,Cade Marlowe,78.8408072,51.1832112
jake holton,Jake Holton,83.4591223,91.4512216
fernando caldera,Fernando Caldera,17.5156398,24.0429202
alan frias,Alan Frias,-4.824541,0.67230202
michael sandle,Michael Sandle,61.0950916,68.3000934
isais chavez,Isais Chavez,0.2632327,5.08272152
michael siani,Michael Siani,67.3217286,45.1053962
sean murphy,Sean Murphy,96.5323719,103.015325
gage miller,Gage Miller,66.8979138,72.584757
narciso crook,Narciso Crook,69.144452,82.4915838
fabian pertuz,Fabian Pertuz,51.1184246,58.3336477
jordan brewer,Jordan Brewer,69.20595900000001,76.5425425
estuar suero,Estuar Suero,4.48417939,5.90090812
diego gonzalez,Diego Gonzalez,26.5622449,32.2076217
jackson glenn,Jackson Glenn,58.7529413,65.9538715
aiden taurek,Aiden Taurek,43.3593263,49.0508009
michael gigliotti,Michael Gigliotti,81.1382714,50.9545757
max wagner,Max Wagner,60.8349986,68.8627351
kevin sim,Kevin Sim,35.8019697,41.3451644
denzer guzman,Denzer Guzman,66.9181084,76.5208172
erick arosemena,Erick Arosemena,7.97847408,12.9484002
dominic smith,Dominic Smith,96.1036966,75.7240455
juan soto,Juan Soto,175.338658,141.40041
raypatrick didder,Ray-Patrick Didder,54.8722529,61.1058787
jeremy rodriguez,Jeremy Rodriguez,37.2753603,18.1174371
ezequiel pena,Ezequiel Pena,30.7473202,12.6381725
joshua kurodagrauer,Joshua Kuroda-Grauer,81.0038901,86.3465651
tomas nido,Tomas Nido,60.1796291,66.7900208
jose altuve,Jose Altuve,111.371759,120.443581
donta williams,Donta' Williams,66.468571,38.5491519
carlos cortes,Carlos Cortes,102.832707,79.1372167
jace bohrofen,Jace Bohrofen,81.4452668,50.3030605
kade kretzschmar,Kade Kretzschmar,56.8816004,32.404521
heison sanchez,Heison Sanchez,20.3301564,1.00261107
nasim nunez,Nasim Nunez,79.1121647,91.3207212
chris gittens,Chris Gittens,80.1345044,94.6694917
jimmy crooks,Jimmy Crooks,90.6079668,69.0484757
alexander martinez,Alexander Martinez,15.1416032,20.3703754
carlos de la cruz,Carlos De La Cruz,60.4374135,68.5912357
juan brito,Juan Brito,94.4763115,92.7201844
garrett hampson,Garrett Hampson,59.2890902,70.5570838
yasel antuna,Yasel Antuna,70.8530712,69.3104257
luis luna,Luis Luna,-3.4829513,-0.1195778
andrew stevenson,Andrew Stevenson,87.8675037,63.2239709
diosbel arias,Diosbel Arias,57.1075767,64.5048922
andrew knizner,Andrew Knizner,81.3140639,84.0462241
ed howard,Ed Howard,39.5495875,46.104878
victor rodriguez,Victor Rodriguez,-1.4369342,4.0074312
tavano baker,Tavano Baker,13.1532015,-7.5187082
kevin watson,Kevin Watson Jr,53.7610208,29.2755318
jack moss,Jack Moss,54.6709055,29.4833163
jean joseph,Jean Joseph,35.5164228,40.2969
daniel vogelbach,Daniel Vogelbach,108.501062,68.1717949
delvin perez,Delvin Perez,60.0315391,66.3245374
hector nieves,Hector Nieves,62.9376508,36.7474052
javier acevedo,Javier Acevedo,15.9484565,-4.5453494
francisco loreto,Francisco Loreto,3.62264455,7.91391463
lexer saduy,Lexer Saduy,42.0409226,17.8356439
jose aular,Jose Aular,6.52338802,10.5053852
josh sale,Josh Sale,78.9550707,47.1138587
eric brown,Eric Brown,50.7889677,57.0623579
luis cova,Luis Cova,27.3802354,33.467494
kevin ereu,Kevin Ereu,-2.6315606,1.4244512
emmanuel rodriguez,Emmanuel Rodriguez,103.453319,68.5012447
victor robles,Victor Robles,91.5357455,99.8451327
dylan jasso,Dylan Jasso,67.820024,75.2312405
will mcgillis,Will McGillis,31.7007743,37.404366
martin tamara,Martin Tamara,-0.5765263,3.47647718
avinson pinto,Avinson Pinto,17.7759249,0.4620785
brett sullivan,Brett Sullivan,72.3141013,49.0917969
johnny olmstead,Johnny Olmstead,61.055928,67.6956924
brenton doyle,Brenton Doyle,77.3879271,90.8313996
bryce ball,Bryce Ball,69.0020662,39.3720263
tim borden,Tim Borden,38.3375853,43.9307188
matt kroon,Matt Kroon,79.1917272,87.1733361
jose monserrate,Jose Monserrate,9.37043923,15.180961
christian walker,Christian Walker,100.965449,110.660819
adam zebrowski,Adam Zebrowski,52.1475003,60.7289503
yorfran medina,Yorfran Medina,7.729335,13.5426894
miguel vargas,Miguel Vargas,102.949549,113.820457
erick alvarez,Erick Alvarez,31.6831017,37.33685
cristopfer gonzalez,Cristopfer Gonzalez,-3.2586028,2.36740423
jorge alfaro,Jorge Alfaro,62.028629,69.8508622
andruw musett,Andruw Musett,42.2187626,49.1972442
kendry chirinos,Kendry Chirinos,35.0668421,41.8338318
vaughn grissom,Vaughn Grissom,88.0492139,97.5098413
chris lanzilli,Chris Lanzilli,49.2598347,56.0587451
daylen lile,Daylen Lile,114.89415,91.4230863
john rhodes,John Rhodes,61.4798726,69.5676104
diego mosquera,Diego Mosquera,36.3869967,40.6117957
eriandys ramon,Eriandys Ramon,19.6622299,23.0215552
travis bazzana,Travis Bazzana,92.1425273,60.7162757
ivan brethowr,Ivan Brethowr,49.8237735,55.5497603
cristian feliz,Cristian Feliz,34.2835885,7.3733342
jacob hinderleider,Jacob Hinderleider,15.3018324,22.7201756
zach daniels,Zach Daniels,73.2684226,82.6752675
ricardo rosario,Ricardo Rosario,34.8273073,40.2789305
herlinton herrera,Herlinton Herrera,10.3537125,-8.6066782
dameury pena,Dameury Pena,49.5974808,53.8869594
demetrio crisantes,Demetrio Crisantes,67.9449616,74.8253972
john estevez,John Estevez,17.1902675,-4.3874945
spencer nivens,Spencer Nivens,86.1525389,55.7031951
andres villafane,Andres Villafane,18.4973403,-0.14888
canaan smithnjigba,Canaan Smith-Njigba,86.3980749,59.0260032
justin foscue,Justin Foscue,90.1054444,101.571555
parker chavers,Parker Chavers,73.4582049,46.1096531
robert calaz,Robert Calaz,47.8262317,54.6688217
yordani soto,Yordani Soto,6.05265555,7.63509961
terrin vavra,Terrin Vavra,77.7594832,57.0091221
kelvin diaz,Kelvin Diaz,23.3356727,29.9277146
jairo diaz,Jairo Diaz,33.4482137,12.2831412
andy atwood,Andy Atwood,54.5676716,60.4206903
myles smith,Myles Smith,42.1602338,15.6519635
junior perez,Junior Perez,73.3281295,83.5538907
dane myers,Dane Myers,80.7469522,94.3759756
devonte brown,Devonte Brown,66.966722,76.9902536
jt bain,J.T. Bain,-17.350271,-11.727733
omar mejia,Omar Mejia,2.00385414,7.78042346
gary sanchez,Gary Sanchez,92.5550419,104.071278
tyler wade,Tyler Wade,73.8307509,54.4064761
miguel amaya,Miguel Amaya,94.1072346,100.44043
kevin parada,Kevin Parada,65.6948326,74.122846
loidel chapelli,Loidel Chapelli,59.8062143,35.1542338
wilfri de la cruz,Wilfri De La Cruz,10.4629625,10.7243412
jheremy vargas,Jheremy Vargas,50.3981614,56.4592268
javier sanchez,Javier Sanchez,16.3279367,20.7662748
scott hurst,Scott Hurst,87.7772061,61.21734
zack collins,Zack Collins,80.3577289,50.9853661
colton vincent,Colton Vincent,23.2257142,27.5250685
terrell tatum,Terrell Tatum,71.7986366,43.6761291
grant witherspoon,Grant Witherspoon,72.8896114,42.6430304
max mcdowell,Max McDowell,48.6314119,54.3063499
brice turang,Brice Turang,109.890191,86.796711
randy de jesus,Randy De Jesus,41.7765877,50.2174615
andruw monasterio,Andruw Monasterio,84.1991423,94.9705016
anthony huezo,Anthony Huezo,36.0486201,9.27478303
gleyber torres,Gleyber Torres,108.718533,122.534216
jean c gutierrez,Jean C. Gutierrez,-4.0974695,0.53748277
brent rooker,Brent Rooker,117.240381,135.140809
chase luttrell,Chase Luttrell,44.0297094,18.7265194
jonathan martinez,Jonathan Martinez,11.5270113,12.9510478
andrew velazquez,Andrew Velazquez,49.4017572,65.375708
max schuemann,Max Schuemann,80.3569148,88.8871951
josue briceno,Josue Briceno,96.0103616,64.2677434
andrew jenkins,Andrew Jenkins,52.5104895,58.8045469
elijah green,Elijah Green,29.9234099,38.7314398
munetaka murakami,Munetaka Murakami,126.716832,86.0073182
jimmy govern,Jimmy Govern,65.2611472,71.8323247
luis galan,Luis Galan,4.65411223,8.94983435
jeremiah boyd,Jeremiah Boyd,21.792389,28.339257
freddie freeman,Freddie Freeman,137.835316,112.512762
everett cooperi,Everett CooperI,40.5752913,20.6487251
francisco hernandez,Francisco Hernandez,42.889215,49.1132607
rodolfo castro,Rodolfo Castro,71.579909,95.2640163
bohan adderley,Bohan Adderley,-2.0852193,2.6684494
duncan pastore,Duncan Pastore,64.7476519,70.5623617
yoffry solano,Yoffry Solano,14.5457453,16.1942835
elis barreat,Elis Barreat,30.2054278,35.2434466
jonah bride,Jonah Bride,88.6214289,98.643788
manuel palencia,Manuel Palencia,60.6320158,67.1896844
jack winkler,Jack Winkler,55.0525198,62.4782918
elias marrero,Elias Marrero,-13.26335,-28.322523
luis marinez,Luis Marinez,9.71908986,15.7731134
milkar perez,Milkar Perez,52.828951,53.7804636
ruben santana,Ruben Santana,39.7537169,46.4398642
axel sanchez,Axel Sanchez,57.2442944,63.8796587
javier rivas,Javier Rivas,57.6386058,63.7614256
korey holland,Korey Holland,53.9088535,63.0156833
renair manrique,Renair Manrique,3.68318143,5.2001476
edgar lugo,Edgar Lugo,17.2746512,20.6304648
jacob nottingham,Jacob Nottingham,56.7542084,68.5625114
moises morales,Moises Morales,5.10594903,-14.570823
elio prado,Elio Prado,61.4948913,68.5547854
jorge bonifacio,Jorge Bonifacio,82.3482635,94.8315831
drew maggi,Drew Maggi,60.7031377,70.0534117
joey meneses,Joey Meneses,81.9101842,91.3996601
jefferson valladares,Jefferson Valladares,37.263063,42.8379486
max stassi,Max Stassi,71.9367245,83.7303512
jaset martinez,Jaset Martinez,24.2175582,-0.8011158
erik gonzalez,Erik Gonzalez,54.0405706,62.7954122
adrian santana,Adrian Santana,46.0246939,49.1922337
austin hays,Austin Hays,89.5580482,102.580062
cesar garcia,Cesar Garcia,-0.5485337,-19.257634
eduardo perez,Eduardo Perez,-2.5233611,2.87279274
joan gutierrez,Joan Gutierrez,9.69022778,-9.2189745
jeiker gudino,Jeiker Gudino,-0.6362189,2.96324362
jose alvarez,Jose Alvarez,69.6440279,76.5183168
victor acosta,Victor Acosta,39.779878,39.8140395
josh jung,Josh Jung,96.9492938,113.372856
barrett riebock,Barrett Riebock,37.8023277,13.5438599
james triantos,James Triantos,74.6152042,80.4855077
enrique bradfield,Enrique Bradfield,88.6424909,60.7097168
jacob campbell,Jacob Campbell,62.4970985,69.7895926
jose meza,Jose Meza,45.8235314,52.3613447
jud fabian,Jud Fabian,68.6566418,78.6816168
erubiel fuentes,Erubiel Fuentes,3.10455743,7.11662986
shea langeliers,Shea Langeliers,112.190451,123.64596
garrett spain,Garrett Spain,64.3075775,35.2457333
ramcell medina,Ramcell Medina,13.7071597,18.1111779
cole mcconnell,Cole McConnell,45.8136476,19.6408304
yonny hernandez,Yonny Hernandez,69.3777516,74.195181
rafe perich,Rafe Perich,49.7853572,49.6225529
carter johnson,Carter Johnson,19.893288,1.20675955
daniel cabrera,Daniel Cabrera,82.0219737,53.5045781
stephen hrustich,Stephen Hrustich,37.5852408,43.410693
juan santander,Juan Santander,28.4018446,33.997182
fernando hernandez,Fernando Hernandez,12.2578543,15.6349241
jose salas,Jose Salas,57.0979937,59.7685097
carlos matias,Carlos Matias,10.2247169,14.485792
derlin figueroa,Derlin Figueroa,50.9850024,25.7582626
joel dragoo,Joel Dragoo,33.3192108,40.2645193
cooper hummel,Cooper Hummel,90.5859934,98.7643107
saivel zayas,Saivel Zayas,3.87950856,9.23622714
royelny strop,Royelny Strop,4.05232094,-15.684117
angel gonzalez,Angel Gonzalez,16.9189492,-3.8680006
nestor miranda,Nestor Miranda,2.83557218,8.49107867
ryan nicholson,Ryan Nicholson,83.2931945,51.4094204
jairo pomares,Jairo Pomares,79.4713961,49.5034169
jt schwartz,JT Schwartz,84.9639723,57.3126777
avisail garcia,Avisail Garcia,64.79051,74.3355165
tayden hall,Tayden Hall,59.7779484,32.8236852
rosman verdugo,Rosman Verdugo,43.8597907,51.8339489
franco willias,Franco Willias,14.9044857,18.1208255
arnold prado,Arnold Prado,17.2426731,24.0291673
albert carpio,Albert Carpio,7.02127518,10.4561384
nick loftin,Nick Loftin,95.3085009,102.8176
santiago camacho,Santiago Camacho,19.6257969,19.4055031
byron buxton,Byron Buxton,114.44538,129.175509
roberto campos,Roberto Campos,66.5581571,74.1341277
juan torres,Juan Torres,22.5914279,26.3456105
byeongwoo jeon,Byeong-woo Jeon,55.483826,63.7231879
michell ojeda,Michell Ojeda,11.0390045,-6.8685462
nico perez,Nico Perez,36.5213348,42.6141001
jase bowen,Jase Bowen,72.210784,80.5810508
gj hill,GJ Hill,60.8821576,62.0496023
sam mongelli,Sam Mongelli,40.8524482,47.2324961
jean segura,Jean Segura,68.0683593,77.8779079
angel martinez,Angel Martinez,84.8524718,93.6149547
mateo gil,Mateo Gil,58.2459674,65.1328453
jac caglianone,Jac Caglianone,115.129445,96.8072147
jonny butler,Jonny Butler,78.195165,49.2159005
anderson areinamo,Anderson Areinamo,17.2880141,21.555055
willie maciver,Willie MacIver,80.077132,89.8774433
manuel beltre,Manuel Beltre,37.4565211,42.1379311
jose rivera,Jose Rivera,2.73306801,5.70415029
robinson chacon,Robinson Chacon,11.8230354,-7.7215807
buddy kennedy,Buddy Kennedy,90.0312185,98.9095948
matt reynolds,Matt Reynolds,68.6430088,79.6614137
carlos batista,Carlos Batista,-4.108301,1.99835615
brad cumbest,Brad Cumbest,13.1162328,19.1462913
chris williams,Chris Williams,68.1645026,77.58574
ivan melendez,Ivan Melendez,80.2815105,89.1651172
justin lavey,Justin Lavey,45.9428851,52.0208322
caleb farmer,Caleb Farmer,25.069192,30.1534889
maverick handley,Maverick Handley,65.0309508,72.6361467
chase valentine,Chase Valentine,26.1209739,32.0533387
daniel montano,Daniel Montano,80.6976375,49.83782
carlos mendoza,Carlos Mendoza,94.5942351,69.113487
breyson guedez,Breyson Guedez,32.3166215,11.747443
adrian rodriguez,Adrian Rodriguez,22.8460897,27.7388231
anthony bemboom,Anthony Bemboom,67.2362417,43.3396545
garrett pennington,Garrett Pennington,59.9069895,66.1575925
kehden hettiger,Kehden Hettiger,48.1830644,21.4042723
angel cruz,Angel Cruz,14.4577244,18.0202399
travis darnaud,Travis d'Arnaud,75.3953361,85.1396624
jake steels,Jake Steels,40.2338377,45.840631
bernard moon,Bernard Moon,32.3106989,37.1021815
ashly andujar,Ashly Andujar,11.7643166,15.7218732
ovandy frias,Ovandy Frias,-4.5743162,0.28082328
tucker toman,Tucker Toman,43.5543721,45.1060317
justin barry,Justin Barry,-0.3985795,3.96891582
morgan mccullough,Morgan McCullough,71.5382913,44.063553
nick schnell,Nick Schnell,77.8961009,47.2093953
silas ardoin,Silas Ardoin,62.3136007,71.0239884
anthony gutierrez,Anthony Gutierrez,50.9442898,56.4729459
alfredo benzan,Alfredo Benzan,21.4908707,24.1463608
micael ramirez,Micael Ramirez,61.4059393,67.9316114
shendrion martinus,Shendrion Martinus,-2.9530187,1.03690016
quincy nieporte,Quincy Nieporte,70.9786671,79.400392
carson demartini,Carson DeMartini,75.6222034,46.0980539
rylan bannon,Rylan Bannon,65.6460792,77.9023391
bubba alleyne,Bubba Alleyne,58.6390325,60.8780499
manuel cabrera,Manuel Cabrera,-1.2518338,3.13192305
matthew dyer,Matthew Dyer,64.0565785,73.2915442
corbin carroll,Corbin Carroll,139.270467,113.309867
omar narvaez,Omar Narvaez,76.2966236,51.7737996
dilan rosario,Dilan Rosario,60.2483531,67.6131386
yolmer sanchez,Yolmer Sanchez,62.4129005,65.2807852
mikey romero,Mikey Romero,78.1414711,49.1298793
elvis rijo,Elvis Rijo,26.8577446,31.0269448
colby smelley,Colby Smelley,63.6376948,70.3331423
ryan burrowes,Ryan Burrowes,35.4968759,40.7790799
daulton varsho,Daulton Varsho,104.854741,80.0634936
isaiah greene,Isaiah Greene,59.308378,31.5733485
denzel clarke,Denzel Clarke,77.976723,86.8579113
carlos gonzalez,Carlos Gonzalez,7.44596522,13.2481748
tanner murphy,Tanner Murphy,51.5769784,60.953836
roynier hernandez,Roynier Hernandez,46.3065552,27.2705939
shawn ross,Shawn Ross,48.1999803,58.5508376
jesus ordonez,Jesus Ordonez,36.3564032,41.1976486
ian petrutz,Ian Petrutz,72.4242581,47.9903739
henry davis,Henry Davis,81.7611221,93.2381026
josh donaldson,Josh Donaldson,75.5401331,89.2226642
jose rodriguez,Jose Rodriguez,76.8944763,83.5754984
eduardo escobar,Eduardo Escobar,73.7160163,90.5183715
dylan shockley,Dylan Shockley,36.4900375,43.7768823
leandro alsinois,Leandro Alsinois,9.59147441,15.1047771
harrison bader,Harrison Bader,94.1741287,99.7792202
andrew cossetti,Andrew Cossetti,68.6152844,77.0104935
ivan johnson,Ivan Johnson,70.0444762,70.9298114
manuel sequera,Manuel Sequera,38.4028293,43.3594371
jesus lizardo,Jesus Lizardo,3.57446032,4.26669675
pete crowarmstrong,Pete Crow-Armstrong,115.098891,84.8848103
nathan flewelling,Nathan Flewelling,40.3060237,14.5278567
vicent nunez,Vicent Nunez,-6.2813404,-2.3868736
errol robinson,Errol Robinson,55.5484731,63.0599714
johnathon thomas,Johnathon Thomas,50.5194737,55.8055838
guillermo rosario,Guillermo Rosario,11.758814,17.8812143
shohei ohtani,Shohei Ohtani,170.467757,132.06544
leroy escalante,Leroy Escalante,,-14.810335
louis pierre,Louis Pierre,3.86506948,-16.757258
dayber cruceta,Dayber Cruceta,16.6578436,-4.5936387
ariel armas,Ariel Armas,45.9223175,50.9745151
brandon drury,Brandon Drury,77.7505679,85.2158116
roy rivero,Roy Rivero,18.0759432,1.5779642
neyfy castillo,Neyfy Castillo,69.9058534,79.4643636
archer brookman,Archer Brookman,38.3754824,43.3340464
antonio pimentel,Antonio Pimentel,26.0606714,8.14010534
jimmy glowenke,Jimmy Glowenke,67.1305127,72.7655964
jayson bass,Jayson Bass,11.1299681,13.9004687
jarol capellan,Jarol Capellan,13.0326613,-6.9413962
nicolas vergara,Nicolas Vergara,-6.1573956,-25.175262
joe redfield,Joe Redfield,69.552452,42.4422766
connor wong,Connor Wong,81.5249629,88.7582677
jeremy ciriaco,Jeremy Ciriaco,13.1703294,17.8978721
ilan fernandez,Ilan Fernandez,7.78286867,11.2926218
gavin dugas,Gavin Dugas,34.5174212,38.5974585
korey lee,Korey Lee,69.3674152,78.1123849
yassel garcia,Yassel Garcia,6.88371124,7.01163993
jose caballero,Jose Caballero,85.5456891,88.4615599
michael berglund,Michael Berglund,64.2092383,35.1925279
lamar sparks,Lamar Sparks,69.8533924,79.6032877
nick peoples,Nick Peoples,20.4411921,22.9917488
aaron pinero,Aaron Pinero,8.31170883,12.1150737
andrew kachel,Andrew Kachel,83.3002085,53.6959774
jared young,Jared Young,109.10561,84.931905
charlie szykowny,Charlie Szykowny,69.9422049,44.5938775
andres alvarez,Andres Alvarez,65.5406276,73.1552588
pat valaika,Pat Valaika,54.3062249,64.5271757
nick roselli,Nick Roselli,40.9585581,17.7398346
jeury ramirez,Jeury Ramirez,15.1212868,-6.771373
cam williams,Cam Williams,43.8442249,44.7247892
manolfi jimenez,Manolfi Jimenez,36.6597002,13.9309944
seiya suzuki,Seiya Suzuki,115.01045,135.61153
jhonayker ugarte,Jhonayker Ugarte,4.3186912,9.9548014
kyren paris,Kyren Paris,74.4615758,86.0513736
cristian gonzalez,Cristian Gonzalez,32.7079018,38.431103
abdias de la cruz,Abdias De La Cruz,27.0644087,33.304928
alcides hernandez,Alcides Hernandez,20.1423452,0.56295439
kramer robertson,Kramer Robertson,73.4319429,79.9753736
kolten wong,Kolten Wong,82.4905637,56.3616756
leo balcazar,Leo Balcazar,72.6807985,79.7710396
brian okeefe,Brian O'Keefe,66.6063648,78.4119012
max durrington,Max Durrington,32.8545212,13.7149626
joe lampe,Joe Lampe,74.5392653,46.9529076
diego velasquez,Diego Velasquez,77.9509144,78.9235977
alejandro osuna,Alejandro Osuna,107.126092,86.1035893
marcell ozuna,Marcell Ozuna,111.993799,122.169344
frederik jimenez,Frederik Jimenez,28.4963641,29.6983818
ruben ibarra,Ruben Ibarra,71.8497752,80.6430993
christian saez,Christian Saez,3.1289157,-17.086404
riley tirotta,Riley Tirotta,71.614605,80.5278856
blake mitchell,Blake Mitchell,53.0895901,24.7491708
kody hoese,Kody Hoese,69.9236462,77.4567151
eric yang,Eric Yang,54.9888853,61.6732866
danny mendick,Danny Mendick,73.8117692,84.0197354
dexters peralta,Dexters Peralta,-2.8079799,-0.8158474
jayden kim,Jayden Kim,-2.7224808,2.23509084
sean bouchard,Sean Bouchard,77.6428256,89.6596447
troy johnston,Troy Johnston,92.1640554,66.7692191
brandon butterworth,Brandon Butterworth,73.5645114,79.6085663
tj friedl,TJ Friedl,108.101736,87.1515379
jose anderson,Jose Anderson,31.9332591,39.2192261
armando sierra,Armando Sierra,14.4169724,20.1553333
bennett lee,Bennett Lee,20.9208993,27.1058916
johan machado,Johan Machado,11.8373629,13.7525159
albert alberto,Albert Alberto,3.04464481,8.17515475
nick gordon,Nick Gordon,77.4101067,49.4447879
yoerny junco,Yoerny Junco,8.36008841,10.9902399
maylerson casanova,Maylerson Casanova,-7.1598658,-2.3328273
nick yorke,Nick Yorke,85.916407,95.2365591
luis castro,Luis Castro,75.2157568,83.1899908
jack brannigan,Jack Brannigan,73.403418,81.2790067
khalil lee,Khalil Lee,108.147957,77.7798211
gabriel guanchez,Gabriel Guanchez,1.74697165,7.19727345
michael stefanic,Michael Stefanic,97.8483271,103.079055
ryan clifford,Ryan Clifford,99.2750915,66.8968328
luis de los santos,Luis De Los Santos,60.3565967,69.1998506
jesus premoli,Jesus Premoli,6.33520115,-13.75949
cesar salazar,Cesar Salazar,80.4231633,57.3694812
leonel vivas,Leonel Vivas,6.14570859,9.81015095
rodrigo gonzalez,Rodrigo Gonzalez,0.87246051,5.34290642
joshua liranzo,Joshua Liranzo,25.9609991,31.7088719
hunter dozier,Hunter Dozier,57.5544327,66.4709458
kenny piper,Kenny Piper,57.3962434,65.1485202
bryan ramos,Bryan Ramos,74.5350695,85.781685
myles naylor,Myles Naylor,19.0449248,26.4158365
jeison lopez,Jeison Lopez,-0.5089907,3.4992724
tucker mitchell,Tucker Mitchell,52.5214842,59.4312361
luisangel acuna,Luisangel Acuna,85.3265957,91.6588855
kevin rivas,Kevin Rivas,24.39639,26.5031914
omar alfonzo,Omar Alfonzo,76.3035766,46.4567398
heins brito,Heins Brito,2.76584015,4.28447369
brennan milone,Brennan Milone,81.3657631,90.1593587
tyler payne,Tyler Payne,63.7937646,70.3230932
eliezer rivero,Eliezer Rivero,-3.5870611,0.47531085
shengen lin,Sheng-En Lin,5.26173968,-17.157307
erick bautista,Erick Bautista,10.5283734,17.0346556
yoander santana,Yoander Santana,10.0598286,-9.8307017
reivaj garcia,Reivaj Garcia,62.4290671,67.7663367
patrick winkel,Patrick Winkel,70.2948762,40.8845543
shawn goosenberg,Shawn Goosenberg,67.3644327,74.9780417
dereck salom,Dereck Salom,38.4841005,44.5191014
kenny fenelon,Kenny Fenelon,3.01230177,8.39027736
ariel lebron,Ariel Lebron,12.2364296,16.6590214
enmanuel corniel,Enmanuel Corniel,2.69876494,-17.905987
trenton brooks,Trenton Brooks,96.2632791,71.8065046
eddy perez,Eddy Perez,-14.343523,-11.675257
asbel gonzalez,Asbel Gonzalez,41.8153169,45.7735221
victor arias,Victor Arias,87.3322983,58.5576052
braylin tavera,Braylin Tavera,31.7505196,38.7106873
andy perez,Andy Perez,50.7546574,28.7976305
gunnar henderson,Gunnar Henderson,145.280447,109.675129
donte grant,Donte Grant,10.2393847,-10.308456
luis baez,Luis Baez,71.9368636,80.4544803
chris brito,Chris Brito,55.6162793,63.6928191
minho kang,Minho Kang,74.1370495,80.1695532
ahbram liendo,Ahbram Liendo,54.6860962,61.714419
bryan de la cruz,Bryan De La Cruz,79.902374,89.8719508
andrew pintar,Andrew Pintar,66.4769544,74.2968559
albert feliz,Albert Feliz,27.9293611,36.2543284
jakob marsee,Jakob Marsee,103.821558,82.8077011
arol vera,Arol Vera,44.1013438,46.8408438
leonel valera,Leonel Valera,66.4025064,73.4881189
eduardo acevedo,Eduardo Acevedo,13.033971,-6.7753391
kevin mcgonigle,Kevin McGonigle,121.32654,88.6515265
pedro pages,Pedro Pages,83.6784484,90.5665074
heriberto hernandez,Heriberto Hernandez,90.5238743,100.003571
aaron salazar,Aaron Salazar,-8.9823037,-4.1276678
jhonny pereda,Jhonny Pereda,86.4513346,95.4623252
kleimir lemos,Kleimir Lemos,15.0236736,18.3661574
carlos blanco,Carlos Blanco,7.46653738,-11.184118
aidan smith,Aidan Smith,51.3432803,60.0058977
norichika aoki,Norichika Aoki,77.8613153,51.953174
modeifi marte,Modeifi Marte,54.1446067,60.5255702
josh smith,Josh Smith,106.416241,79.9510017
beau brewer,Beau Brewer,48.0117929,53.4399448
roderick arias,Roderick Arias,33.6726416,34.5206548
eddie micheletti,Eddie Micheletti,81.0986087,51.6235592
jake gatewood,Jake Gatewood,53.4302788,61.7885469
ichiro cano,Ichiro Cano,31.6521363,6.6998718
collin price,Collin Price,63.7933895,72.2321848
manuel margot,Manuel Margot,72.7275538,82.8288318
antonis macias,Antonis Macias,61.541494,38.8667379
ripken reyes,Ripken Reyes,72.3573916,67.7536679
wilder dalis,Wilder Dalis,40.6834065,43.0636011
levi jordan,Levi Jordan,72.548883,80.7818754
greg deichmann,Greg Deichmann,69.9253426,43.5802428
chase adkison,Chase Adkison,56.1605324,61.9612866
andy mata,Andy Mata,9.09310071,-11.278665
yohel pozo,Yohel Pozo,96.8307961,104.295149
jimmy obertop,Jimmy Obertop,34.1458328,41.5610629
manny machado,Manny Machado,119.006163,131.462032
javier mogollon,Javier Mogollon,37.6283234,44.0048403
harold gonzalez,Harold Gonzalez,20.6924348,26.796688
steven madero,Steven Madero,13.9342083,-6.9551608
dru baker,Dru Baker,69.0806271,75.9643492
jose bericoto,Jose Bericoto,-1.1190796,4.1152952
carlos bello,Carlos Bello,0.97484397,5.70245494
willmer de la cruz,Willmer De La Cruz,23.9295364,26.585755
antonio anderson,Antonio Anderson,35.278092,38.4161058
alek thomas,Alek Thomas,93.4466669,70.3237671
jelson coca,Jelson Coca,-4.7723279,-0.5853002
roque salinas,Roque Salinas,44.188153,22.4592866
aaron parker,Aaron Parker,47.460652,53.8598742
anderson tovar,Anderson Tovar,8.51763647,12.4605712
spencer bramwell,Spencer Bramwell,39.858102,47.6130652
jordyn adams,Jordyn Adams,56.6753581,67.5304717
alejandro kirk,Alejandro Kirk,118.833029,125.559368
forrest wall,Forrest Wall,84.2025447,61.8403772
jace peterson,Jace Peterson,79.2785162,53.3554588
kale emshoff,Kale Emshoff,57.7290381,66.387479
pedro roque,Pedro Roque,8.82839462,13.5592898
matt whatley,Matt Whatley,44.8326885,51.334939
reed trimble,Reed Trimble,84.6924627,84.7825934
thairo estrada,Thairo Estrada,84.8138536,91.2150764
cody miller,Cody Miller,38.1730379,43.9765809
pedro dalmagro,Pedro Dalmagro,14.8475079,-4.3180407
anthony donofrio,Anthony Donofrio,50.7817882,24.9153567
hector ramos,Hector Ramos,5.89945278,7.82651772
facundo velasquez,Facundo Velasquez,4.0539651,5.92310355
ezequiel tovar,Ezequiel Tovar,89.2868298,95.8256716
darrien miller,Darrien Miller,79.2002631,49.678459
matthew etzel,Matthew Etzel,89.0582479,58.4854292
ben metzinger,Ben Metzinger,36.4602504,44.4805101
andres valor,Andres Valor,34.3944532,40.4138954
sean roby,Sean Roby,69.5680977,79.3487512
franchely silverio,Franchely Silverio,-3.3485396,1.06806911
rhylan thomas,Rhylan Thomas,98.8362527,78.7579255
alex acosta,Alex Acosta,8.55390259,13.3871467
juan guerrero,Juan Guerrero,71.7067457,77.9931671
jesus pinto,Jesus Pinto,32.1805025,38.7254825
luis steven king,Luis Steven King,9.88946773,13.6423534
jose ramos,Jose Ramos,71.9842931,81.754751
francisco acuna,Francisco Acuna,70.8255268,77.1585785
luke scherrer,Luke Scherrer,20.0309485,25.0905797
jacob stallings,Jacob Stallings,66.1542546,70.6817145
dillon dingler,Dillon Dingler,93.1081259,103.764288
chase delauter,Chase DeLauter,112.770531,80.0554692
jackson castillo,Jackson Castillo,81.1731767,51.9873849
john taylor,John Taylor,48.6526254,27.701295000000002
luis quesada,Luis Quesada,15.4409357,21.0888517
reinaldo de la cruz,Reinaldo De La Cruz,7.24941231,11.484603
lucius fox,Lucius Fox,59.270422,68.4444981
manuel de cesare,Manuel De Cesare,4.35900839,9.4520045
yoneiker lugo,Yoneiker Lugo,15.1283976,20.3072429
ethan long,Ethan Long,40.518618,48.1572491
moises lopez,Moises Lopez,11.6602142,-11.14809
carlos tavares,Carlos Tavares,26.9688532,3.89430666
ramy peralta,Ramy Peralta,2.17723359,7.08695611
joan delgado,Joan Delgado,2.70144752,8.78809807
diego tornes,Diego Tornes,6.71589694,8.55026209
romy gonzalez,Romy Gonzalez,100.621188,110.188451
johan rojas,Johan Rojas,78.2006357,83.1804989
freddy zamora,Freddy Zamora,61.6485598,67.8715568
yerald nin,Yerald Nin,37.2843812,18.9703924
fernando diaz,Fernando Diaz,,-13.611627
raily liriano,Raily Liriano,3.97020185,10.0303986
iverson espinoza,Iverson Espinoza,24.6488072,29.3962548
bill knight,Bill Knight,64.0141005,68.9994808
hudson haskin,Hudson Haskin,61.669206,67.886925
alexander frias,Alexander Frias,14.4332322,-6.551784
gleider figuereo,Gleider Figuereo,54.9319517,26.4120322
jordan lawlar,Jordan Lawlar,91.5952187,103.215841
konner piotto,Konner Piotto,64.2330461,37.8860875
ely brown,Ely Brown,47.6665039,22.549139
welbyn francisca,Welbyn Francisca,45.0284937,46.6752484
justin rodriguez,Justin Rodriguez,1.52010717,7.07354005
agustin ramirez,Agustin Ramirez,105.306507,110.17566
daniel campos,Daniel Campos,15.7104446,19.6114078
daniel dominguez,Daniel Dominguez,-3.1643178,2.44727481
alex rodriguez,Alex Rodriguez,27.6153682,7.48855406
cj rodriguez,CJ Rodriguez,32.7353034,38.2187615
ashton creal,Ashton Creal,54.919242,62.4548907
zach dezenzo,Zach Dezenzo,90.5116017,98.4889758
gabriel rincones,Gabriel Rincones,92.7359594,59.8242754
jeisson rosario,Jeisson Rosario,81.1087125,50.087871
camden janik,Camden Janik,37.5687539,43.2851838
samuel brito,Samuel Brito,-0.053464,4.824398
raudi rodriguez,Raudi Rodriguez,47.7877801,55.2042194
tres barrera,Tres Barrera,54.6165947,64.2763451
ben deluzio,Ben DeLuzio,58.3080064,68.661269
carlos benavides,Carlos Benavides,-2.3972639,1.85027097
mike zunino,Mike Zunino,66.3141633,85.6593867
nicandro aybar,Nicandro Aybar,18.0443458,19.7412514
moises bolivar,Moises Bolivar,6.17056725,11.3801354
juan caricipe,Juan Caricipe,-6.8798417,-3.5995594
woody hadeen,Woody Hadeen,48.6767646,48.0816167
jorge hernandez,Jorge Hernandez,31.3101447,12.8288373
damon dues,Damon Dues,82.4858909,56.3822984
alexander alzi,Alexander Alzi,-7.9143415,-3.1403747
tavian josenberger,Tavian Josenberger,80.7966568,51.3065259
jose urbina,Jose Urbina,8.53480888,13.4119873
juan corniel,Juan Corniel,44.8949109,48.6860966
henry ramos,Henry Ramos,35.224318,12.9201807
evan mendoza,Evan Mendoza,67.2114782,74.1826516
noah myers,Noah Myers,76.8771781,46.7168978
carlos silva,Carlos Silva,4.42776998,9.71778209
bryan acuna,Bryan Acuna,25.4092667,31.7529123
ronaldo hernandez,Ronaldo Hernandez,74.9736494,81.959193
nick fortes,Nick Fortes,79.9625303,88.0308332
solomon maguire,Solomon Maguire,30.2248253,5.65246278
jose azocar,Jose Azocar,67.576784,75.3555574
caden connor,Caden Connor,87.7851731,60.0160082
edward guribe,Edward Guribe,14.3867675,18.6842845
ildemaro vargas,Ildemaro Vargas,88.9517365,90.8258773
justin johnson,Justin Johnson,63.0758271,69.6159741
yordani martinez,Yordani Martinez,8.36888283,12.728186
santiago almao,Santiago Almao,19.9049994,21.0925726
erick lara,Erick Lara,3.86329609,-13.289892
jancarlos cintron,Jancarlos Cintron,60.7009409,65.5520332
ramon ramirez,Ramon Ramirez,44.9289622,51.8899855
johnfrank salazar,Johnfrank Salazar,51.0616144,56.6756953
monte harrison,Monte Harrison,60.6244321,73.1415372
victor diaz,Victor Diaz,21.4771135,27.9038671
rougned odor,Rougned Odor,88.220273,62.7239317
trevor larnach,Trevor Larnach,113.380358,82.1612246
ethan lege,Ethan Lege,26.8668347,31.724397
brady lindsly,Brady Lindsly,56.7143049,30.6380933
owen carey,Owen Carey,48.497548,27.2077339
eduardo tait,Eduardo Tait,64.1927247,37.32091
armstrong muhoozi,Armstrong Muhoozi,4.87121914,9.07386732
jake deleo,Jake DeLeo,38.2799069,44.8575018
will smith,Will Smith,117.576545,129.24157
travis swaggerty,Travis Swaggerty,80.7207157,54.4991967
marlon quintero,Marlon Quintero,26.3412042,31.3638996
gilberto jimenez,Gilberto Jimenez,42.5220522,46.4410597
leudy arache,Leudy Arache,0.80384529,-19.397291
carlos arroyo,Carlos Arroyo,26.3109615,30.7062614
brody moore,Brody Moore,56.9546206,62.9799929
arismendy alcantara,Arismendy Alcantara,74.0703755,75.5964242
michael conforto,Michael Conforto,103.226824,81.2930831
ben mclaughlin,Ben McLaughlin,101.071009,70.4136916
jarred kelenic,Jarred Kelenic,88.1979136,61.9602141
josh breaux,Josh Breaux,60.5137408,68.2561657
matthew wood,Matthew Wood,84.3767226,57.063608
maximo acosta,Maximo Acosta,75.0556367,83.0334472
jaxx groshans,Jaxx Groshans,33.039104,40.0673523
erny orellana,Erny Orellana,12.3055542,17.3743522
omar hernandez,Omar Hernandez,48.3126162,54.3469315
jose perez,Jose Perez,41.8892386,39.2642092
yoiber ocopio,Yoiber Ocopio,27.7329518,32.9063749
ronny suarez,Ronny Suarez,-1.5017749,3.82680764
jose ferrer,Jose Ferrer,9.72449007,15.0505959
jack pineda,Jack Pineda,67.4058589,43.2358584
diego arce,Diego Arce,-14.273202,-10.253673
will simpson,Will Simpson,72.6264357,81.1969965
anielson buten,Anielson Buten,7.98265972,13.6231149
erick de la cruz,Erick De La Cruz,24.7440793,30.7346797
greg allen,Greg Allen,73.9205663,74.6569463
cam gallagher,Cam Gallagher,41.6430027,52.2686615
luis hernandez,Luis Hernandez,-13.033454,-30.069048
juan rujano,Juan Rujano,5.46044382,9.79923621
john mchenry,John McHenry,31.2946224,31.5357349
marcos torres,Marcos Torres,45.2966339,19.0631953
walker martin,Walker Martin,42.8139619,18.7232041
tyler hardman,Tyler Hardman,59.7981818,70.0517303
charles mcadoo,Charles McAdoo,76.4229508,85.5010661
samuel salcedo,Samuel Salcedo,-4.0581847,-0.189067
herard gonzalez,Herard Gonzalez,50.8097482,51.946434
maxwell romero,Maxwell Romero,54.7525043,26.9894046
raynier ramirez,Raynier Ramirez,6.20705892,11.3869725
robert hasselli,Robert HassellI,88.5310427,67.9735806
jared dickey,Jared Dickey,89.9420885,61.2485948
drake baldwin,Drake Baldwin,124.12599,103.467988
andrews sosa,Andrews Sosa,4.63628822,9.74280405
miguel hernandez,Miguel Hernandez,61.3958808,67.3532347
adrian gil,Adrian Gil,22.4574764,28.820396
kadil rubio,Kadil Rubio,-1.7149238,1.52626595
justin crawford,Justin Crawford,101.426465,73.4092065
canyon brown,Canyon Brown,35.0463145,40.5234431
harold rivas,Harold Rivas,11.4717701,17.3388934
andrew pinckney,Andrew Pinckney,72.4642697,80.0503223
spencer packard,Spencer Packard,97.605014,69.5556316
kekai rios,Kekai Rios,52.3578255,59.0987568
wuilfredo antunez,Wuilfredo Antunez,93.1123032,62.4774178
zack gelof,Zack Gelof,84.5789829,88.7673003
greg jones,Greg Jones,59.8241317,63.4774761
johanfran garcia,Johanfran Garcia,47.0897642,54.1879716
ivan herrera,Ivan Herrera,124.984625,136.53074
boston baro,Boston Baro,49.3579577,28.820227
drew ehrhard,Drew Ehrhard,74.6361204,81.5738995
andres nolaya,Andres Nolaya,23.922597,29.1630333
austin shenton,Austin Shenton,94.6561573,65.7054296
randy guzman,Randy Guzman,37.7077091,44.7890118
alfredo guanchez,Alfredo Guanchez,14.2786078,15.5392499
chuckie robinson,Chuckie Robinson,58.016679,66.0238933
jeremy rivas,Jeremy Rivas,55.1473153,61.2237149
jose pirela,Jose Pirela,29.4489286,5.97647577
brandon nimmo,Brandon Nimmo,124.254947,96.6492388
kameron misner,Kameron Misner,83.8806553,59.2756147
mitchell tolman,Mitchell Tolman,91.2624085,62.6175512
eliezer alfonzo,Eliezer Alfonzo,70.0842008,70.8491046
esteban mejia,Esteban Mejia,42.9950905,49.6255297
david freitas,David Freitas,-11.884953,
ludwin tejada,Ludwin Tejada,,-7.9361757
noah campbell,Noah Campbell,72.5781277,72.8711109
geonchang seo,Geonchang Seo,71.7375075,49.1430256
ruben cardenas,Ruben Cardenas,87.3697906,95.0731035
moises polanco,Moises Polanco,18.5774225,24.395694
kevin alcantara,Kevin Alcantara,79.3164625,92.3772826
alexander benua,Alexander Benua,31.1285012,37.3817352
kai murphy,Kai Murphy,74.2860142,48.2826345
tatem levins,Tatem Levins,75.9689298,46.0101738
alex jackson,Alex Jackson,74.146607,85.7207059
anthony volpe,Anthony Volpe,90.5112733,102.407232
yirer garcia,Yirer Garcia,31.8506802,37.0706693
eduardo guillen,Eduardo Guillen,1.48568844,-19.212567
jarold montealto,Jarold Montealto,0.46280616,3.25263195
santiago martinez,Santiago Martinez,10.0924367,15.4439966
daniel mielcarek,Daniel Mielcarek,3.76873612,5.00301297
triston casas,Triston Casas,117.530493,93.7686425
pete alonso,Pete Alonso,128.581729,133.769313
tre morgan,Tre' Morgan,101.419921,70.3123967
haydn mcgeary,Haydn McGeary,68.8358079,77.9070578
mel rojas,Mel Rojas,93.3555496,92.5884888
anthony vilar,Anthony Vilar,66.536697,38.1748367
estarling mercado,Estarling Mercado,56.3875076,28.9129077
eduardo guerrero,Eduardo Guerrero,63.8609549,64.1581275
cristopher navarro,Cristopher Navarro,46.2140794,52.1643998
yosy galan,Yosy Galan,44.9907249,52.5476986
kalai rosario,Kala'i Rosario,85.0668207,95.0905433
evan edwards,Evan Edwards,75.5564947,44.3624447
anthony garcia,Anthony Garcia,57.2577302,56.255302
colin moran,Colin Moran,86.255736,58.151857
nick biddison,Nick Biddison,43.2872916,50.2628183
jonah advincula,Jonah Advincula,92.3579546,62.8903818
chinghsien ko,Ching-Hsien Ko,48.1433911,22.6499219
luis pineda,Luis Pineda,32.5406588,39.1454333
jorel ortega,Jorel Ortega,64.7577905,72.7485548
benjamin blackwell,Benjamin Blackwell,29.7069953,35.0242874
luis maza,Luis Maza,,-8.609013
owen caissie,Owen Caissie,108.258723,77.476439
taylor trammell,Taylor Trammell,96.6065546,70.6231109
esteury ruiz,Esteury Ruiz,90.9492226,100.499173
jhon imbert,Jhon Imbert,13.5695132,20.3777821
jake rucker,Jake Rucker,70.3214418,76.8784007
bryce rainer,Bryce Rainer,43.0515235,19.5846797
marcelo mayer,Marcelo Mayer,101.361612,77.7956661
stevie berman,Stevie Berman,70.0912588,78.5779391
justin boyd,Justin Boyd,51.3197054,59.4392527
rainer espinoza,Rainer Espinoza,9.27145476,14.964726
bryan torres,Bryan Torres,106.356976,80.1166006
tevin tucker,Tevin Tucker,31.1097906,37.6178812
yeuni munoz,Yeuni Munoz,31.7658905,38.5652796
jackson nicklaus,Jackson Nicklaus,32.6690649,5.50340258
braylen wimmer,Braylen Wimmer,77.7198538,85.1151732
marco soto,Marco Soto,28.2527937,32.2462757
merphy hernandez,Merphy Hernandez,19.3257179,-2.1671525
tristin english,Tristin English,77.5827546,86.5461026
zach kokoska,Zach Kokoska,72.4371516,41.3657321
romtres cabrera,Romtres Cabrera,4.66597856,9.69682974
cam magee,Cam Magee,21.7629711,2.01900422
dashawn keirsey,DaShawn Keirsey,78.5504158,53.0347428
jaeho kim,Jaeho Kim,65.7134574,70.8311841
brady house,Brady House,82.5636779,90.1642819
zander darby,Zander Darby,55.1614449,30.2384946
jesmaylin arias,Jesmaylin Arias,8.10356912,-11.954699
juan centeno,Juan Centeno,62.8393116,38.3308169
gustavo baptista,Gustavo Baptista,13.9282598,-8.9316047
ramon landaeta,Ramon Landaeta,-0.6984407,5.4429359
cam collier,Cam Collier,82.7985646,51.0124006
tt bowens,TT Bowens,67.8209821,76.9004464
john santana,John Santana,11.6876377,-9.6966946
elian rayo,Elian Rayo,30.3937165,37.2612718
sammy hernandez,Sammy Hernandez,39.8018221,44.7835429
mike ford,Mike Ford,87.0350215,56.6156166
christian cerda,Christian Cerda,83.510775,91.8957734
miles mastrobuoni,Miles Mastrobuoni,95.6662724,77.7102408
will benson,Will Benson,98.0095108,71.980519
cj abrams,C.J. Abrams,115.593447,83.9971624
cole carrigg,Cole Carrigg,77.5072878,78.3479901
luis mendez,Luis Mendez,32.4511411,11.0752131
david fletcher,David Fletcher,51.6400765,60.288545
cadyn grenier,Cadyn Grenier,91.350698,98.162448
scott kapers,Scott Kapers,61.3003502,67.7515697
austin allen,Austin Allen,80.4877196,52.1635598
robert brooks,Robert Brooks,47.2676934,55.5705268
hyun seung lee,Hyun Seung Lee,14.7161594,-4.3536004
trace willhoite,Trace Willhoite,50.3296242,57.0654608
ryan spikes,Ryan Spikes,57.5389692,64.7047864
israel alvarez,Israel Alvarez,3.18402399,4.90646336
jd martinez,J.D. Martinez,86.5468776,100.683031
jose cordova,Jose Cordova,69.429222,77.4348387
justin capellan,Justin Capellan,11.7555088,16.6632416
lorenzo cedrola,Lorenzo Cedrola,78.8185049,83.5648654
brendan durfee,Brendan Durfee,47.9218177,23.2343649
jeral perez,Jeral Perez,59.8856628,67.0318098
hayden gilliland,Hayden Gilliland,39.3581675,13.8601622
aaron zavala,Aaron Zavala,77.3279136,46.4804846
drew cavanaugh,Drew Cavanaugh,80.8487984,51.7235058
yhoswar garcia,Yhoswar Garcia,43.2417272,48.5942494
alexi quiroz,Alexi Quiroz,5.52005511,10.4466778
zach ehrhard,Zach Ehrhard,89.5863982,97.2938505
hudson head,Hudson Head,68.3714148,38.6236024
arxy hernandez,Arxy Hernandez,34.5122128,39.4259948
kaylan nicasia,Kay-Lan Nicasia,36.0829072,36.592473
deivis mosquera,Deivis Mosquera,8.07741307,13.2857014
baekho kang,Baek-ho Kang,100.017295,68.2588198
neurelin montero,Neurelin Montero,10.7961669,15.4234565
ghordy santos,Ghordy Santos,44.419955,47.278492
hector liriano,Hector Liriano,3.18720772,-16.622478
samuel estevez,Samuel Estevez,-6.4094814,-0.7038906
cesar mujica,Cesar Mujica,-11.421195,-7.2464114
david leon,David Leon,14.2012019,-5.94529
marcus lee sang,Marcus Lee Sang,88.9907103,57.7259585
luis encarnacion,Luis Encarnacion,60.6282104,67.843138
reynaldo de la paz,Reynaldo De La Paz,-1.6391046,3.31880304
blake robertson,Blake Robertson,53.5950763,25.9433058
thomas francisco,Thomas Francisco,50.0635427,25.2917506
jose rivas,Jose Rivas,8.56016939,13.4442971
corey dickerson,Corey Dickerson,78.8761221,48.104432
peyton stovall,Peyton Stovall,46.6604568,23.4967229
alberto rios,Alberto Rios,28.8269037,34.7183496
estivel morillo,Estivel Morillo,8.95639686,-11.157208
antoni urena,Antoni Urena,13.0030857,13.2203599
casey martin,Casey Martin,32.1830697,39.0794532
randal diaz,Randal Diaz,30.3183388,34.7926777
christofer reyes,Christofer Reyes,-1.0250394,3.57300018
browm martinez,Browm Martinez,19.4014462,24.2545886
jose pena,Jose Pena,6.61841949,11.040912
justin gonzales,Justin Gonzales,60.8910035,67.761455
eloy jimenez,Eloy Jimenez,89.285834,100.374608
connor scott,Connor Scott,73.4397963,45.8950105
moises marchan,Moises Marchan,2.25943575,6.63289048
daonil montero,Daonil Montero,-3.9431279,0.01053769
winder linares,Winder Linares,13.4701343,-7.105683
yanquiel fernandez,Yanquiel Fernandez,96.8496859,73.2552028
charles mack,Charles Mack,39.9795355,13.9180418
robert santos,Robert Santos,-9.9844343,
peyton holt,Peyton Holt,19.362679,24.5536473
jose paulino,Jose Paulino,13.196525,-8.4720231
mikey kane,Mikey Kane,45.0422837,50.4491779
joaquin arias,Joaquin Arias,21.965917,1.84903815
yonaiker hernandez,Yonaiker Hernandez,6.39467021,10.0045229
yoyner fajardo,Yoyner Fajardo,84.147277,57.8694343
anyelo gonzalez,Anyelo Gonzalez,13.6807207,-5.4414339
karell paz,Karell Paz,52.7583487,26.9095781
phillip sikes,Phillip Sikes,58.5458164,66.6940917
kay robles,Kay Robles,-15.566209,-10.513234
jp crawford,J.P. Crawford,110.701654,94.0517748
alberto mendez,Alberto Mendez,38.0208411,16.6647649
omar urbina,Omar Urbina,7.56524255,11.7560991
sebastian castro,Sebastian Castro,14.9958102,-5.9169487
braiden ward,Braiden Ward,88.2392006,62.5740457
garrett stubbs,Garrett Stubbs,72.9513378,52.3081903
anthony santa cruz de oviedo,Anthony Santa Cruz de Oviedo,17.6111945,-3.2652367
walker janek,Walker Janek,44.6969949,51.0438176
eric bitonti,Eric Bitonti,49.2455747,19.9469936
aaron mckeithan,Aaron McKeithan,73.4829901,78.3488811
josi novas,Josi Novas,11.1989358,17.3665595
juan mateo,Juan Mateo,32.8751219,14.5203969
july vittini,July Vittini,0.57790858,5.96212948
yojackson laya,Yojackson Laya,10.9678097,14.883411
jaylen palmer,Jaylen Palmer,56.4746178,66.5991897
yojanser calzado,Yojanser Calzado,7.99230255,9.53240211
javier sanoja,Javier Sanoja,93.018718,98.4185762
alejo lopez,Alejo Lopez,82.0721574,88.6077485
luis verdugo,Luis Verdugo,56.2052536,63.659027
jt realmuto,J.T. Realmuto,92.3857113,95.8095576
fenwick trimble,Fenwick Trimble,81.2816948,88.4496941
jose acosta,Jose Acosta,47.3394095,49.0866519
chase pinder,Chase Pinder,85.2278003,93.8403132
joey bart,Joey Bart,93.3296252,99.0475324
hedbert perez,Hedbert Perez,59.1418849,30.0946403
chandler seagle,Chandler Seagle,30.6075299,36.7726302
john peck,John Peck,71.3227745,78.8306889
shay whitcomb,Shay Whitcomb,77.3032592,91.143789
parks harber,Parks Harber,70.4242459,78.3946491
justice bigbie,Justice Bigbie,81.7522359,89.1477423
lizandro rodriguez,Lizandro Rodriguez,39.6163859,41.2734045
noah williams,Noah Williams,27.2566082,29.2739275
manuel mejias,Manuel Mejias,26.0569931,26.9039427
river town,River Town,93.3380966,63.9824813
tyler rodriguez,Tyler Rodriguez,45.5823962,50.0399685
rosniell de paula,Rosniell De Paula,-12.596367,-7.9217553
paulino santana,Paulino Santana,30.441341,36.7331039
yorger bautista,Yorger Bautista,9.12508859,-12.348301
brett roberts,Brett Roberts,44.6858077,51.3303589
edwin diaz,Edwin Diaz,66.8385404,75.0027742
carlos de sousa,Carlos De Sousa,-12.09912,-7.3512139
luis morejon,Luis Morejon,23.5197125,29.0011993
orlando martinez,Orlando Martinez,85.8725931,57.5107833
anthony santander,Anthony Santander,107.962129,94.9419632
alejandro loaiza,Alejandro Loaiza,-5.0531747,
arturo de freitas,Arturo De Freitas,51.8959589,59.3596516
raylin ramos,Raylin Ramos,35.5170771,41.8748187
carson rucker,Carson Rucker,24.4502846,28.924175
caleb roberts,Caleb Roberts,82.9414278,53.5626666
nick dini,Nick Dini,71.3029647,79.3181024
logan cerny,Logan Cerny,55.682287,64.793364
enmanuel figuereo,Enmanuel Figuereo,7.04906854,12.5186617
jesus rodriguez,Jesus Rodriguez,95.3168819,102.394765
juan gonzalez,Juan Gonzalez,26.0428554,31.1361369
oneil cruz,Oneil Cruz,118.368562,81.9290844
jake scheiner,Jake Scheiner,71.4179766,80.7630187
sergio alcantara,Sergio Alcantara,72.8047906,78.7395996
bennett thompson,Bennett Thompson,50.0359772,55.6945285
luis leones,Luis Leones,21.6417628,-1.8786497
garrett cooper,Garrett Cooper,74.5892241,84.0156895
joe rizzo,Joe Rizzo,89.3427473,58.715212
johan mieses,Johan Mieses,84.3728003,94.3258061
justin farmer,Justin Farmer,63.8776734,72.6979347
josh lowe,Josh Lowe,104.040081,69.4963384
jhonny severino,Jhonny Severino,30.5778873,36.0753349
adam hackenberg,Adam Hackenberg,49.0329205,56.7552468
jakson reetz,Jakson Reetz,67.24646,77.9416121
andruw salcedo,Andruw Salcedo,-3.0441264,-1.6511103
cooper kinney,Cooper Kinney,74.0977645,46.464366
corey seager,Corey Seager,145.501564,113.212579
emilio sanchez,Emilio Sanchez,8.26780107,-9.167149
tyler freeman,Tyler Freeman,97.8942789,100.91712
kyle lewis,Kyle Lewis,89.3717662,104.136727
sterling bazil,Sterling Bazil,0.25463207,1.45993873
brock rodden,Brock Rodden,70.6525245,74.3265676
daniel schneemann,Daniel Schneemann,88.4739759,63.9334844
chase jaworsky,Chase Jaworsky,49.9450597,27.8762854
yiddi cappe,Yiddi Cappe,39.8156209,45.4651
cristopher larez,Cristopher Larez,-1.4786361,3.28468997
yoxander benitez,Yoxander Benitez,10.4522252,14.6861224
trevor schwecke,Trevor Schwecke,69.4277323,77.6273815
william bergolla,William Bergolla,79.1259787,60.5467758
bryan rincon,Bryan Rincon,37.7911905,37.5307317
brooks baldwin,Brooks Baldwin,97.9162903,107.315423
angel requena,Angel Requena,8.21353466,11.7192977
pj hilson,P.J. Hilson,70.7965256,78.5157934
luis toribio,Luis Toribio,80.8808395,49.8286686
sebastian de andrade,Sebastian De Andrade,4.74256527,9.97334578
abraham bastidas,Abraham Bastidas,13.6021585,17.6700649
justin miknis,Justin Miknis,38.4640684,13.4353283
israel pineda,Israel Pineda,48.7627246,58.7023792
angel perez,Angel Perez,-2.1331624,2.91714423
david hamilton,David Hamilton,86.7608951,60.863623
victor izturis,Victor Izturis,11.1943627,-9.0318276
francisco mejia,Francisco Mejia,69.4878244,78.6165748
tom guerrero,Tom Guerrero,-8.670924,-3.8866307
jose ramirez,Jose Ramirez,126.483846,130.960554
edwin darville,Edwin Darville,14.8642967,-5.3781468
johan ferreira,Johan Ferreira,-0.6456205,4.20777437
esmeiquel arrieche,Esmeiquel Arrieche,-1.4536944,3.92803009
dustin dickerson,Dustin Dickerson,61.0815594,68.1847179
chandler simpson,Chandler Simpson,94.6177705,80.6053379
carter aldrete,Carter Aldrete,62.1722274,70.0332509
luis paredes,Luis Paredes,,-8.5205876
tucupita marcano,Tucupita Marcano,92.0624474,67.6459684
chad stevens,Chad Stevens,72.6792266,82.56375
mike brosseau,Mike Brosseau,63.99107,73.117516
jesus galiz,Jesus Galiz,39.9617363,45.8279004
jonathan guzman,Jonathan Guzman,38.0186823,44.3342903
alexander ovalles,Alexander Ovalles,83.9343737,52.7952867
daje morales,Daje Morales,7.75839585,12.8869906
dylan neuse,Dylan Neuse,46.9921552,53.9883797
jorge ona,Jorge Ona,67.4472069,79.5052463
will brennan,Will Brennan,97.3973745,70.1221563
andy pages,Andy Pages,107.091607,116.165066
oscar mercado,oscar Mercado,75.1051569,84.999481
franmil reyes,Franmil Reyes,89.8850588,104.98046
dangelo sarmiento,Dangelo Sarmiento,-3.2372807,1.8281332
kevyn castillo,Kevyn Castillo,55.9142148,29.657585
jairo mendez,Jairo Mendez,13.4318622,-8.0264462
patrick bailey,Patrick Bailey,81.3430715,78.6116747
kyle datres,Kyle Datres,62.9850545,70.8258966
carter frederick,Carter Frederick,38.6362048,46.425762
juan fernandez,Juan Fernandez,72.8734283,78.7179295
simon whiteman,Simon Whiteman,60.9562875,67.7908737
dilan granadillo,Dilan Granadillo,21.9287166,0.80990167
matthew moses,Matthew Moses,8.75487038,13.9878734
alex mcgarry,Alex McGarry,79.5611485,48.8097169
bobby boser,Bobby Boser,19.2457195,24.2776533
luis almeyda,Luis Almeyda,27.7681559,33.3694365
frainner chirinos,Frainner Chirinos,-2.3976232,2.3384233
joe naranjo,Joe Naranjo,69.685815,42.3993118
francisco alvarez,Francisco Alvarez,114.042653,129.713095
yensi de la cruz,Yensi De La Cruz,22.9901667,0.42312914
andy weber,Andy Weber,82.8958485,56.8770416
chris okey,Chris Okey,52.932312,61.5077068
luis vicioso,Luis Vicioso,9.01997904,13.9721231
jhorvic abreus,Jhorvic Abreus,8.73370823,10.421819
tanner otremba,Tanner O'Tremba,46.0399845,51.5994951
romano donato,Romano Donato,2.46254202,5.85509037
brett harris,Brett Harris,86.8216645,94.0633825
brandon parker,Brandon Parker,59.0617115,67.885013
jacob reimer,Jacob Reimer,86.6805632,94.1699783
nick raposo,Nick Raposo,63.2591484,69.7505361
dashyll tejeda,Dashyll Tejeda,13.7512914,18.3652705
roiber niazoa,Roiber Niazoa,12.176813,17.4134791
jacob hurtubise,Jacob Hurtubise,86.934253,65.3361419
carlos rodriguez,Carlos Rodriguez,85.5630457,60.722891
carlos villarroel,Carlos Villarroel,6.9293949,13.3118293
jose barrero,Jose Barrero,62.0373258,74.0742401
samuel rojas,Samuel Rojas,4.22626988,8.0255137
fabian lopez,Fabian Lopez,-2.5410451,1.10885697
aldo gaxiola,Aldo Gaxiola,13.6207447,18.9027498
fidel montero,Fidel Montero,11.4712665,17.8870804
roinny aguiar,Roinny Aguiar,11.774388,17.1584716
carter williams,Carter Williams,77.6356647,48.6274751
robert arias,Robert Arias,30.4545084,9.23013542
derek hill,Derek Hill,80.7898236,92.3423629
tyler locklear,Tyler Locklear,95.084605,103.211004
casey opitz,Casey Opitz,52.2845562,52.9469394
sahid valenzuela,Sahid Valenzuela,48.0268622,51.4727862
yadimir fuentes,Yadimir Fuentes,-7.8273029,-7.1029291
leandro arias,Leandro Arias,45.8017251,46.3724525
adrian garcia,Adrian Garcia,8.44341577,11.0578208
whit merrifield,Whit Merrifield,75.3777632,85.616394
anyelo encarnacion,Anyelo Encarnacion,36.7840202,44.0416105
sean keys,Sean Keys,69.2441233,39.3806403
hayden cantrelle,Hayden Cantrelle,65.2985618,65.0196014
albert gutierrez,Albert Gutierrez,13.4446988,-7.5464452
brayan cota,Brayan Cota,6.11595857,-13.219127
marco argudin,Marco Argudin,39.8184636,16.4874341
xavier fernandez,Xavier Fernandez,79.467282,87.0895087
ryan mccarthy,Ryan McCarthy,37.4197675,13.2054708
brando mayea,Brando Mayea,11.6804096,17.3952719
stephen scott,Stephen Scott,78.6557119,48.3722423
fernando tatis,Fernando Tatis,139.051489,149.089951
anderson garcia,Anderson Garcia,-4.4075925,1.88336351
ricardo gonzalez,Ricardo Gonzalez,25.7992875,27.1460918
murphy stehly,Murphy Stehly,74.9609129,81.1032505
socrates brito,Socrates Brito,93.0489151,63.7093924
edgar walker,Edgar Walker,11.1592763,16.4946513
dermis garcia,Dermis Garcia,68.3397708,82.7117219
david peralta,David Peralta,89.3543316,60.4829484
hyungchan um,Hyungchan Um,31.962494,37.1824866
mason dinesen,Mason Dinesen,11.2475298,17.5433274
rafael devers,Rafael Devers,137.643564,97.2400299
hansel jimenez,Hansel Jimenez,0.049188,4.52919669
wenceel perez,Wenceel Perez,94.6177543,96.356442
leonard rijo,Leonard Rijo,4.79570913,8.39506743
jon jon gazdar,Jon Jon Gazdar,79.0799138,82.8291171
everson pereira,Everson Pereira,85.0124322,94.9805641
yordany de los santos,Yordany De Los Santos,33.3011864,38.8564969
bradley zimmer,Bradley Zimmer,58.9221248,33.0783106
lourdes gurriel,Lourdes Gurriel,103.160635,114.876353
devin hurdle,Devin Hurdle,30.8648035,35.2361403
kevin newman,Kevin Newman,72.358965,81.0279652
sam praytor,Sam Praytor,59.5926777,67.0792142
austin st laurent,Austin St. Laurent,39.1381668,44.6178664
tyresse turner,Tyresse Turner,51.5697283,55.5256282
mookie betts,Mookie Betts,126.344495,136.573525
diego cartaya,Diego Cartaya,61.0598611,69.2795065
lamar king,Lamar King,47.8660604,53.7484999
athanael duarte,Athanael Duarte,9.21900259,15.0822682
rafael castillo,Rafael Castillo,2.98311903,5.18260352
yasser mercedes,Yasser Mercedes,34.202941,41.4128372
donovan casey,Donovan Casey,56.1018216,63.4488414
coby mayo,Coby Mayo,99.6283132,112.292177
trey lipscomb,Trey Lipscomb,66.5209155,74.8876061
jose osuna,Jose Osuna,67.3117913,77.600901
dalvy rosario,Dalvy Rosario,47.1234555,54.8348426
jose d hernandez,Jose D. Hernandez,22.9851299,28.3993746
antony peguero,Antony Peguero,7.46928429,13.0160339
rainiel rodriguez,Rainiel Rodriguez,62.284317,69.1428642
kodey shojinaga,Kodey Shojinaga,42.2693136,48.431749
enderso lira,Enderso Lira,27.9077064,33.6156449
taishi nakawake,Taishi Nakawake,16.9482635,21.1100431
fraymi de leon,Fraymi De Leon,24.5404167,29.5436603
daniel flames,Daniel Flames,27.063511,26.5301624
kyle nevin,Kyle Nevin,74.2133421,82.9111629
danny bautista,Danny Bautista,53.3608265,57.88295
blake burke,Blake Burke,94.3901732,62.7295617
edwilmin matos,Edwilmin Matos,2.37522887,6.98503718
brooks lee,Brooks Lee,97.62115,93.8493002
jesus castillo,Jesus Castillo,41.6096321,46.5309832
diego campos,Diego Campos,1.04951605,6.17243552
cody schrier,Cody Schrier,38.4130835,45.2598972
leonardo bernal,Leonardo Bernal,78.8702199,79.320909
javier roman,Javier Roman,-1.1136304,4.1056714
gio urshela,Gio Urshela,87.4480717,92.9051378
joshua baez,Joshua Baez,91.3726862,99.8387945
billy mckinney,Billy McKinney,83.9149889,59.50886
cal conley,Cal Conley,44.0801156,47.5312846
sam petersen,Sam Petersen,62.0681348,68.9757032
riley greene,Riley Greene,129.898008,94.1230297
francisco urbaez,Francisco Urbaez,81.2654139,87.9816949
michael snyder,Michael Snyder,74.1336375,81.8058966
givian sirvania,Givian Sirvania,7.58756003,11.61155
stone garrett,Stone Garrett,66.8592373,77.3259814
jesse franklin v,Jesse Franklin V,85.4834248,54.887697
trea turner,Trea Turner,109.903406,121.273772
aniel mendoza,Aniel Mendoza,10.4255483,15.8765732
luis puello,Luis Puello,4.56267916,9.46651039
michael busch,Michael Busch,129.43455,97.1382419
yensi reyes,Yensi Reyes,11.0777098,16.2855517
eddy marmolejos,Eddy Marmolejos,4.58529415,9.21163167
gabriel cesa,Gabriel Cesa,2.94668206,8.35931883
pj higgins,P.J. Higgins,60.6483524,70.5029692
jacob burke,Jacob Burke,61.9996359,67.9924164
jacob wetzel,Jacob Wetzel,55.9120337,28.8244998
jamie westbrook,Jamie Westbrook,77.7328434,88.1015829
josh bell,Josh Bell,111.034481,117.686123
jack rogers,Jack Rogers,68.8650007,41.1486513
eduardo herrera,Eduardo Herrera,4.28185421,10.5191803
yonatan henriquez,Yonatan Henriquez,47.1696351,46.7258003
daniel mateo,Daniel Mateo,65.8424073,73.1260159
jose astudillo,Jose Astudillo,49.702112,54.0937312
abelardo medrano,Abelardo Medrano,4.25904793,-16.172274
javier baez,Javier Baez,75.9680397,86.9608638
andri leon,Andri Leon,,-8.0339466
justin riemer,Justin Riemer,55.7045447,62.2716606
marcus smith,Marcus Smith,57.3075362,27.5228377
kashon conliffe,Kashon Conliffe,2.51273052,8.41096515
onix vega,Onix Vega,63.0236115,69.9597732
nikau pouakagrego,Nikau Pouaka-Grego,34.1115477,12.8200421
bryan andrade,Bryan Andrade,28.1283637,34.0326213
cam fisher,Cam Fisher,43.1012028,13.6081625
carlos done,Carlos Done,9.59696798,14.4024123
ramon rodriguez,Ramon Rodriguez,83.3125155,89.509471
colby shade,Colby Shade,68.3865682,75.1830788
franklin primera,Franklin Primera,20.5904479,25.1787095
chase meidroth,Chase Meidroth,106.16442,112.47065
frandy duran,Frandy Duran,10.7348112,-9.2914823
jake anchia,Jake Anchia,39.8925441,45.9643958
diosfran cabeza,Diosfran Cabeza,32.5338794,33.6090875
ahseop son,Ah-seop Son,80.1652007,57.5398849
adbiel feliz,Adbiel Feliz,14.338858,14.6227719
ismael mena,Ismael Mena,38.9204593,15.5657033
graham pauley,Graham Pauley,98.8408694,78.7388034
kasen wells,Kasen Wells,60.3410065,36.5335771
saul ramirez,Saul Ramirez,5.35548793,11.1841935
tommy hawke,Tommy Hawke,59.5208304,36.2694742
dylan rock,Dylan Rock,58.9642154,66.5699527
tony bullard,Tony Bullard,66.1467263,73.1627096
dixon williams,Dixon Williams,32.4356472,10.0504222
jeral toledo,Jeral Toledo,30.8814598,32.2727833
landon stephens,Landon Stephens,67.6922557,77.9607906
matt shaw,Matt Shaw,102.339747,112.870892
drew waters,Drew Waters,84.5152919,81.6583811
adrian ibarra,Adrian Ibarra,3.75178849,8.91267105
liberts aponte,Liberts Aponte,9.51835405,14.6423885
colton bender,Colton Bender,31.1813921,37.4253529
dauri fernandez,Dauri Fernandez,22.7867164,25.2566042
ibrahim ruiz,Ibrahim Ruiz,-2.1486026,1.43162608
cal raleigh,Cal Raleigh,129.093553,129.744692
toby simmons,Toby Simmons,13.0212691,13.5754463
davis bradshaw,Davis Bradshaw,81.30456,55.9091382
jayden felicia,Jayden Felicia,9.01899956,9.65586133
caleb cali,Caleb Cali,64.3743976,73.3667693
julian brock,Julian Brock,55.3853732,63.0795768
lewis german,Lewis German,-3.1062305,2.36070053
jose m mendoza,Jose M. Mendoza,7.07754129,12.0048327
marcos terrero,Marcos Terrero,13.0519436,-6.4277682
richard matic,Richard Matic,15.2699298,21.221364
ivan sosa,Ivan Sosa,-3.9271816,0.71056572
byungho park,ByungHo Park,66.4067416,74.6598154
ian lewis,Ian Lewis,52.285092,54.2820236
ynmanol marinez,Ynmanol Marinez,38.7218047,44.8606196
lazaro armenteros,Lazaro Armenteros,76.2833643,86.419073
aron estrada,Aron Estrada,87.8165958,89.9332167
jake gelof,Jake Gelof,56.5525514,65.3377325
freili encarnacion,Freili Encarnacion,46.1945665,52.3726402
ruben vizcaya,Ruben Vizcaya,10.4725734,16.1438922
cooper ingle,Cooper Ingle,104.85599,73.8443501
sandy luciano,Sandy Luciano,18.8567799,19.9381958
zach remillard,Zach Remillard,59.8159309,68.1004941
addison kopack,Addison Kopack,27.4984699,34.2341491
michel triana,Michel Triana,45.815818,19.3829154
luis cruz,Luis Cruz,15.6884803,-4.4706584
wilberson de pena,Wilberson De Pena,8.50287578,13.2383188
viandel pena,Viandel Pena,60.1137862,62.4277936
marek houston,Marek Houston,38.5663214,44.0654221
skye bolt,Skye Bolt,75.0413258,81.5463544
breiny ramirez,Breiny Ramirez,7.73348379,-12.719274
ben cowles,Ben Cowles,64.3351136,71.4081857
daniel rojas,Daniel Rojas,4.67635613,8.30627024
mason martin,Mason Martin,84.7877467,51.4951222
isaac collins,Isaac Collins,104.985498,105.832065
raymer medina,Raymer Medina,-11.398874,-8.2696681
kenedy corona,Kenedy Corona,60.6971175,70.9584946
gabriel moreno,Gabriel Moreno,114.392187,123.56258
gavin logan,Gavin Logan,64.5456518,35.6646682
brian kalmer,Brian Kalmer,48.8083953,57.0318849
alberto barriga,Alberto Barriga,24.1101085,30.102057
matthew lugo,Matthew Lugo,74.2180889,86.2075149
enyel rosario,Enyel Rosario,9.09233449,11.7842347
leandro romero,Leandro Romero,17.9977705,23.3871444
francisco caldera,Francisco Caldera,3.38043965,8.7626854
cristian benavides,Cristian Benavides,2.78493348,7.84325358
freilyn rodriguez,Freilyn Rodriguez,0.93064348,-18.283368
remy veldhuisen,Remy Veldhuisen,13.4104266,-6.9577703
blake perkins,Blake Perkins,80.3385195,99.070562
javier herrera,Javier Herrera,24.8679121,24.7344975
yeiker reyes,Yeiker Reyes,34.6025144,11.672899
raynel delgado,Raynel Delgado,76.3660055,50.1209561
sam antonacci,Sam Antonacci,98.3426506,72.4658623
jeremy de la rosa,Jeremy De La Rosa,69.9179436,40.9468677
bryce arnold,Bryce Arnold,46.1754482,52.0700161
billy cook,Billy Cook,69.7664937,82.1818417
vidal brujan,Vidal Brujan,83.048588,84.7726105
luis ariza,Luis Ariza,3.47007664,7.64865753
omar martinez,Omar Martinez,71.4533539,40.360583
gabriel moncada,Gabriel Moncada,48.7462011,23.5053193
railin tejada,Railin Tejada,6.48892589,11.8733241
kevin pillar,Kevin Pillar,73.1382069,82.7448013
brian serven,Brian Serven,46.4396261,55.699162
eduardo lopez,Eduardo Lopez,53.6201177,53.7092257
caleb mcneely,Caleb McNeely,23.5005961,29.1120576
german ramirez,German Ramirez,14.7568156,20.2954972
ambioris tavarez,Ambioris Tavarez,42.6705205,50.5346227
ryan reckley,Ryan Reckley,24.0997332,25.9654905
jake fox,Jake Fox,78.1955459,49.0087646
kaden hollow,Kaden Hollow,59.6185757,34.5394543
max ferguson,Max Ferguson,66.7623666,39.6791461
dalton guthrie,Dalton Guthrie,76.1933277,85.2352417
derek datil,Derek Datil,36.6944921,13.1375674
alex call,Alex Call,100.921251,107.767084
felix stevens,Felix Stevens,72.3825041,82.204623
ketel marte,Ketel Marte,133.063752,143.089323
jose tena,Jose Tena,92.620462,72.304468
peter burns,Peter Burns,47.5980926,23.8430612
dayson croes,Dayson Croes,88.9944246,66.3081731
alexander vargas,Alexander Vargas,55.8223559,62.1228976
eli wilson,Eli Wilson,67.1443058,74.5635038
kevin fitzer,Kevin Fitzer,33.042923,38.5633982
jordan dissin,Jordan Dissin,35.2482863,41.5681971
connor hollis,Connor Hollis,75.9460074,81.6485909
brandon dixon,Brandon Dixon,70.2798125,82.8312179
leiker figueroa,Leiker Figueroa,19.7265629,24.0056312
braylin morel,Braylin Morel,39.1239676,46.1605417
jorge rodriguez,Jorge Rodriguez,-0.349483,4.42157644
jose familia,Jose Familia,-5.8648117,-22.565708
edgar basabe,Edgar Basabe,12.49258,17.8553124
cleudis valenzuela,Cleudis Valenzuela,18.2405012,0.62135491
pascual archila,Pascual Archila,18.9165998,-3.5502172
austin murr,Austin Murr,78.387246,49.6921725
victor mesa,Victor Mesa,92.9163253,71.199349
adrian de leon,Adrian De Leon,30.0380688,35.929584
yeral martinez,Yeral Martinez,27.9292855,3.91219557
keduar trujillo,Keduar Trujillo,24.9097781,31.4224129
franklin barreto,Franklin Barreto,69.057548,79.0209548
jose caguana,Jose Caguana,31.1382208,38.1103606
nelson quiroz,Nelson Quiroz,93.5546204,66.8156979
caleb bartolero,Caleb Bartolero,40.6267378,45.9885476
jose camacho,Jose Camacho,8.02007534,12.432263
jackson holliday,Jackson Holliday,115.124025,88.5533998
michael helman,Michael Helman,76.867594,84.4029617
nate nankil,Nate Nankil,80.9319687,87.0129901
jacob teter,Jacob Teter,83.9458133,53.4689569
johan rodriguez,Johan Rodriguez,17.3535542,12.9327418
jose castro,Jose Castro,14.23252,20.5127451
gregory duran,Gregory Duran,35.5238807,10.3511129
yasmani grandal,Yasmani Grandal,80.0483793,81.2657936
kaden polcovich,Kaden Polcovich,65.6924942,65.5862607
jason hernandez,Jason Hernandez,3.57278638,7.6498532
tyler oneill,Tyler O'Neill,104.003935,122.131753
edryn rodriguez,Edryn Rodriguez,20.7270443,26.2409236
brandon crawford,Brandon Crawford,72.8934041,47.9597913
brandon pimentel,Brandon Pimentel,45.0032236,23.3630357
jesus lugo,Jesus Lugo,-4.5254231,0.82489661
joseph rodriguez,Joseph Rodriguez,22.7183359,29.8259799
miguel ugueto,Miguel Ugueto,70.7707407,77.0827341
frailin yan,Frailin Yan,-6.3096995,-0.2698713
robbie tenerowicz,Robbie Tenerowicz,80.881526,85.208777
nick meyer,Nick Meyer,68.3281272,75.8813997
victor reyes,Victor Reyes,96.9903559,106.051535
sonny dichiara,Sonny DiChiara,60.2352134,68.9790431
jose torrez,Jose Torrez,3.26634616,7.07358224
jose serrano,Jose Serrano,20.643892,26.979554
ryan ward,Ryan Ward,95.188801,61.9509897
cristian perez,Cristian Perez,8.41923244,14.6597577
tj hopkins,TJ Hopkins,80.5649558,92.8016628
caleb hamilton,Caleb Hamilton,53.2911134,64.7328917
ramses velazquez,Ramses Velazquez,7.83064506,-13.612627
adolfo sanchez,Adolfo Sanchez,20.8599985,-2.3238914
seth brown,Seth Brown,104.280301,70.1052204
jeremy arocho,Jeremy Arocho,68.0955898,68.0881944
ronny polanco,Ronny Polanco,24.6968399,28.9834874
glenn santiago,Glenn Santiago,67.985841,75.9074629
jose sibrian,Jose Sibrian,37.5241885,43.3272762
adael amador,Adael Amador,87.6301139,89.5042246
edrei campos,Edrei Campos,23.8178191,3.33750185
kenly hunter,Kenly Hunter,22.0325105,26.6911756
jose riera,Jose Riera,11.9125931,16.7155757
daury arias,Daury Arias,42.4669473,17.3392368
jack reinheimer,Jack Reinheimer,41.5350916,47.7181095
jose abreu,Jose Abreu,73.9303844,86.1206809
johan contreras,Johan Contreras,-6.5309649,-1.8983407
emmanuel cedeno,Emmanuel Cedeno,38.2068831,36.0190251
jr freethy,J.R. Freethy,51.2798843,50.6245267
ethan workinger,Ethan Workinger,72.8728107,80.8265442
tommy specht,Tommy Specht,31.4179064,8.65112623
zac veen,Zac Veen,88.780846,64.0190596
rio foster,Rio Foster,62.2416575,70.0484139
jostin ogando,Jostin Ogando,11.0970429,16.8285829
ty duvall,Ty Duvall,50.7056073,24.55914
luis torrens,Luis Torrens,90.2226942,97.9700603
tyler tolve,Tyler Tolve,59.4840518,30.408602
kavares tears,Kavares Tears,42.3195308,16.4952731
darvin cruz,Darvin Cruz,17.816926,-0.7959936
alexander garcia,Alexander Garcia,9.39902955,3.62570674
fernando roquez,Fernando Roquez,8.14915413,-14.544699
jesus correa,Jesus Correa,7.85410194,9.75824433
cal stevenson,Cal Stevenson,89.7155635,64.8755859
ezequiel surun,Ezequiel Surun,5.41049191,8.95818541
raynerd ortega,Raynerd Ortega,25.3314287,31.1380717
arfeni batista,Arfeni Batista,-4.3463903,0.82637731
elias perez,Elias Perez,9.85958659,11.2894515
maikel garcia,Maikel Garcia,106.184403,117.55896
lars nootbaar,Lars Nootbaar,121.705423,93.568135
eric haase,Eric Haase,69.2338348,77.348325
christian cairo,Christian Cairo,61.4274351,67.9812055
bennett hostetler,Bennett Hostetler,49.0502668,55.8003048
nomar fana,Nomar Fana,26.5784132,27.4204642
tomas frick,Tomas Frick,67.9074823,74.5172938
cutter coffey,Cutter Coffey,54.2431592,61.7485512
ty france,Ty France,100.735792,102.8967
moises de la rosa,Moises De La Rosa,9.87936643,15.1137998
keiver garcia,Keiver Garcia,7.07782476,9.2907096
ryan cesarini,Ryan Cesarini,66.1791283,40.2987262
arquimedes gamboa,Arquimedes Gamboa,67.7096859,67.6798648
bobby dalbec,Bobby Dalbec,68.2991843,78.6312534
sami manzueta,Sami Manzueta,13.3184538,19.1690446
sebastian baquera,Sebastian Baquera,7.82272147,12.0766692
austin nola,Austin Nola,67.9241978,76.4271962
roiner cespede,Roiner Cespede,1.81310861,6.13370589
keaton anthony,Keaton Anthony,87.9080923,96.1372875
isaias dipre,Isaias Dipre,21.1073673,26.4532078
ronny mauricio,Ronny Mauricio,100.658584,93.9525062
luis castillo,Luis Castillo,49.6332025,20.8883851
janero miller,Janero Miller,-6.2347629,-2.6492279
agustin acosta,Agustin Acosta,21.1779905,-2.3051699
jackson chourio,Jackson Chourio,114.832535,124.861278
sam kulasingam,Sam Kulasingam,61.0588989,64.2423102
abraham cohen,Abraham Cohen,13.3567575,-7.145795
jehancarlos mendez,Jehancarlos Mendez,5.3783737,9.88843292
eduardo oviedo,Eduardo Oviedo,2.81655299,8.42709056
kai roberts,Kai Roberts,51.6695177,25.4474011
josnaider orellana,Josnaider Orellana,7.66490121,12.3903515
brennan orf,Brennan Orf,61.5899412,34.3184668
fernando cruz,Fernando Cruz,-7.1862215,-2.3232508
carlos jimenez,Carlos Jimenez,60.3295126,33.7652803
eric wagaman,Eric Wagaman,92.3647018,100.77432
danny puerta,Danny Puerta,11.6353249,-7.7322753
ivan torres,Ivan Torres,13.3225441,17.4972343
cody bellinger,Cody Bellinger,122.225734,106.241168
idalberto santiesteban,Idalberto Santiesteban,7.44985502,-11.364475
brandon compton,Brandon Compton,48.2491587,20.8052996
chase davis,Chase Davis,81.3456138,52.1344551
edgardo de leon,Edgardo De Leon,9.05025843,14.4352543
ryan mcbroom,Ryan McBroom,68.0450649,80.6297136
nick kahle,Nick Kahle,59.7649932,66.2333848
javier valdes,Javier Valdes,77.6382031,85.0853587
jesus bugarin,Jesus Bugarin,39.7829677,46.211625
braden montgomery,Braden Montgomery,76.2100033,78.8205106
laz rivera,Laz Rivera,62.7211693,69.2923503
axell de paula,Axell De Paula,10.7913569,15.7242295
dariel arias,Dariel Arias,11.2385753,-7.4165214
gavin lux,Gavin Lux,101.33582,74.3438728
geuri lubo,Geuri Lubo,6.49333025,10.728222
jake mccarthy,Jake McCarthy,98.5836205,76.4581532
isaiah drake,Isaiah Drake,52.6195953,28.3962064
jord david diaz,Jord David Diaz,3.678902,8.06971943
victor familia,Victor Familia,-10.908506,-6.4982597
jackson appel,Jackson Appel,54.7728299,53.1010093
alan trejo,Alan Trejo,65.8712347,72.4415087
jacob melton,Jacob Melton,86.7199326,65.1649134
gery holguin,Gery Holguin,17.2164764,24.1434684
joseph tailor,Joseph Tailor,13.9764913,-4.7627087
emilio taveras,Emilio Taveras,7.48517582,13.7972213
jose devers,Jose Devers,76.2578003,54.2553104
yunior garcia,Yunior Garcia,49.0362717,56.069657
randy soto,Randy Soto,16.3638291,14.5469463
miguel rodriguez,Miguel Rodriguez,44.114932,49.0944217
felnin celesten,Felnin Celesten,47.0881498,50.4909171
alexander rincon,Alexander Rincon,24.6544742,6.27508328
reese mcguire,Reese McGuire,83.850544,60.1343013
jack blomgren,Jack Blomgren,68.8668713,75.5700215
sandro fabian,Sandro Fabian,79.7173322,86.154108
sebastian de los santos,Sebastian De Los Santos,3.19283075,4.67475417
eduardo beltre,Eduardo Beltre,33.7550748,40.602686
jay allen,Jay Allen,64.3390373,71.1505672
eugenio suarez,Eugenio Suarez,108.190811,115.090681
quincy scott,Quincy Scott,45.0471289,51.4648891
roiner quintana,Roiner Quintana,12.9041518,18.8396446
blayberg diaz,Blayberg Diaz,33.5332442,37.7458875
ricardo crespo,Ricardo Crespo,22.687079,2.39638998
matt beaty,Matt Beaty,85.9077779,61.3443606
bryan broecker,Bryan Broecker,34.0275216,41.2757945
angelo castellano,Angelo Castellano,71.9973017,79.3317742
kyle dernedde,Kyle Dernedde,45.3639846,52.0342145
trei cruz,Trei Cruz,79.3422433,78.7323163
patrick frick,Patrick Frick,64.8278615,70.2613389
giomar ubiera,Giomar Ubiera,3.36128556,8.08248906
daniel bruzual,Daniel Bruzual,4.11610619,8.46943068
miguel rojas,Miguel Rojas,88.8424844,98.3022419
hunter stovall,Hunter Stovall,62.6341401,68.7863452
bryce teodosio,Bryce Teodosio,62.7965038,69.3235559
elorky rodriguez,Elorky Rodriguez,32.3721147,10.4401335
kahlil watson,Kahlil Watson,86.141074,54.2600733
connor hoover,Connor Hoover,64.5855066,36.570057
carlos oviedo,Carlos Oviedo,-0.3124423,5.33188488
john bay,John Bay,32.0366126,38.1349387
blaine crim,Blaine Crim,86.987048,99.4868368
eyke ugueto,Eyke Ugueto,4.44592007,8.59538026
breyias dean,Breyias Dean,2.14439205,7.20091854
carlos monteverde,Carlos Monteverde,31.2921734,7.19360415
ronny ugarte,Ronny Ugarte,32.0754665,8.5707835
edgar jimenez,Edgar Jimenez,-6.5442948,-2.250979
reylin perez,Reylin Perez,39.8355385,43.9768852
corey joyce,Corey Joyce,76.0140051,82.9549055
johanse gomez,Johanse Gomez,1.4002203,-19.471222
lolo sanchez,Lolo Sanchez,73.0439575,79.9629722
caleb ketchup,Caleb Ketchup,49.8050071,57.5306952
yelserth ayala,Yelserth Ayala,7.78168912,11.0326404
franklin arias,Franklin Arias,81.8702032,88.1737602
tyler miller,Tyler Miller,67.1754447,39.8280302
kendall george,Kendall George,78.432858,53.0576087
anderson suriel,Anderson Suriel,32.9272298,9.89529529
mickey gasper,Mickey Gasper,96.5393857,96.7042945
colt emerson,Colt Emerson,100.006986,71.2346647
adolis garcia,Adolis Garcia,96.9404497,104.011652
leider padilla,Leider Padilla,4.1231512,9.34089579
fernando pena,Fernando Pena,5.80618366,10.042714
john gil,John Gil,44.9947325,50.7035907
drew campbell,Drew Campbell,77.4831113,48.174301
bobby witt,Bobby Witt,133.496692,140.371082
oscar colas,Oscar Colas,77.3498941,50.4097677
corey julks,Corey Julks,80.8792349,89.0734939
kyler castillo,Kyler Castillo,53.2036738,60.5668189
devin saltiban,Devin Saltiban,35.0780074,41.0224911
yandro hernandez,Yandro Hernandez,4.5362716,5.57955816
jesus morales,Jesus Morales,1.74261687,6.77507288
abrahan ramirez,Abrahan Ramirez,47.2239804,26.6432166
gabriel cancel,Gabriel Cancel,72.9907813,82.3157627
danny serretti,Danny Serretti,62.3054469,63.4584852
rafael ortega,Rafael Ortega,86.9995022,58.302943
manni ramirez,Manni Ramirez,13.1760636,19.4841684
diego hernandez,Diego Hernandez,66.4202159,40.366473
endy rios,Endy Rios,6.51927804,-8.8090275
orelvis martinez,Orelvis Martinez,74.3052572,82.6391766
alex mccoy,Alex McCoy,45.0176828,51.0517357
maxwell costes,Maxwell Costes,78.7392925,85.6842099
yerlin confidan,Yerlin Confidan,47.8121168,21.1695701
kris bryant,Kris Bryant,78.5528049,86.9363637
luken baker,Luken Baker,84.9953759,98.4853704
benny montgomery,Benny Montgomery,56.6492332,65.2783811
karson simas,Karson Simas,51.3801381,57.9240015
darling fernandez,Darling Fernandez,22.2059651,0.3731377
tucker flint,Tucker Flint,76.7491024,44.6579426
avery owusuasiedu,Avery Owusu-Asiedu,47.2697591,54.6025798
yeferson portolatin,Yeferson Portolatin,20.0021692,17.6814377
johan de los santos,Johan De Los Santos,30.6432429,13.5048093
tony wolters,Tony Wolters,73.2133769,49.9306889
carter graham,Carter Graham,41.8837447,48.0293038
kaelen culpepper,Kaelen Culpepper,87.6369874,94.8191127
austin hedges,Austin Hedges,60.5454299,67.2190585
dillon lewis,Dillon Lewis,53.2662959,60.6682509
jordany oliver,Jordany Oliver,-4.5080012,
victor hurtado,Victor Hurtado,19.1325859,-1.1895125
sal frelick,Sal Frelick,110.302673,89.0425036
robert hipwell,Robert Hipwell,47.1402761,20.755505
rainer reyes,Rainer Reyes,9.70754055,14.4961569
esteban gonzalez,Esteban Gonzalez,66.3442932,40.163106
jesus lopez,Jesus Lopez,34.0977351,10.6512212
daniel pena,Daniel Pena,34.8579529,39.592493
jose sabino,Jose Sabino,6.75902204,-13.137835
klendy leen,Klendy Leen,-13.218536,-7.623698
frank nigro,Frank Nigro,-5.8051727,
ford proctor,Ford Proctor,82.9022774,57.0111005
rolando espinosa,Rolando Espinosa,64.701259,73.7961246
junior quezada,Junior Quezada,3.5925764,8.69227566
shayne fontana,Shayne Fontana,82.5209488,54.5376494
pablo aliendo,Pablo Aliendo,56.0584483,64.1714459
ismael javier,Ismael Javier,10.5209555,11.7797026
cj pittaro,C.J. Pittaro,43.668694,21.6016635
hyun soo kim,Hyun Soo Kim,85.8795098,60.2268513
estanlin cassiani,Estanlin Cassiani,39.5317593,18.8104875
elih marrero,Elih Marrero,65.0480922,67.0865945
lane thomas,Lane Thomas,87.5611983,108.711744
tyler nevin,Tyler Nevin,92.9863045,105.057551
darian castillo,Darian Castillo,17.063219,18.1235347
rafael flores,Rafael Flores,82.468872,93.3430299
isael arias,Isael Arias,5.82866478,10.0526263
paul witt,Paul Witt,59.5579093,66.8863085
aj pollock,AJ Pollock,72.396575,84.284245
rece hinds,Rece Hinds,84.8003347,93.5766022
duke ellis,Duke Ellis,71.7482614,45.9578014
yeison morrobel,Yeison Morrobel,52.5139357,26.6452124
jeremy celedonio,Jeremy Celedonio,28.94775,36.7531763
tanner kirwer,Tanner Kirwer,62.8717888,69.8715056
blaze alexander,Blaze Alexander,86.4732853,96.5541017
marcos de la rosa,Marcos De La Rosa,29.5288314,30.7505051
isaac de leon,Isaac De Leon,42.7853774,48.9243523
druw jones,Druw Jones,56.7898641,64.3939334
gabriel gonzalez,Gabriel Gonzalez,97.7763654,104.86894
aldalay kolokie,Aldalay Kolokie,19.5067287,24.5778023
channy ortiz,Channy Ortiz,40.8024204,43.1526428
joe stewart,Joe Stewart,38.5143769,44.3268818
luis guevara,Luis Guevara,36.6854316,37.6698738
filippo di turi,Filippo Di Turi,33.3127896,34.228685
ricardo chirinos,Ricardo Chirinos,8.92038069,12.6414453
yordys valdes,Yordys Valdes,41.0442096,44.6831263
jordan sprinkle,Jordan Sprinkle,38.1025833,43.7717323
carter dorighi,Carter Dorighi,53.8720831,32.7082692
guy lipscomb,Guy Lipscomb,84.4125377,57.2675155
davis wendzel,Davis Wendzel,65.3446701,75.5923047
michael turner,Michael Turner,76.5341689,50.1584979
vaun brown,Vaun Brown,58.5554167,67.140583
luis suarez,Luis Suarez,4.64949036,9.01688379
angel zarate,Angel Zarate,54.6223677,29.560608
tommy white,Tommy White,83.3149564,90.7880469
alex mckenna,Alex McKenna,66.7759533,76.1941315
carlos gutierrez,Carlos Gutierrez,67.3087333,43.9790226
jesus torres,Jesus Torres,0.28439238,5.76618155
spencer henson,Spencer Henson,48.4190921,55.431206
jirvin morillo,Jirvin Morillo,17.7393864,16.7228993
jonah cox,Jonah Cox,59.3773853,66.1032097
nicolas barrios,Nicolas Barrios,6.67815064,-13.553726
tyler callihan,Tyler Callihan,81.8940608,55.0755223
hector osorio,Hector Osorio,64.8394379,39.4391715
javi vaz,Javi Vaz,88.6130494,64.1338099
sam brown,Sam Brown,80.918458,54.0503249
cameron sisneros,Cameron Sisneros,72.6340582,44.4238157
spencer torkelson,Spencer Torkelson,100.368101,122.28958
nate rombach,Nate Rombach,30.8459348,37.2843097
isaias castillo,Isaias Castillo,-2.4796243,3.23259894
juan flores,Juan Flores,37.7293095,43.6394422
kelvin alcantara,Kelvin Alcantara,23.8663671,2.54437615
luis martinez,Luis Martinez,11.1969453,-8.8907478
willian berti,Willian Berti,20.9401152,-1.7396478
jorge julio,Jorge Julio,11.1254702,16.1303126
jantzen witte,Jantzen Witte,58.6296503,66.5680747
jacob gonzalez,Jacob Gonzalez,67.3901518,72.7438967
derek bernard,Derek Bernard,52.5341123,27.4434379
caleb lomavita,Caleb Lomavita,45.4840073,50.4515847
alejandro guerrero,Alejandro Guerrero,-7.5449419,-2.8826553
luca tresh,Luca Tresh,74.3764422,82.7463723
luke adams,Luke Adams,93.2794816,99.0637335
derek cueto,Derek Cueto,-6.8400303,-1.5517271
greylin de la paz,Greylin De La Paz,13.7119945,19.645068
will bush,Will Bush,80.1645995,49.0202208
roismar quintana,Roismar Quintana,43.4441424,49.78347
juan zabala,Juan Zabala,57.2686902,64.5543046
belfi rivera,Belfi Rivera,6.78847454,-12.08558
jancel santana,Jancel Santana,7.28267292,8.27811615
angel arredondo,Angel Arredondo,6.42289179,10.644736
yeremi villahermosa,Yeremi Villahermosa,16.3282974,16.8329037
orlando arcia,Orlando Arcia,80.670366,89.3293723
austin wells,Austin Wells,107.13192,81.1199541
brooks brannon,Brooks Brannon,60.1701832,68.9234863
felix reyes,Felix Reyes,83.4410996,90.9540815
dawson dimon,Dawson Dimon,14.1078096,20.4272655
payton eeles,Payton Eeles,93.4022182,66.7990648
byron castillo,Byron Castillo,4.69242822,9.62786763
jacob berry,Jacob Berry,69.464794,70.3340577
stephen piscotty,Stephen Piscotty,63.8869331,77.3103543
michael reed,Michael Reed,65.14486,67.605315
duce gourson,Duce Gourson,85.1147466,57.8880204
riangelo richardson,Riangelo Richardson,-16.861905,-12.27652
jose cerice,Jose Cerice,44.1317055,48.4038232
alfredo duno,Alfredo Duno,64.7096362,73.3012946
esmerlyn valdez,Esmerlyn Valdez,87.2596225,95.9302812
jarryd dale,Jarryd Dale,58.4408795,64.7937536
jesus castro,Jesus Castro,7.93813161,8.83243823
jeimer candelario,Jeimer Candelario,74.8668138,81.1015807
leandro cedeno,Leandro Cedeno,83.4744168,92.2440764
nick tanielu,Nick Tanielu,60.5582075,67.8368963
blaze osaben,Blaze O'Saben,33.7627508,38.498858
jorge quintana,Jorge Quintana,24.6809139,27.1879802
luis aguilera,Luis Aguilera,17.4509825,0.41290716
christian koss,Christian Koss,81.20014,85.2198522
robert moore,Robert Moore,61.2533809,61.2992707
mark kolozsvary,Mark Kolozsvary,58.4909761,69.8332955
diego contreras,Diego Contreras,22.8560599,23.3015558
ben gobbel,Ben Gobbel,71.2821875,78.6440162
johan benitez,Johan Benitez,25.984082,28.990384
tucker bradley,Tucker Bradley,91.2510238,61.5210441
gustavo beltran,Gustavo Beltran,-0.1384859,4.49460035
odalys peguero,Odalys Peguero,28.7999285,29.826632
jack penney,Jack Penney,56.2944127,32.405754
justice thompson,Justice Thompson,71.7998619,80.7475084
starlin gill,Starlin Gill,19.9059955,23.7786907
johnny tincher,Johnny Tincher,39.2725139,44.8069609
jhoan peguero,Jhoan Peguero,2.33696197,8.45199167
poncho ruiz,Poncho Ruiz,49.0220698,55.5817043
kamren james,Kamren James,51.0116707,58.0599615
amed rosario,Amed Rosario,88.6717137,100.849575
adrian reyes,Adrian Reyes,5.78253286,6.9138477
joohyung kim,Joo-Hyung Kim,47.3692952,54.5901066
paul goldschmidt,Paul Goldschmidt,98.6335513,118.78003
elehuris montero,Elehuris Montero,81.9547645,93.898258
junior tilien,Junior Tilien,45.4088665,51.4279604
nathaniel lowe,Nathaniel Lowe,109.753439,83.5953201
clay winklaar,Clay Winklaar,-13.76712,-9.1075329
kevin tamburini,Kevin Tamburini,5.45291019,-11.620202
jose sanabria,Jose Sanabria,49.0839269,55.7403716
abel valdes,Abel Valdes,8.86619462,-11.397915
ronnyel espinoza,Ronnyel Espinoza,8.39279024,8.71579369
austin riley,Austin Riley,112.983546,126.719444
yeycol soriano,Yeycol Soriano,11.2593787,-10.090635
chadwick tromp,Chadwick Tromp,61.4165377,71.571816
emilien pitre,emilien Pitre,60.0618733,35.7400569
warming bernabel,Warming Bernabel,84.2416027,92.3762152
tyler soderstrom,Tyler Soderstrom,124.297251,97.3703002
mike salvatore,Mike Salvatore,37.8332838,43.1889391
victor leal,Victor Leal,11.3538124,15.4631206
jurdrick profar,Jurdrick Profar,0.77937642,5.84203117
marcus wilson,Marcus Wilson,80.4915286,94.6666842
eduardo montero,Eduardo Montero,,-15.250269
carlos mota,Carlos Mota,0.50976791,4.79380742
emdys rosillo,Emdys Rosillo,8.76110326,-9.7623936
pablo arosemena,Pablo Arosemena,0.08236291,4.84752797
johnny ascanio,Johnny Ascanio,65.1523684,64.8579087
kemp alderman,Kemp Alderman,79.9830069,88.1277632
santiago prado,Santiago Prado,3.03079426,-12.338968
shane muntz,Shane Muntz,42.7313462,49.3665175
geury estevez,Geury Estevez,22.8059277,23.813902
tony kemp,Tony Kemp,84.3983629,63.4033091
albert jimenez,Albert Jimenez,18.469353,24.1031424
daris cordero,Daris Cordero,-4.7335308,0.49096205
tommy troy,Tommy Troy,88.3981431,95.2813124
tyler neslony,Tyler Neslony,83.8151165,54.5666743
wanderly de la cruz,Wanderly De La Cruz,11.2869182,-10.264823
david hensley,David Hensley,63.281702,77.1866566
pedro ibarguen,Pedro Ibarguen,35.6210466,42.3223816
yusniel diaz,Yusniel Diaz,83.9544416,92.9365284
drake logan,Drake Logan,55.9737069,65.5217668
andrew mccutchen,Andrew McCutchen,95.2894245,104.750248
andrew salas,Andrew Salas,30.4558346,30.6524027
moises ballesteros,Moises Ballesteros,112.272776,89.6138727
samuel gil,Samuel Gil,41.3838779,46.9231275
iverson allen,Iverson Allen,4.22865544,9.48502854
braden barry,Braden Barry,26.7517685,32.7942144
alexander orasma,Alexander Orasma,0.95732922,2.87623504
brainerh palacios,Brainerh Palacios,-3.4193141,1.08320369
wilber sanchez,Wilber Sanchez,30.3775635,35.9834521
nolan arenado,Nolan Arenado,97.5308018,107.230575
daniel rodriguez,Daniel Rodriguez,6.85757544,12.4613259
jake meyers,Jake Meyers,96.8306952,104.89724
ethan murray,Ethan Murray,59.6333254,67.5972347
queni pineda,Queni Pineda,16.2539483,23.082392
jp cabrera,J.P. Cabrera,9.86993361,14.0808015
kaeden kent,Kaeden Kent,39.9939312,18.3307836
roman anthony,Roman Anthony,129.677985,101.006029
clark elliott,Clark Elliott,89.4533584,58.5054599
cristian garcia,Cristian Garcia,30.0124766,30.4995358
phil clarke,Phil Clarke,86.9869225,60.7666975
patrick lee,Patrick Lee,36.6654209,43.967944
jesus moreno,Jesus Moreno,13.7603613,19.9629444
mac mccroskey,Mac McCroskey,35.0757778,42.7024461
max clark,Max Clark,103.434382,71.5886847
niko kavadas,Niko Kavadas,90.2647154,61.9572441
dasan brown,Dasan Brown,59.166488,66.5175427
eduarlin tejeda,Eduarlin Tejeda,14.8551337,16.1931577
travis blankenhorn,Travis Blankenhorn,81.3577539,53.8171188
matthew batten,Matthew Batten,54.4598959,65.2439184
randy perea,Randy Perea,4.23142572,10.5624988
cody milligan,Cody Milligan,63.1729359,39.5135957
juan ortega,Juan Ortega,10.8677658,15.3479543
haoyu lee,Hao-Yu Lee,81.5101635,88.4975388
edgar alfonso,Edgar Alfonso,5.06263501,7.86966797
lyle lin,Lyle Lin,58.8478018,64.0035466
kole myers,Kole Myers,93.7004204,62.6131328
carter cunningham,Carter Cunningham,55.609712,26.0541984
konnor griffin,Konnor Griffin,95.5376119,103.059833
jose ortiz,Jose Ortiz,33.8695802,38.8066915
alen pineda,Alen Pineda,4.00242231,9.30232877
nelson velazquez,Nelson Velazquez,92.0728626,104.886333
dakota kotowski,Dakota Kotowski,25.3568421,32.3349692
kenni gomez,Kenni Gomez,53.8955726,28.9307099
yonathan perlaza,Yonathan Perlaza,99.5175261,99.7544196
robert alvarez,Robert Alvarez,-6.6070567,-2.6280681
mayki de la rosa,Mayki De La Rosa,4.28714081,9.31294488
emiliano galan,Emiliano Galan,10.6256742,15.8143981
keston hiura,Keston Hiura,92.7799431,100.642489
juan sierra,Juan Sierra,17.8142541,24.1952704
luis parababire,Luis Parababire,1.12019812,6.3438406
zach cole,Zach Cole,91.9720346,64.340846
joseph sequera,Joseph Sequera,0.77083638,5.28488598
jake noll,Jake Noll,71.5917516,82.2690501
jurickson profar,Jurickson Profar,111.230996,116.492211
jax biggers,Jax Biggers,70.0104272,44.4238574
ronny hernandez,Ronny Hernandez,48.1184814,25.1867163
bo naylor,Bo Naylor,104.018175,82.3549862
kyle lodise,Kyle Lodise,43.5139865,48.8286556
emil martinez,Emil Martinez,-1.6468911,2.37382981
alonso gallegos,Alonso Gallegos,10.5770797,15.2263511
tyler fitzgerald,Tyler Fitzgerald,79.657196,88.563803
jj schwarz,JJ Schwarz,63.7161213,71.7290766
andrew miller,Andrew Miller,31.9364294,38.8785904
jose gonzalez,Jose Gonzalez,23.7008372,-1.0540997
mitch garver,Mitch Garver,87.7222085,110.158494
nick decker,Nick Decker,66.2282215,35.8728483
eddie park,Eddie Park,64.5387173,39.4229693
blake dunn,Blake Dunn,75.9731371,83.0641845
bon ki shin,Bon Ki Shin,71.5230003,78.4917028
jhonny level,Jhonny Level,45.4852022,46.181518
jaime ferrer,Jaime Ferrer,41.4996703,45.8182171
simon juan,Simon Juan,29.8425575,36.483352
alain camou,Alain Camou,31.8291598,13.2668452
adrian del castillo,Adrian Del Castillo,99.2805906,74.26289
ricson gonzalez,Ricson Gonzalez,5.099082,8.85426824
angel aquino,Angel Aquino,-12.144379,-7.0518926
ronny simon,Ronny Simon,85.7690126,90.100142
caleb bonemer,Caleb Bonemer,57.8244159,64.9487309
miguel caraballo,Miguel Caraballo,8.0826189,7.89160697
jared dupere,Jared Dupere,47.2432568,19.680267
jared wegner,Jared Wegner,53.2627155,61.1163728
brennon mcnair,Brennon McNair,28.1011201,35.5028915
mauricio dubon,Mauricio Dubon,85.4705027,93.8313487
josias ramirez,Josias Ramirez,17.3935989,-6.4867259
adriel radney,Adriel Radney,14.3384342,19.7279402
manuel almeida,Manuel Almeida,9.1991944,10.9199918
mani cedeno,Mani Cedeno,-11.600545,-5.6035079
wuinder torres,Wuinder Torres,8.03331376,11.7738517
cameron masterman,Cameron Masterman,58.9352886,68.5006335
moises castillo,Moises Castillo,66.8190362,73.6094315
alec bohm,Alec Bohm,104.560207,117.868036
adam hall,Adam Hall,51.385294,56.8872239
alexander suarez,Alexander Suarez,55.4689613,61.6513013
cj kayfus,CJ Kayfus,106.871076,82.4460179
jalen vasquez,Jalen Vasquez,60.3725875,35.6672944
jhonny osta,Jhonny Osta,5.24900189,-14.837151
cam cannon,Cam Cannon,66.0688114,72.2088145
ian happ,Ian Happ,117.596614,106.298825
reyli mariano,Reyli Mariano,24.863741,25.3864727
cj cron,C.J. Cron,84.7449678,93.7763279
david martin,David Martin,59.7987718,37.2062427
juan alvarez,Juan Alvarez,3.32155949,5.92340864
david garcia,David Garcia,57.6261053,57.7149082
juan montero,Juan Montero,31.6218609,37.1954869
ryan ignoffo,Ryan Ignoffo,80.0077572,86.7988003
carlos avila,Carlos Avila,9.94070359,-8.2933372
henniel alcala,Henniel Alcala,2.51227723,6.74371944
carlos rondon,Carlos Rondon,-6.15347,-1.1787815
joan sierra,Joan Sierra,3.51392006,8.43521584
payton green,Payton Green,66.0186567,73.5856993
yeiferth castillo,Yeiferth Castillo,30.3131904,9.2413798
carlos dominguez,Carlos Dominguez,43.0310077,50.3499428
zeus nunez,Zeus Nunez,-12.608066,-7.0264775
cole conn,Cole Conn,65.4432668,65.7056548
alfredo alcantara,Alfredo Alcantara,36.0632159,42.5130942
dario reynoso,Dario Reynoso,23.9482539,31.0685101
paul dejong,Paul DeJong,73.2905655,75.2818977
edwin arroyo,Edwin Arroyo,76.102397,79.4191486
daniel hernandez,Daniel Hernandez,9.12992211,-7.1856911
julio henriquez,Julio Henriquez,26.4177376,31.4600294
maximus martin,Maximus Martin,32.3678081,37.9124367
carlos santiago,Carlos Santiago,37.8102062,39.1620667
emmanuel rivera,Emmanuel Rivera,79.9209902,91.0970084
jesus baez,Jesus Baez,57.5520407,63.9999265
rosnel alarcon,Rosnel Alarcon,18.5556151,22.8022623
humberto tiberi,Humberto Tiberi,-4.0337849,1.04370804
josh stowers,Josh Stowers,61.7646779,69.2922081
jair camargo,Jair Camargo,58.6606576,71.4036432
hyeseong kim,Hyeseong Kim,91.6931342,72.0928087
matt duffy,Matt Duffy,62.0777179,72.998324
vinnie pasquantino,Vinnie Pasquantino,129.500027,98.842833
matt vierling,Matt Vierling,86.6264119,97.7028527
marco luciano,Marco Luciano,69.2502855,85.6627963
elias reyno,Elias Reyno,-1.6535996,4.32426891
ben hartl,Ben Hartl,42.1776461,46.7105751
christopher orelin,Christopher Orelin,-3.6746727,0.79183164
zac cook,Zac Cook,75.6728504,45.9348439
jordan walker,Jordan Walker,95.9616754,108.305422
austin slater,Austin Slater,84.0249691,100.81906
roger lasso,Roger Lasso,35.3426728,40.9283497
rafy peguero,Rafy Peguero,6.46504119,12.5837106
abrahan gutierrez,Abrahan Gutierrez,67.3658688,73.4913453
jhostynxon garcia,Jhostynxon Garcia,79.3503733,90.8731629
kyle isbel,Kyle Isbel,92.9324481,66.8234013
kody clemens,Kody Clemens,102.459169,72.3965038
theo hardy,Theo Hardy,37.2299318,37.7836718
freddy fermin,Freddy Fermin,91.9664841,99.563207
ryan mccarty,Ryan McCarty,59.8831894,66.456839
darick hall,Darick Hall,80.4425293,50.9707573
angel salio,Angel Salio,23.7915358,2.99761665
tyler black,Tyler Black,98.2711337,72.8491811
elly de la cruz,Elly De La Cruz,122.074977,104.886263
jhonael cuello,Jhonael Cuello,18.0254787,-2.9884242
dylan crews,Dylan Crews,97.2622346,104.183509
jefferson rojas,Jefferson Rojas,70.6858512,76.5503504
willy fanas,Willy Fanas,24.4047118,2.92931111
nick gile,Nick Gile,20.1185032,24.8717796
felix taveras,Felix Taveras,,-8.0244796
jake slaughter,Jake Slaughter,72.9992905,80.5570403
joshwan wright,Joshwan Wright,42.8150447,46.8275709
romeo sanabria,Romeo Sanabria,87.1638145,57.7772161
jefferson encarnacion,Jefferson Encarnacion,33.977771,9.85323381
weston wilson,Weston Wilson,85.8635111,98.6689201
allan cerda,Allan Cerda,73.668066,83.3670391
kendry martinez,Kendry Martinez,-4.2870692,-19.689751
vicente guaylupo,Vicente Guaylupo,1.09793404,5.68434992
jesus bastidas,Jesus Bastidas,70.9437558,77.008403
chris roller,Chris Roller,53.8127909,62.3527854
mike trout,Mike Trout,113.327405,122.789266
kyle hayes,Kyle Hayes,48.0720706,54.6130443
emil morales,Emil Morales,50.9720977,59.0417527
ben malgeri,Ben Malgeri,77.0977447,85.3233878
brock tibbitts,Brock Tibbitts,25.1339566,30.3778436
niko decolati,Niko Decolati,65.6760316,72.8503656
francisco lindor,Francisco Lindor,119.765314,129.728985
hector salas,Hector Salas,44.9748795,24.0198557
randy arozarena,Randy Arozarena,109.651674,121.958168
deivis nadal,Deivis Nadal,33.2764584,9.54666066
marcos castanon,Marcos Castanon,74.3438584,82.2541377
jose fermin,Jose Fermin,103.661869,110.231591
cody morissette,Cody Morissette,61.2101696,34.2000717
adan chacon,Adan Chacon,10.4215474,-10.07821
mat nelson,Mat Nelson,58.2430607,64.8420559
luis santos,Luis Santos,17.083602,-0.9265805
matt gorski,Matt Gorski,76.5241711,89.1388632
jc escarra,J.C. Escarra,98.0551376,78.2455581
eric hosmer,Eric Hosmer,78.0289848,53.0406665
kevin santos,Kevin Santos,,-8.7027622
juan uribe,Juan Uribe,-10.565594,
john wimmer,John Wimmer,11.7360608,17.9929049
joshua palacios,Joshua Palacios,96.6877347,72.6292683
abel de leon,Abel De Leon,-4.6707825,0.68885894
rj yeager,R.J. Yeager,70.2802906,76.442129
cade doughty,Cade Doughty,57.5676674,64.2875071
daniel mcelveny,Daniel McElveny,22.4374573,27.8751293
cruzmel arias,Cruzmel Arias,-1.7640671,1.83202935
marwin rivero,Marwin Rivero,0.47337032,4.91902233
brendan rodgers,Brendan Rodgers,76.8849988,90.9705116
david bote,David Bote,79.2273975,87.7627573
kelvin hidalgo,Kelvin Hidalgo,30.7682698,37.0245107
diorland zambrano,Diorland Zambrano,22.0930885,26.4458318
jeff mcneil,Jeff McNeil,109.807014,89.2040616
luke raley,Luke Raley,106.380934,82.4194378
david mccabe,David McCabe,77.760616,78.983723
yulian barreto,Yulian Barreto,22.74937,27.3239895
derwin laya,Derwin Laya,9.81988901,14.5343171
wade meckler,Wade Meckler,95.0262604,71.1040811
edwin brito,Edwin Brito,4.75687784,9.98466085
ramiro dominguez,Ramiro Dominguez,16.5752322,20.726453
rafael alvarez,Rafael Alvarez,5.57661132,10.2425576
josh naylor,Josh Naylor,129.710837,100.564833
miguel sosa,Miguel Sosa,29.236715,36.2662455
daniel guilarte,Daniel Guilarte,22.3708574,28.3854558
niko hulsizer,Niko Hulsizer,80.834312,91.0164293
juan colorado,Juan Colorado,-4.738711,1.26713891
walker jenkins,Walker Jenkins,100.524844,69.9983871
kyle henley,Kyle Henley,21.4230244,27.7685408
jared sundstrom,Jared Sundstrom,67.153664,74.8370342
darwin almanzar,Darwin Almanzar,15.6839983,16.5338722
xavier edwards,Xavier Edwards,104.2658,104.116452
francisco perez,Francisco Perez,15.0264236,19.3394041
luis caicuto,Luis Caicuto,35.3391709,40.2529601
weston eberly,Weston Eberly,26.1628125,31.879906
angel ramirez,Angel Ramirez,18.5204361,23.2556467
sandy ruiz,Sandy Ruiz,4.69966665,9.88316314
daiber de los santos,Daiber De Los Santos,-6.4011856,-1.2596789
nick gonzales,Nick Gonzales,96.7466047,102.116805
anthony stephan,Anthony Stephan,60.850664,31.8964766
brett callahan,Brett Callahan,63.8872374,36.4642173
elijah hainline,Elijah Hainline,56.1032071,62.7139523
tucker barnhart,Tucker Barnhart,60.164708,63.4785694
david beckles,David Beckles,32.6159482,39.4409692
yaisel ramos,Yaisel Ramos,-3.3248487,2.04259868
derek berg,Derek Berg,32.871177,39.111563
evan white,Evan White,74.0536411,85.2021667
bobby blandford,Bobby Blandford,38.6390739,12.2508992
jack lopez,Jack Lopez,49.3742953,58.0657508
junior caminero,Junior Caminero,127.791838,141.831518
teilon serrano,Teilon Serrano,14.1957215,-8.4082528
stiven marinez,Stiven Marinez,10.0010788,-8.0346955
yuli gurriel,Yuli Gurriel,77.6806018,89.434922
drew swift,Drew Swift,51.9422629,59.2617552
luis de leon,Luis De Leon,15.7021272,14.2185489
christian franklin,Christian Franklin,85.8646114,93.762034
kiko romero,Kiko Romero,53.8915455,25.8257272
phillip glasser,Phillip Glasser,101.307663,73.9854808
geyber blanco,Geyber Blanco,5.18742256,8.54169538
brett johnson,Brett Johnson,75.5161029,44.8470838
eduarqui fernandez,Eduarqui Fernandez,40.2333205,48.4500747
eric mota,Eric Mota,-3.3258989,1.76842953
dylan beavers,Dylan Beavers,115.014908,92.2828905
greyson jenista,Greyson Jenista,87.5618613,55.5209829
cristian montilla,Cristian Montilla,11.1213135,-4.5495411
onil perez,Onil Perez,78.7555659,84.644437
jason schiavone,Jason Schiavone,20.2478758,26.9713193
garrett martin,Garrett Martin,62.70337,70.0985037
irving igualas,Irving Igualas,,-15.695034
hendry mendez,Hendry Mendez,105.550363,75.2474841
jorge ramirez,Jorge Ramirez,3.65421927,8.16203328
lj talley,LJ Talley,84.4651296,56.2468947
tres gonzalez,Tres Gonzalez,78.9530165,53.8507828
camden duzenack,Camden Duzenack,77.5935642,84.2464872
bryce willits,Bryce Willits,73.4295997,46.9787331
samuel munoz,Samuel Munoz,59.0565765,31.7453655
alirio ferrebus,Alirio Ferrebus,32.0319033,36.5171631
jake rogers,Jake Rogers,77.337629,88.0799373
pedro tovar,Pedro Tovar,9.94257779,-9.6188028
adari grant,Adari Grant,23.3802549,27.8527372
cesar prieto,Cesar Prieto,89.5854668,65.1964209
brayan rijo,Brayan Rijo,1.1670459,7.02811255
luis freitez,Luis Freitez,23.6686114,29.7398142
edwin amparo,Edwin Amparo,38.3549443,39.8072186
jonathan taveras,Jonathan Taveras,-4.3229882,-1.3586106
diover de aza,Diover De Aza,1.80111724,5.26589479
jorbit vivas,Jorbit Vivas,93.801137,75.5944596
taylor walls,Taylor Walls,76.4579371,72.7268397
dixon machado,Dixon Machado,59.0053494,68.3035551
jt arruda,J.T. Arruda,59.8137134,61.0271206
almen tolentino,Almen Tolentino,21.5837616,-1.6428228
curt casali,Curt Casali,76.1883348,85.7145557
gabriel gomes,Gabriel Gomes,11.9113463,16.4996341
juan obispo,Juan Obispo,4.08160369,8.85506446
justin trimble,Justin Trimble,17.7009633,-7.1236845
ryan leitch,Ryan Leitch,37.1763172,43.1748261
winifer castillo,Winifer Castillo,-17.698812,-12.737143
miguel cabrera,Miguel Cabrera,71.926226,81.5128516
clay dungan,Clay Dungan,75.8404953,49.1925489
devin taylor,Devin Taylor,42.4381055,14.49801
cliuver puello,Cliuver Puello,-1.0005989,-15.795868
dshawn knowles,D'Shawn Knowles,68.2287071,70.7721251
marshall toole,Marshall Toole,57.3956411,31.6167087
yoelqui cespedes,Yoelqui Cespedes,68.219738,76.1532856
fredderick ovalle,Fredderick Ovalle,15.939564,21.0116698
albert almora,Albert Almora,70.8641903,80.4635233
brian anderson,Brian Anderson,69.3413598,74.29944
kevin kiermaier,Kevin Kiermaier,80.4665205,51.455671
matt hogan,Matt Hogan,60.5854492,31.2747174
yosweld vasquez,Yosweld Vasquez,8.09162508,12.1406823
grant mccray,Grant McCray,82.4400865,56.0895223
wilmer flores,Wilmer Flores,94.5671171,100.088275
andy ibanez,Andy Ibanez,83.6517076,93.2010363
mario camilletti,Mario Camilletti,77.0952729,51.1428396
dennys riera,Dennys Riera,3.83133757,7.08534138
keiner delgado,Keiner Delgado,58.4810499,57.7682922
kendrick herrera,Kendrick Herrera,9.53425789,14.07773
jose robledo,Jose Robledo,4.16040513,7.34026533
davis schneider,Davis Schneider,101.484307,107.672788
darell morel,Darell Morel,11.7321704,-6.4175539
ryan jackson,Ryan Jackson,73.2175747,79.8285568
yophery rodriguez,Yophery Rodriguez,62.9389348,36.475288
eliomar garces,Eliomar Garces,11.0917135,16.0936476
brandon belt,Brandon Belt,99.8189492,67.7785249
aldrin lucas,Aldrin Lucas,30.7821219,36.844221
reidy mercado,Reidy Mercado,34.2003074,36.7732595
jefferson pena,Jefferson Pena,23.89687,29.520576
andrew knapp,Andrew Knapp,63.1309267,67.8378659
riley adams,Riley Adams,75.7472566,82.7692629
leonardo pineda,Leonardo Pineda,1.2695117,7.20934447
dylan moore,Dylan Moore,79.386185,90.2504588
jesus valdez,Jesus Valdez,62.8660905,70.6140937
justin dean,Justin Dean,62.5288715,70.4849558
jorge garcia,Jorge Garcia,9.29237179,-10.460202
daniel cope,Daniel Cope,53.0925594,60.6558303
wueslly lespe,Wueslly Lespe,,-9.1858277
hugo sanchez,Hugo Sanchez,14.7084466,-7.9078511
jefrank silva,Jefrank Silva,12.3016532,-6.0896781
luis santana,Luis Santana,67.7881423,74.378194
owen miller,Owen Miller,75.3835645,80.832854
vladimir asencio,Vladimir Asencio,-1.6796424,2.49160359
kyle hess,Kyle Hess,52.3809807,26.4096365
luis durango,Luis Durango,47.9156499,25.2571939
argenis valdez,Argenis Valdez,8.62326493,13.9013128
jose cordoba,Jose Cordoba,51.6899275,56.9575817
matheus lelis,Matheus Lelis,-4.0503912,
kellum clark,Kellum Clark,43.8711097,17.9724464
carlos jorge,Carlos Jorge,60.4866154,33.8475741
johan estrada,Johan Estrada,3.76508938,9.63560098
claudiel lantigua,Claudiel Lantigua,5.56081338,8.67591697
david mackinnon,David MacKinnon,89.3467426,100.483204
ricardo genoves,Ricardo Genoves,56.4816295,64.2322388
wyatt langford,Wyatt Langford,122.16086,136.005708
gregory barrios,Gregory Barrios,58.0528065,63.2302366
rikuu nishida,Rikuu Nishida,86.2302263,64.8345957
yhoangel aponte,Yhoangel Aponte,28.1152305,34.4091636
jacob amaya,Jacob Amaya,67.3513403,75.1773006
dervy ventura,Dervy Ventura,44.5588682,46.7164021
rob brantly,Rob Brantly,76.0892186,53.7758855
thomas takayoshi,Thomas Takayoshi,8.86006963,11.9875926
mark contreras,Mark Contreras,75.961935,48.4182818
harry owen,Harry Owen,32.7148796,37.1988939
cristopher acosta,Cristopher Acosta,-2.4155177,2.73008794
andrick nava,Andrick Nava,67.0213331,66.8887765
mj melendez,MJ Melendez,94.8806962,68.3006979
jd davis,J.D. Davis,83.1591275,93.0690589
yoelvis betancourt,Yoelvis Betancourt,10.117599,14.1479142
anderdson rojas,Anderdson Rojas,53.3785083,33.0617094
robert robertis,Robert Robertis,35.6733048,11.9299626
mason mccoy,Mason McCoy,60.2961851,71.3605163
alberto hernandez,Alberto Hernandez,27.694828,32.845471
orlando calixte,Orlando Calixte,64.5439559,71.1885857
chad wallach,Chad Wallach,55.8730411,67.3857899
dalton rushing,Dalton Rushing,104.546599,79.9486122
yandel ricardo,Yandel Ricardo,25.0470041,28.0292844
yan gomes,Yan Gomes,59.9040586,71.4214322
baron radcliff,Baron Radcliff,69.2865482,38.3799419
jaeden calderon,Jaeden Calderon,15.0600311,20.8084562
payton henry,Payton Henry,68.9567491,80.15181
yassel soler,Yassel Soler,43.3489334,49.2810005
jd orr,J.D. Orr,74.3019057,47.6978725
julio carreras,Julio Carreras,55.5295576,62.613354
brayan guedez,Brayan Guedez,13.7546865,-3.2151043
zach evans,Zach Evans,48.1820354,54.0837416
scott kingery,Scott Kingery,62.6499876,72.2381414
anthony hall,Anthony Hall,46.8459107,21.4054456
luis ravelo,Luis Ravelo,49.4154559,52.5098382
danyer cueva,Danyer Cueva,42.3152948,22.2464171
mccarthy tatum,McCarthy Tatum,62.0227179,68.1706869
yemil rosario,Yemil Rosario,3.74430961,8.08926973
diwarys encarnacion,Diwarys Encarnacion,17.8278809,22.6464209
enmanuel terrero,Enmanuel Terrero,48.4768244,21.3717205
dominic miroglio,Dominic Miroglio,71.9250364,79.1329385
aaron hicks,Aaron Hicks,81.9464688,84.5761455
matt davidson,Matt Davidson,89.1020106,105.457419
jealmy frias,Jealmy Frias,-8.3592446,-6.5663423
miguel briceno,Miguel Briceno,35.8644833,40.4878348
jared walsh,Jared Walsh,67.724708,40.573826
josh caron,Josh Caron,32.6707391,38.9426378
faruk de la cruz,Faruk De La Cruz,-0.3533393,4.63532881
cameron barstad,Cameron Barstad,61.881435,33.7378931
andre lipcius,Andre Lipcius,77.4760556,89.1642708
nick schwartz,Nick Schwartz,26.5492721,32.821179
adan sanchez,Adan Sanchez,6.39245435,10.0069203
spence coffman,Spence Coffman,6.75530272,11.970225
pablo nunez,Pablo Nunez,52.0435361,26.8534318
willy vasquez,Willy Vasquez,68.0518375,75.7335939
drew lugbauer,Drew Lugbauer,76.8014723,42.2240018
kevin verde,Kevin Verde,5.33784098,9.56234704
austin martin,Austin Martin,98.6989835,105.467775
caden kendle,Caden Kendle,53.9925233,59.5712562
john michael faile,John Michael Faile,40.980888,48.6962773
misael urbina,Misael Urbina,52.2289093,58.9507142
jean perez,Jean Perez,31.9626643,36.9614316
alfonsin rosario,Alfonsin Rosario,75.4658771,84.5503012
nick kurtz,Nick Kurtz,150.729588,113.401999
oswaldo osorio,Oswaldo Osorio,30.7256493,6.91512223
bryce eldridge,Bryce Eldridge,103.473689,79.0178569
noelberth romero,Noelberth Romero,43.9644216,49.8898683
nayerich waterfort,Nayerich Waterfort,5.04396419,9.84785731
enmanuel tejeda,Enmanuel Tejeda,48.141438,54.2823027
jesus made,Jesus Made,61.298746,62.7264148
jensy de leon,Jensy De Leon,1.95854117,5.03804975
liover peguero,Liover Peguero,72.2485502,82.3006367
ronald hernandez,Ronald Hernandez,48.1991437,48.8358845
alessandro duran,Alessandro Duran,2.84809622,3.99670997
trayce thompson,Trayce Thompson,65.0891213,73.1687128
angel galarraga,Angel Galarraga,36.3130646,12.6628397
andreimi antunez,Andreimi Antunez,15.5885997,19.2731641
pedro catuy,Pedro Catuy,8.52485489,13.7488865
sebastian rivero,Sebastian Rivero,59.557172,69.1256328
stuart fairchild,Stuart Fairchild,82.4871911,90.7169238
will taylor,Will Taylor,54.5623132,62.1495904
colton ledbetter,Colton Ledbetter,85.4987367,57.2909933
juan machado,Juan Machado,21.9093789,-0.5710597
carson benge,Carson Benge,102.164834,71.2021113
brayden jobert,Brayden Jobert,50.7370285,25.0738252
helder rosario,Helder Rosario,-8.7541166,-3.5017613
tjayy walton,TJayy Walton,20.0573845,25.916383
bralyn brazoban,Bralyn Brazoban,0.7598735,-17.471149
jose perdomo,Jose Perdomo,-1.3258769,2.46400933
carlos sanchez,Carlos Sanchez,53.4700648,27.7433554
francisco vilorio,Francisco Vilorio,3.26828552,9.31412542
josh springer,Josh Springer,34.4801395,38.5200734
jonathan rangel,Jonathan Rangel,22.5569513,-0.0354251
darwin nunez,Darwin Nunez,9.49797138,15.5960131
nicholas northcut,Nicholas Northcut,60.7986269,70.0337705
rob refsnyder,Rob Refsnyder,102.371346,118.703943
jesus alexander,Jesus Alexander,25.1981437,5.43417054
jhomnardo reyes,Jhomnardo Reyes,9.01707144,-11.274684
adam brett walker,Adam Brett Walker,66.2838946,74.673294
williams wong,Williams Wong,14.8750028,-3.338684
jeremy almonte,Jeremy Almonte,12.2605237,16.1121383
leonel espinoza,Leonel Espinoza,50.3558301,56.7401693
ji man choi,Ji Man Choi,91.3375105,54.1899877
tony ruiz,Tony Ruiz,2.26645681,8.17767518
will frizzell,Will Frizzell,76.4227548,45.7407401
jordan nwogu,Jordan Nwogu,63.2375121,69.9421098
nick monistere,Nick Monistere,20.5016687,24.7586844
adriel cuello,Adriel Cuello,-6.1577058,-2.649969
kwangmin kwon,Kwang-Min Kwon,78.9545072,49.0686666
trey mancini,Trey Mancini,80.1848378,93.3722361
jeffrey mercedes,Jeffrey Mercedes,43.5964915,45.7560812
vance honeycutt,Vance Honeycutt,23.4285902,31.2575983
carlos santana,Carlos Santana,91.8104021,101.024874
joswuill rondon,Joswuill Rondon,14.1343011,-5.7284254
jd gonzalez,J.D. Gonzalez,15.5856747,-4.365943
maikel franco,Maikel Franco,57.1555579,64.8537599
bryson brigman,Bryson Brigman,68.5790901,74.6031335
nick goodwin,Nick Goodwin,52.0614115,57.9172579
joe hudson,Joe Hudson,51.909746,60.4223899
brandon lockridge,Brandon Lockridge,77.7055793,85.845721
caberea weaver,Caberea Weaver,40.8196202,47.9463772
angel feliz,Angel Feliz,32.550267,38.067782
victor duarte,Victor Duarte,34.1043414,39.6535919
cherif neymour,Cherif Neymour,2.44104101,5.27227222
nauris de la cruz,Nauris De La Cruz,28.6312523,6.07137822
chris rotondo,Chris Rotondo,66.7761432,74.0438182
martin maldonado,Martin Maldonado,46.8514196,57.0727965
christopher espinola,Christopher Espinola,42.6688346,18.4695397
hunter bishop,Hunter Bishop,67.0455818,39.0980811
aaron whitefield,Aaron Whitefield,53.3655238,64.0714996
logan warmoth,Logan Warmoth,62.3026249,69.4458751
carlos franco,Carlos Franco,51.6755482,57.6293947
michael curialle,Michael Curialle,43.6507549,49.1773049
agustin ruiz,Agustin Ruiz,80.2707103,49.7611995
alexander requena,Alexander Requena,8.17118908,12.4485211
jorge mateo,Jorge Mateo,69.5363971,78.8842052
wilman diaz,Wilman Diaz,36.0885771,42.8375571
caleb hobson,Caleb Hobson,29.3548107,37.7305268
dairon blanco,Dairon Blanco,80.3022486,89.3792006
lisandro bonifacio,Lisandro Bonifacio,6.8436691,8.96795828
dandre smith,D'Andre Smith,71.6744814,77.3439291
anthuan valencia,Anthuan Valencia,6.84127196,10.9535119
jace grady,Jace Grady,41.1533173,41.7150015
matt mclain,Matt McLain,90.2477009,102.70428
joey loperfido,Joey Loperfido,91.5910456,68.8710334
robert lopez,Robert Lopez,36.0694443,13.8402458
keoni cavaco,Keoni Cavaco,28.8106388,35.7381413
josueth quinonez,Josueth Quinonez,25.588145,29.4776301
daniel johnson,Daniel Johnson,86.0573322,63.199276
adolfo miranda,Adolfo Miranda,15.1414645,19.2121568
samuel parra,Samuel Parra,,-7.7816914
edward duran,Edward Duran,48.4160353,53.580768
miguel flores,Miguel Flores,3.92046726,7.69476751
pedro ramirez,Pedro Ramirez,79.3881395,82.4975533
will bartlett,Will Bartlett,42.2911618,50.2820145
josh rivera,Josh Rivera,43.1652493,51.3074838
tayler aguilar,Tayler Aguilar,28.8685839,3.18322517
kervin pichardo,Kervin Pichardo,60.0187641,66.719737
wyatt crenshaw,Wyatt Crenshaw,38.7746172,13.3863847
dencer diaz,Dencer Diaz,5.79092441,10.6576226
max anderson,Max Anderson,80.1475343,86.8477874
santiago pinto,Santiago Pinto,20.3313808,-0.4486911
nelson rada,Nelson Rada,82.6428054,58.0745828
jose de la cruz,Jose De La Cruz,32.6291055,40.1009996
cristian jauregui,Cristian Jauregui,18.8617392,-2.3848224
ben newton,Ben Newton,29.9955988,32.5492656
jake burger,Jake Burger,105.8953,119.708147
eryks rivero,Eryks Rivero,-6.0114869,-0.8269443
owen ayers,Owen Ayers,31.5190358,31.7769606
colin burgess,Colin Burgess,22.0374095,26.8989571
ediel rivera,Ediel Rivera,11.8447304,16.6972508
ramon peralta,Ramon Peralta,20.2552757,26.254239
evan estevez,Evan Estevez,11.5852703,17.9218686
christian gonzalez,Christian Gonzalez,34.8741978,12.5559991
deyvison de los santos,Deyvison De Los Santos,80.7136714,89.0929862
matt rudick,Matt Rudick,85.4546564,56.2824691
lucas dunn,Lucas Dunn,58.6967752,65.9034682
anthony depino,Anthony DePino,32.734307,38.9590257
damon keith,Damon Keith,71.5718847,81.4991114
jemone nuel,Jemone Nuel,15.6489941,15.8884092
sterlin thompson,Sterlin Thompson,97.0731687,65.1524724
tyler stephenson,Tyler Stephenson,85.7190894,106.021557
rafael ramirez,Rafael Ramirez,33.5840075,10.832705
jhon lucena,Jhon Lucena,-9.3789863,-4.2724477
bryan reynolds,Bryan Reynolds,108.027964,101.841357
slade caldwell,Slade Caldwell,61.8955498,36.1942934
garrett wolforth,Garrett Wolforth,58.3744064,66.0777023
angel acosta,Angel Acosta,40.3898398,22.0072767
liam hicks,Liam Hicks,103.115275,84.5649704
leody taveras,Leody Taveras,93.6035206,89.8746278
kellen strahm,Kellen Strahm,71.0537803,79.6673219
jose gerardo,Jose Gerardo,3.18911235,9.13973124
jacob lojewski,Jacob Lojewski,22.7471991,27.3833119
jhon diaz,Jhon Diaz,45.2929153,18.8756783
jason hinchman,Jason Hinchman,26.9234276,33.7764739
zach macdonald,Zach MacDonald,16.945118,23.1514185
dariel garcia,Dariel Garcia,5.44670183,8.45846282
julio valdez,Julio Valdez,-8.6770525,-3.212462
geomaikel martinez,Geomaikel Martinez,4.63962945,9.66322373
shalin polanco,Shalin Polanco,53.6530122,25.8204579
aidan miller,Aidan Miller,81.4444618,89.5186489
peyton wilson,Peyton Wilson,75.3050772,76.453596
dakota jordan,Dakota Jordan,53.5141643,60.2445645
imanol vargas,Imanol Vargas,83.9436975,52.3618358
core jackson,Core Jackson,31.8874191,11.364196
rafael lantigua,Rafael Lantigua,80.0780448,87.7873303
wilian trinidad,Wilian Trinidad,9.72479072,-6.892119
brady day,Brady Day,43.0887558,20.8147851
jesus perez,Jesus Perez,11.8205521,16.7311108
bryson stott,Bryson Stott,105.685572,83.2820377
alex ramirez,Alex Ramirez,62.1975116,69.9941447
quinn mcdaniel,Quinn McDaniel,52.0243421,59.7398239
jesus superlano,Jesus Superlano,19.6055536,25.8803808
jeong choi,Jeong Choi,83.1610894,90.2614613
michael arroyo,Michael Arroyo,92.0975397,97.8551969
wilderd patino,Wilderd Patino,65.873176,73.2535002
mark vientos,Mark Vientos,110.927378,122.040836
harold castro,Harold Castro,84.6368693,54.7332564
angel herrera,Angel Herrera,16.4771106,-4.6559558
rodolfo duran,Rodolfo Duran,77.2475122,84.8869238
osvaldo heredia,Osvaldo Heredia,3.06865722,-18.070302
roni cabrera,Roni Cabrera,25.2224281,31.6919677
erick mejia,Erick Mejia,68.9908405,73.5123842
willy adames,Willy Adames,106.65261,111.796254
moises gallardo,Moises Gallardo,25.67978,32.2942993
ariel castro,Ariel Castro,4.61488497,-16.609904
kerry carpenter,Kerry Carpenter,119.286759,90.558937
brailer guerrero,Brailer Guerrero,39.2528032,13.5358973
robert lantigua,Robert Lantigua,0.01217946,-17.565959
darison garcia,Darison Garcia,9.79036694,11.0477346
brad miller,Brad Miller,87.5219096,56.6656074
matt mervis,Matt Mervis,88.1684043,62.3274531
thomas sosa,Thomas Sosa,80.4106298,50.3734312
jack alexander,Jack Alexander,27.4910662,33.2386735
jeffry parra,Jeffry Parra,44.5093544,50.4618811
handelfry encarnacion,Handelfry Encarnacion,39.3029578,15.4751265
satchell norman,Satchell Norman,21.9360906,27.4404358
dom johnson,Dom Johnson,39.2448842,45.3374356
patrick clohisy,Patrick Clohisy,81.2107244,54.0237313
austin deming,Austin Deming,61.5087866,70.2042375
matt thaiss,Matt Thaiss,91.5206799,71.6702556
chavez young,Chavez Young,70.6577048,69.9403623
jalvin arias,Jalvin Arias,-3.345203,2.57289392
alberto rodriguez,Alberto Rodriguez,85.5162463,56.9806067
colin summerhill,Colin Summerhill,40.085964,47.4309785
leosdany molina,Leosdany Molina,27.3984872,32.2101099
marcos belen,Marcos Belen,2.28085164,8.01612499
matt lloyd,Matt Lloyd,87.4016386,56.8429785
franklin rojas,Franklin Rojas,10.2756793,14.4605224
tj white,T.J. White,47.299446,48.6977568
sebastian blanco,Sebastian Blanco,20.3687088,25.0806257
geraldo perdomo,Geraldo Perdomo,118.209076,122.209725
josh adamczewski,Josh Adamczewski,66.2314717,40.5619238
vinicius dos santos,Vinicius Dos Santos,-0.11784,4.2413749
samuel basallo,Samuel Basallo,112.161228,90.0720413
eguy rosario,Eguy Rosario,74.7785888,89.0777624
omar de los santos,Omar De Los Santos,52.3416664,60.9566554
nick senzel,Nick Senzel,71.4615996,86.3103894
steele walker,Steele Walker,73.7798715,47.0226649
ben norman,Ben Norman,79.2066534,48.2144194
enmanuel santos,Enmanuel Santos,5.43977579,10.871093
yunior amparo,Yunior Amparo,21.4383367,27.1226969
jared serna,Jared Serna,65.9030787,72.2682317
jeremiah jenkins,Jeremiah Jenkins,50.1670905,24.9414661
maddux houghton,Maddux Houghton,62.2343983,70.5887852
sangsoo kim,Sang-soo Kim,64.0605581,69.9496545
casey schmitt,Casey Schmitt,90.1168544,99.7728565
elis cuevas,Elis Cuevas,58.9881366,32.0338348
yendry rojas,Yendry Rojas,28.5735061,10.4632629
jesse winker,Jesse Winker,118.451332,91.4936051
vincent perozo,Vincent Perozo,43.4635764,20.6556727
anthony seigler,Anthony Seigler,92.7482263,70.934871
osvaldo tovalin,Osvaldo Tovalin,49.2527837,26.8960157
jhoan de la cruz,Jhoan De La Cruz,9.47607002,9.12987718
george lombard,George Lombard,66.3057549,73.5233402
gabriel davalillo,Gabriel Davalillo,20.6616667,26.3520641
kevin smith,Kevin Smith,59.8642938,72.5428575
sebastian walcott,Sebastian Walcott,83.3270261,91.3079217
yahil melendez,Yahil Melendez,26.5483383,5.25389056
raider tello,Raider Tello,35.049369,41.2873183
tai peete,Tai Peete,56.1412204,29.5723722
colin davis,Colin Davis,58.1162309,65.412528
joswa lugo,Joswa Lugo,8.38722958,13.5963667
romeli espinosa,Romeli Espinosa,3.09356085,6.6641691
chas mccormick,Chas McCormick,85.2150007,98.8158914
freuddy batista,Freuddy Batista,74.9422563,82.2631292
jackson strong,Jackson Strong,55.7814145,29.2594996
justin yurchak,Justin Yurchak,86.7967182,58.3305126
darlyn de leon,Darlyn De Leon,22.4287857,1.58903282
sebastian rojas,Sebastian Rojas,2.76442061,7.58975541
leny carela,Leny Carela,9.13693168,13.5468282
jace avina,Jace Avina,76.9040805,84.7783839
omar meregildo,Omar Meregildo,76.4592119,84.6117393
juan martinez,Juan Martinez,26.7812212,27.7203155
david dahl,David Dahl,87.7305685,56.5031591
edgar montero,Edgar Montero,22.6433411,22.0721713
alan espinal,Alan Espinal,10.0817994,14.9620811
michael guzman,Michael Guzman,13.7940052,19.6793465
carlos caro,Carlos Caro,21.7686129,26.4306726
alejandro blasco,Alejandro Blasco,16.7913789,16.0628834
sam hilliard,Sam Hilliard,97.0713718,71.758606
juan garcia,Juan Garcia,15.7416858,21.6200919
ryan johnson,Ryan Johnson,47.4877652,55.9125978
enmanuel valdez,Enmanuel Valdez,103.713085,76.567801
brainer bonaci,Brainer Bonaci,85.6841424,86.7830223
gage workman,Gage Workman,77.5037323,51.68773
pedro leon,Pedro Leon,70.7900394,82.812713
juan yepez,Juan Yepez,90.1063689,101.945548
shinsoo choo,Shin-Soo Choo,80.6117235,55.5004203
colby shelton,Colby Shelton,23.948726,4.05100128
lazaro morales,Lazaro Morales,5.00471102,9.68345763
geraldo quintero,Geraldo Quintero,69.3226242,69.0288138
erik ostberg,Erik Ostberg,76.2171945,46.2623722
ronaldo flores,Ronaldo Flores,37.056203,43.3104369
brailyn antunez,Brailyn Antunez,6.43933958,11.0034103
fabian cordero,Fabian Cordero,9.35559592,-11.458327
gilbert lara,Gilbert Lara,55.9476233,62.3343206
jhon simon,Jhon Simon,10.0835664,15.2401536
carter kieboom,Carter Kieboom,77.0020498,90.670822
juan ortuno,Juan Ortuno,22.5914701,27.5255956
salvador perez,Salvador Perez,101.848259,108.473298
yamal encarnacion,Yamal Encarnacion,76.1509594,76.7744707
brandon lewis,Brandon Lewis,59.95815,68.7122404
railin familia,Railin Familia,1.35386175,5.6753626
blaze jordan,Blaze Jordan,89.5169935,96.2697407
jojo blackmon,JoJo Blackmon,33.5238752,7.87957319
edgar alvarez,Edgar Alvarez,63.619726,37.4194955
malcom nunez,Malcom Nunez,76.2797981,83.0054824
jamesson val,Jamesson Val,8.90067069,9.03630489
cole gabrielson,Cole Gabrielson,56.378349299999996,64.3736274
jeremiah jackson,Jeremiah Jackson,89.7114835,97.8392957
richer mata,Richer Mata,-6.1707854,-24.713007
jeremy pena,Jeremy Pena,107.038309,121.407769
richard meran,Richard Meran,7.35985575,12.8813756
justin turner,Justin Turner,93.6727546,99.7435486
brady allen,Brady Allen,62.4702244,71.1407826
samuel gonzalez,Samuel Gonzalez,11.0611144,15.2912665
branden fryman,Branden Fryman,45.3125638,51.0521299
kyle mccann,Kyle McCann,75.8741536,46.3323248
garret guillemette,Garret Guillemette,68.8386207,76.3419291
cole mathis,Cole Mathis,34.5102037,40.2246184
gabriel azocar,Gabriel Azocar,-7.7748592,-3.3955152
termarr johnson,Termarr Johnson,89.7531777,60.7583652
zach levenson,Zach Levenson,83.7894383,91.4863105
peyton graham,Peyton Graham,52.2544084,58.151078
elias diaz,Elias Diaz,74.7133951,84.1644223
hans montero,Hans Montero,31.3374055,38.0714478
trent grisham,Trent Grisham,113.784915,93.8594215
zach zubia,Zach Zubia,72.5920951,83.1081125
yohendrick pinango,Yohendrick Pinango,86.091765,56.712733
yanki jeanbaptiste,Yanki Jean-Baptiste,21.9108561,23.7324915
wil myers,Wil Myers,70.5652299,82.6102374
brayan joseph,Brayan Joseph,-8.1188822,-5.2637313
yerlin luis,Yerlin Luis,18.0025813,19.4123798
luis colon,Luis Colon,6.36226451,8.37634911
michael de la cruz,Michael De La Cruz,68.0266419,68.223862
raudelis martinez,Raudelis Martinez,50.9675643,27.6419111
braxton fulford,Braxton Fulford,80.015543,91.0003788
sammy stafura,Sammy Stafura,44.8877839,51.0723659
gavin cross,Gavin Cross,79.320529,49.3225955
emaarion boyd,Emaarion Boyd,66.7217073,71.9421111
trey snyder,Trey Snyder,35.4557551,40.9533226
jarren duran,Jarren Duran,115.615804,81.9136855
carlos martinez,Carlos Martinez,1.43989075,1.24453308
jacob pearson,Jacob Pearson,64.8236385,36.2782245
cody freeman,Cody Freeman,90.8835483,99.2949176
anderson araujo,Anderson Araujo,10.3576735,15.603177
drew millas,Drew Millas,88.5013323,87.0093139
petey halpin,Petey Halpin,75.0686612,50.2646246
noah miller,Noah Miller,61.3498712,63.5859093
romer taveras,Romer Taveras,6.26829863,-14.409917
jorgelys mota,Jorgelys Mota,29.9678663,35.771932
sam haggerty,Sam Haggerty,92.4824816,100.354227
jose gomez,Jose Gomez,55.4960288,61.9496569
jhorman bravo,Jhorman Bravo,18.5326924,0.7379169
patrick dorrian,Patrick Dorrian,70.7237797,40.7880623
hanley ramirez,Hanley Ramirez,-6.0071481,-0.8055306
winder diaz,Winder Diaz,6.90097659,7.72847461
dustin crenshaw,Dustin Crenshaw,41.5114556,18.4400277
cal stark,Cal Stark,21.1346752,27.2277907
nate baez,Nate Baez,79.3123153,86.6955843
curtis washington,Curtis Washington,38.0959991,43.5913084
kevin graham,Kevin Graham,59.320303,32.3196634
ben williamson,Ben Williamson,86.2333506,93.6811655
jesus chirinos,Jesus Chirinos,51.9807756,60.1584452
jonathan rivero,Jonathan Rivero,3.61285575,-14.866594
brandon eike,Brandon Eike,38.4173945,44.670266
angel del rosario,Angel Del Rosario,28.5526745,33.9975307
jahni mcphee,Jahni McPhee,-9.3390276,-28.803187
shane sasaki,Shane Sasaki,65.60792,73.5706991
gavin conticello,Gavin Conticello,90.026299,61.2750459
alejandro pereira,Alejandro Pereira,-0.6291526,2.92618704
cade hunter,Cade Hunter,62.0552555,32.3240492
brailin pascual,Brailin Pascual,-10.152568,-5.8465255
brock vradenburg,Brock Vradenburg,48.8936932,21.2647521
kyle debarge,Kyle DeBarge,48.4313913,55.1947405
chris suero,Chris Suero,70.2665383,77.8315703
cesar acosta,Cesar Acosta,1.61225094,-17.745079
dyan jorge,Dyan Jorge,51.6495167,58.1324333
aj vukovich,A.J. Vukovich,88.6117777,98.4557038
mario gomez,Mario Gomez,48.9160009,23.4786261
justynhenry malloy,Justyn-Henry Malloy,95.8101567,109.945113
tom murphy,Tom Murphy,79.4987592,91.9729943
damiano palmegiani,Damiano Palmegiani,64.2959188,71.4945038
jacob wilson,Jacob Wilson,117.199134,124.109644
titus dumitru,Titus Dumitru,45.4168727,52.2937206
dangelo ortiz,D'Angelo Ortiz,27.3607055,33.5545006
angel ventura,Angel Ventura,-2.1581762,3.95379068
ernie yake,Ernie Yake,75.3220472,49.8827051
john rave,John Rave,89.9558176,66.9380707
rayner herrera,Rayner Herrera,8.45496127,-14.269983
mike tauchman,Mike Tauchman,106.222007,84.4137718
ezequiel duran,Ezequiel Duran,86.8087222,91.3276944
gosuke katoh,Gosuke Katoh,81.4095583,57.1490473
christopher familia,Christopher Familia,64.4285382,34.929778
sam ruta,Sam Ruta,68.598312,38.6598934
adam duvall,Adam Duvall,75.4653893,88.7405839
santiago espinal,Santiago Espinal,84.1666555,93.7738757
elio campos,Elio Campos,35.6046358,40.0575356
kyle stowers,Kyle Stowers,114.252461,88.3723763
oscar silverio,Oscar Silverio,,-10.388235
caeden trenkle,Caeden Trenkle,62.4798805,35.3915626
luis suisbel,Luis Suisbel,58.148543,58.2089653
kane kepley,Kane Kepley,60.8477926,34.7920944
slate alford,Slate Alford,32.1981208,38.3971321
rafael cruz,Rafael Cruz,29.5726413,36.5081265
jared thomas,Jared Thomas,93.9130453,61.5205147
tyler wilson,Tyler Wilson,52.5890922,53.8328802
eddinson paulino,Eddinson Paulino,71.5917257,43.47165
shengping chen,Sheng-Ping Chen,65.4996152,39.8944297
armando cruz,Armando Cruz,19.5871808,24.4051695
edwin solano,Edwin Solano,-8.369883,-4.850016
tim anderson,Tim Anderson,63.592952,72.5604186
hakju lee,Hak-Ju Lee,50.5648274,26.084868
heliot ramos,Heliot Ramos,106.965933,116.379763
ben mccabe,Ben McCabe,35.1960239,40.8291815
stone russell,Stone Russell,33.6589796,38.9403708
randy martinez,Randy Martinez,6.02425092,6.63019968
jared oliva,Jared Oliva,74.4193145,83.239854
bryson horne,Bryson Horne,57.4715602,30.1159695
feldi tavarez,Feldi Tavarez,-0.5191018,4.00973162
enzo paulino,Enzo Paulino,36.0595402,12.6451837
kyle higashioka,Kyle Higashioka,86.2848514,96.198543
andres sosa,Andres Sosa,63.2860962,69.8199418
darren baker,Darren Baker,71.2313831,50.4803113
matt coutney,Matt Coutney,73.6776054,43.4168356
jose marchan,Jose Marchan,0.84594304,6.19272293
carson mccusker,Carson McCusker,64.9861806,78.4533561
miguel villarroel,Miguel Villarroel,46.0205023,51.4118713
juan alva,Juan Alva,21.819909,1.21315582
euribiel angeles,Euribiel Angeles,73.6238138,79.6151514
franyerber montilla,Franyerber Montilla,38.1134353,39.6486506
abel pena,Abel Pena,-6.6582739,-2.2578539
pablo martinez,Pablo Martinez,12.4563291,16.0361425
christian encarnacionstrand,Christian Encarnacion-Strand,93.1707146,99.8960791
ryan cermak,Ryan Cermak,43.471122,50.284571
kevin hacen,Kevin Hacen,-0.7828104,3.36461651
nick dunn,Nick Dunn,90.4477311,64.6965497
jacob young,Jacob Young,83.490124,90.4539826
cristopher barete,Cristopher Barete,39.8192834,17.3528348
alex lodise,Alex Lodise,24.4700636,30.2516522
michael baez,Michael Baez,-4.8441178,-0.8975657
israfell bautista,Israfell Bautista,11.6391818,14.4339238
justin dirden,Justin Dirden,74.8136787,44.578209
cole foster,Cole Foster,31.109623,32.5019855
carlos correa,Carlos Correa,111.453207,126.775529
phillando williams,Phillando Williams,1.68805208,2.49244676
lazaro montes,Lazaro Montes,99.4968817,66.1884221
luke williams,Luke Williams,59.0321913,67.5111101
jose escobar,Jose Escobar,51.6207327,29.6117784
jimmy herron,Jimmy Herron,71.931422,78.6299518
yosneiker rivas,Yosneiker Rivas,22.7205986,3.82491465
hancel almonte,Hancel Almonte,-8.6440074,-3.5909292
rafael morel,Rafael Morel,36.640644,43.2174765
francisco espinoza,Francisco Espinoza,13.9709855,18.4125216
liordanys menendez,Liordanys Menendez,9.79258296,13.4964685
diego benitez,Diego Benitez,19.3773769,24.2899897
andy encarnacion,Andy Encarnacion,10.1525485,15.3427173
joe perez,Joe Perez,71.0323529,80.1425158
ben gamel,Ben Gamel,95.3977694,63.8787925
alejandro castellano,Alejandro Castellano,-2.4588567,2.62403184
jake means,Jake Means,55.5643978,62.6598759
tj mccants,T.J. McCants,50.0305722,23.4948686
andrew tess,Andrew Tess,6.22225746,10.296809
nick allen,Nick Allen,72.9831295,84.643366
omar guadamuz,Omar Guadamuz,-11.144258,-6.9142244
pedro blanco,Pedro Blanco,12.1938692,-9.1045826
gustavo antunez,Gustavo Antunez,3.7884522,9.3615241
hunter fitzgerald,Hunter Fitz-Gerald,77.3341443,49.4348427
hojans hernandez,Hojans Hernandez,-6.5857968,-1.4368128
micah mcdowell,Micah McDowell,53.4509789,26.9894696
antony gomez,Antony Gomez,10.6820607,-10.285286
brayden taylor,Brayden Taylor,72.2376593,41.3860695
anthony millan,Anthony Millan,9.88689999,15.7551219
yoeilin cespedes,Yoeilin Cespedes,37.8010708,43.6692924
masyn winn,Masyn Winn,102.096453,109.191651
joseph sullivan,Joseph Sullivan,92.4928019,59.3016161
jhonkensy noel,Jhonkensy Noel,96.4647038,108.403316
vimael machin,Vimael Machin,82.7477873,58.193843
demetrio nadal,Demetrio Nadal,34.119723,39.159578
nacho alvarez,Nacho Alvarez,84.8908519,89.5925286
yorvin morla,Yorvin Morla,15.8491766,14.8207087
chris newell,Chris Newell,83.7919333,50.8273542
lonnie white,Lonnie White,43.5697077,51.0186019
cristian bonifacio,Cristian Bonifacio,-7.0793886,-27.205836
joe dunand,Joe Dunand,77.1749717,88.6489859
jonathan davis,Jonathan Davis,65.046134,74.7009882
shane mcguire,Shane McGuire,75.5205757,47.9611231
cesar franco,Cesar Franco,19.7793526,-3.6530591
jackson ross,Jackson Ross,35.0252521,42.3877469
dominic canzone,Dominic Canzone,114.890769,86.3315364
jordan beck,Jordan Beck,85.4504689,95.2694909
edinson duran,Edinson Duran,31.1724365,36.1681007
jorge caballero,Jorge Caballero,52.9307862,60.3042792
enddy azocar,Enddy Azocar,32.6612956,38.4699125
juan perez,Juan Perez,16.7196459,22.7363132
oscar gonzalez,Oscar Gonzalez,84.1353348,90.7450071
adam retzbach,Adam Retzbach,56.4241931,64.3676738
edgardo ordonez,Edgardo Ordonez,31.3634241,6.41590445
eduardo rojas,Eduardo Rojas,22.7045967,20.7352434
jake cave,Jake Cave,96.1532558,58.1725194
chris owings,Chris Owings,63.7420419,75.1939567
mahki backstrom,Mahki Backstrom,40.1644527,12.5323922
enmanuel ramirez,Enmanuel Ramirez,10.7401735,15.7507432
kyle manzardo,Kyle Manzardo,119.930795,94.5210473
bubba thompson,Bubba Thompson,63.6075114,71.7978447
conner capel,Conner Capel,76.0221015,50.0288315
devin ortiz,Devin Ortiz,61.416267,68.2152253
heribert silva,Heribert Silva,18.4314873,-3.3237797
jhosman theran,Jhosman Theran,4.17221328,10.3043745
connor pavolony,Connor Pavolony,50.4452903,57.5565381
leonardo carpio,Leonardo Carpio,-21.191774,-16.478581
daneurys de la cruz,Daneurys De La Cruz,29.9600239,36.1639512
yeremy cabrera,Yeremy Cabrera,54.9430811,29.6428528
gabriel martinez,Gabriel Martinez,66.4705988,73.3449215
jose escorche,Jose Escorche,27.5328159,32.9530527
manuel dos passos,Manuel Dos Passos,-3.57133,1.0577726
gabe matthews,Gabe Matthews,85.1146753,54.0694678
trent youngblood,Trent Youngblood,54.4365864,30.2151025
mark mathias,Mark Mathias,90.5623868,101.329882
dorian soto,Dorian Soto,12.082255,15.230045
casey saucke,Casey Saucke,41.1892286,48.4213475
cesar quintas,Cesar Quintas,42.8184496,47.0255348
gabriel lara,Gabriel Lara,20.0602844,-1.3201109
jordan groshans,Jordan Groshans,75.1939958,84.7157123
paul mcintosh,Paul McIntosh,73.9467884,81.3292621
clint frazier,Clint Frazier,68.8751485,79.3031303
liosward marin,Liosward Marin,7.3827798,-11.219499
alan roden,Alan Roden,107.461202,88.759379
cristopher polanco,Cristopher Polanco,1.33944999,-16.100848
carson taylor,Carson Taylor,89.6553208,59.1514584
moises valdez,Moises Valdez,21.1029633,26.4498699
aroon escobar,Aroon Escobar,55.144651,60.9942248
nate mondou,Nate Mondou,90.4662987,64.5652185
endy rodriguez,Endy Rodriguez,95.0330137,94.566592
wesley zapata,Wesley Zapata,28.4848446,30.517252
brandon vasquez,Brandon Vasquez,14.7042718,-3.4611233
myles straw,Myles Straw,69.834938,73.7699542
jeter downs,Jeter Downs,80.6590002,91.5887035
dangelo tejada,D'Angelo Tejada,-3.371159,1.83978876
jackson merrill,Jackson Merrill,128.122067,101.012038
johan macias,Johan Macias,37.6215088,39.6392033
maui ahuna,Maui Ahuna,49.5793968,26.8957256
frandy guillen,Frandy Guillen,2.36222389,6.61403747
juan frances,Juan Frances,9.28051956,11.1365114
sebastian dos santos,Sebastian Dos Santos,19.564843,19.8552514
will turner,Will Turner,53.8584928,26.5244187
joshua francis,Joshua Francis,10.9570032,13.0905586
frank rodriguez,Frank Rodriguez,58.6794666,65.6775461
todd lott,Todd Lott,74.9227199,83.7156061
teo banks,Teo Banks,32.4419585,37.6560774
joey ortiz,Joey Ortiz,93.0551353,99.5544143
rayner arias,Rayner Arias,10.9080939,15.4317917
lujames groover,LuJames Groover,98.9243636,106.140971
cody thomas,Cody Thomas,88.3006184,60.5981615
rafael marchan,Rafael Marchan,86.0638882,89.0421247
keiberg camacaro,Keiberg Camacaro,7.52368947,12.1077022
sandro pereira,Sandro Pereira,22.940004,5.16388686
brock wilken,Brock Wilken,82.0133579,92.4467078
ethan wilson,Ethan Wilson,72.3703847,43.8357941
josh hatcher,Josh Hatcher,70.0442512,42.2988533
andrew benintendi,Andrew Benintendi,107.553163,85.4928516
jorge barrosa,Jorge Barrosa,78.569097,85.419458
eric hartman,Eric Hartman,42.7283741,18.8908981
santiago mendoza,Santiago Mendoza,7.12568973,13.4282306
christian astudillo,Christian Astudillo,13.9571475,18.1181054
nick solak,Nick Solak,92.1656934,100.007135
efrenyer narvaez,Efrenyer Narvaez,18.7973128,23.7809429
neftali soto,Neftali Soto,69.1068761,77.8681285
roybert herrera,Roybert Herrera,21.2973752,-0.910889
jesus ortega,Jesus Ortega,-0.1282151,4.48783719
nick castellanos,Nick Castellanos,94.7173934,104.117952
micah pries,Micah Pries,79.9319735,50.6459438
jace jung,Jace Jung,94.0287599,71.2014485
fabian alcantara,Fabian Alcantara,9.17427438,16.3581804
austin callahan,Austin Callahan,55.7818878,28.4318309
renny hidalgo,Renny Hidalgo,26.7153326,33.2566889
johan fernandez,Johan Fernandez,1.5907166,5.96941134
khadim diaw,Khadim Diaw,54.2752855,58.6744043
jose izarra,Jose Izarra,57.2698046,64.7427409
enrique jimenez,Enrique Jimenez,39.7278914,39.3150734
jack herman,Jack Herman,36.2403348,43.6236972
yaikel mijares,Yaikel Mijares,20.4744816,22.6294799
chase call,Chase Call,36.9957375,43.0844624
javier osorio,Javier Osorio,13.9864297,18.71851
kevin alvarez,Kevin Alvarez,31.2924092,9.87547814
christian moore,Christian Moore,85.8801497,96.3848561
quincy hamilton,Quincy Hamilton,74.4317751,44.0637279
alika williams,Alika Williams,68.3625033,75.8375268
felix morrobel,Felix Morrobel,8.29880682,10.7078291
cade bunnell,Cade Bunnell,57.4049371,26.9960998
ezequiel pagan,Ezequiel Pagan,78.688155,51.6798804
starlyn caba,Starlyn Caba,39.0671051,38.6233649
steven kwan,Steven Kwan,118.740097,94.7101548
aiva arquette,Aiva Arquette,37.4878145,43.3785458
aneudis mordan,Aneudis Mordan,35.6381596,42.3526148
brennen davis,Brennen Davis,82.8553748,90.5305899
frank mieses,Frank Mieses,6.40921301,11.896893
coco montes,Coco Montes,69.7580627,80.1862513
jefferson vargas,Jefferson Vargas,2.58863574,-13.773748
yohairo cuevas,Yohairo Cuevas,56.629207,32.486476
joey gallo,Joey Gallo,93.7386295,58.1340111
creed willems,Creed Willems,90.6597099,58.6842072
aaron schunk,Aaron Schunk,68.1325271,74.2188802
ishel comenencia,Ishel Comenencia,-1.4732387,-23.143137
colin barber,Colin Barber,71.1608821,42.5137989
samil dishmey,Samil Dishmey,16.6477368,-4.5035335
luiyin alastre,Luiyin Alastre,45.7079753,47.8250541
jc correa,J.C. Correa,66.6999372,73.5276719
lisandro mejia,Lisandro Mejia,,-16.259553
dylan campbell,Dylan Campbell,66.3274968,73.8217534
grenyerbert velasquez,Grenyerbert Velasquez,6.44006656,7.87329303
gunner gouldsmith,Gunner Gouldsmith,31.2821922,32.302033
danny cancro,Danny Cancro,7.10661778,11.2751846
gabriel flores,Gabriel Flores,-5.6179451,-2.0205019
ramon urias,Ramon Urias,96.5488731,103.085756
joey wiemer,Joey Wiemer,73.7680529,81.8669077
chris seise,Chris Seise,54.1457773,61.6332179
isiah gilliam,Isiah Gilliam,81.5055387,82.6065736
jorge puerta,Jorge Puerta,40.731692,46.3000638
hendry arvelo,Hendry Arvelo,16.1589327,-3.9694045
victor figueroa,Victor Figueroa,67.0463253,37.691716
ramon moreno,Ramon Moreno,-0.860061,5.20552551
audie jimenez,Audie Jimenez,-5.6830859,
frank hernandez,Frank Hernandez,22.8266987,28.3447585
deinys gonzalez,Deinys Gonzalez,10.6539614,15.0091351
ryan fitzgerald,Ryan Fitzgerald,84.9192713,61.9430776
jordan viars,Jordan Viars,43.8214276,16.9074376
zavier warren,Zavier Warren,61.2219928,60.2731336
graysen tarlow,Graysen Tarlow,70.0553052,76.8620472
elvis rojas,Elvis Rojas,8.45855319,-11.361399
joey wendle,Joey Wendle,65.8161278,41.1634335
maikol orozco,Maikol Orozco,13.9890892,18.5984198
jevon ward,Je'Von Ward,83.3953522,51.8645554
yordalin pena,Yordalin Pena,34.1230687,40.4609987
brandon martorano,Brandon Martorano,57.831787,66.5260383
yairo padilla,Yairo Padilla,14.1983073,15.9205115
alexander canario,Alexander Canario,80.0080708,91.1634218
griff oferrall,Griff O'Ferrall,66.4527632,72.7437102
gerardo rodriguez,Gerardo Rodriguez,40.3899465,46.0511854
gabriel silva,Gabriel Silva,17.9364663,24.8544804
shervyen newton,Shervyen Newton,56.4583299,58.7763699
freiderman aguilera,Freiderman Aguilera,-12.388034,
dom keegan,Dom Keegan,70.0622417,78.6365197
dansby swanson,Dansby Swanson,95.5828031,106.513305
logan wagner,Logan Wagner,55.9545621,53.856587
dustin harris,Dustin Harris,90.3905323,65.2879652
moises gomez,Moises Gomez,68.1461336,77.587674
nick ward,Nick Ward,69.8186567,43.978631
drew davies,Drew Davies,39.8619124,13.0756452
shogo akiyama,Shogo Akiyama,75.7890927,53.5227204
ryan jeffers,Ryan Jeffers,104.928955,116.16838
tirso ornelas,Tirso Ornelas,101.472725,73.0422813
edward de la cruz,Edward De La Cruz,-9.0897684,
rony bello,Rony Bello,2.21310748,5.82262543
yeiner fernandez,Yeiner Fernandez,73.1355325,78.4060448
xander bogaerts,Xander Bogaerts,108.147448,118.394783
beau philip,Beau Philip,58.8190285,66.4497673
brahian silva,Brahian Silva,1.6523143,6.09795672
drew jemison,Drew Jemison,3.79758527,7.30991665
spencer steer,Spencer Steer,97.5508378,108.093877
christian olivo,Christian Olivo,42.2874746,47.4911344
nate furman,Nate Furman,106.947344,78.7649046
juan castillo,Juan Castillo,23.4521767,29.1120135
jesus mujica,Jesus Mujica,2.30229287,7.51006825
bo bichette,Bo Bichette,118.740684,130.888436
angel mateo,Angel Mateo,49.5229695,54.8488454
jason martin,Jason Martin,100.810714,69.7062745
brayan rocchio,Brayan Rocchio,97.5214691,91.370254
alexey lumpuy,Alexey Lumpuy,33.8435485,8.66018873
braden shewmake,Braden Shewmake,68.8537389,43.5315287
ronaiker palma,Ronaiker Palma,61.7973436,67.3626454
brett phillips,Brett Phillips,67.5530354,33.1711033
preston palmeiro,Preston Palmeiro,65.7116861,38.2610389
isaac ponce,Isaac Ponce,14.9965457,20.0571078
eduardo quintero,Eduardo Quintero,75.1870719,84.4547116
trevor werner,Trevor Werner,39.0306834,46.9338288
aramis garcia,Aramis Garcia,49.9377755,62.1935273
railin tea,Railin Tea,10.0684959,11.6347852
allan castro,Allan Castro,82.8704356,83.1593875
daniel lopez,Daniel Lopez,23.1436496,1.91158763
oswaldo patino,Oswaldo Patino,19.9673458,2.68803464
jake lamb,Jake Lamb,80.8591101,54.8904107
lucas spence,Lucas Spence,86.8844932,55.563197
ji hwan bae,Ji Hwan Bae,89.7148742,65.8657583
sung mun song,Sung Mun Song,96.4734052,67.6705971
yilber herrera,Yilber Herrera,12.6187785,11.9607685
trevor cohen,Trevor Cohen,55.6597966,31.8003376
eddy rodriguez,Eddy Rodriguez,30.7280193,37.8155877
angel cepeda,Angel Cepeda,30.0109722,35.8594622
luis de la cruz,Luis De La Cruz,13.4652024,15.0284968
keegan pieternella,Keegan Pieternella,1.5225114,1.85142608
luke voit,Luke Voit,100.467455,107.680832
livan soto,Livan Soto,69.6769218,47.1788679
jesus hernandez,Jesus Hernandez,37.7881558,44.3090376
jeyson moya,Jeyson Moya,-7.4491626,-2.4694025
erick lugo,Erick Lugo,-1.3727332,2.91832399
sheldon neuse,Sheldon Neuse,75.3970489,83.7049323
samuel capellan,Samuel Capellan,-1.1985712,2.88753258
mickey moniak,Mickey Moniak,100.779962,67.1290441
eric martinez,Eric Martinez,4.90624555,9.91686304
newremberg rondon,Newremberg Rondon,10.8232122,15.6145117
davis diaz,Davis Diaz,44.344689,49.6555293
jose medina,Jose Medina,7.97491678,8.03399241
jaison chourio,Jaison Chourio,64.8566514,64.3311979
francis sosa,Francis Sosa,-8.8838536,-3.1335735
bladimir restituyo,Bladimir Restituyo,56.2348155,62.2400516
braylon payne,Braylon Payne,44.0839606,16.934915
james outman,James Outman,96.3448588,66.9967149
evan skoug,Evan Skoug,73.1256247,42.3782689
yosander asencio,Yosander Asencio,25.9961219,27.8436393
jesus abreu,Jesus Abreu,-8.2333786,-3.9257349
jordy barley,Jordy Barley,49.3756552,57.077799
cam eden,Cam Eden,58.9832256,67.7606947
werner blakely,Werner Blakely,47.7625316,22.0379963
brendan jones,Brendan Jones,94.7313378,63.5149268
josh hood,Josh Hood,55.9764409,64.0491747
zyhir hope,Zyhir Hope,74.2238031,43.9901071
cj hinojosa,C.J. Hinojosa,61.9147717,68.4020806
marconi german,Marconi German,20.0533753,18.8221368
jose siri,Jose Siri,72.2836086,78.0644953
starlin mieses,Starlin Mieses,12.317723,17.8683425
yorman licourt,Yorman Licourt,19.6140971,22.3502453
chris meyers,Chris Meyers,88.5935881,58.4232179
ozzie albies,Ozzie Albies,103.995771,108.635464
jett williams,Jett Williams,81.7014755,90.2812521
aaron bracho,Aaron Bracho,72.5137351,44.1865671
jason vosler,Jason Vosler,91.0869696,62.5729801
yovanny duran,Yovanny Duran,20.0444795,20.1363787
carlos virahonda,Carlos Virahonda,33.2408045,36.5727972
dylan fien,Dylan Fien,25.9441847,26.8410338
misael mojica,Misael Mojica,15.0301081,-3.2444157
nathanael cijntje,Nathanael Cijntje,3.70983993,8.9889505
jadiel sanchez,Jadiel Sanchez,57.2281003,57.9808254
wyatt hoffman,Wyatt Hoffman,33.7997812,40.4550551
lj jones,L.J. Jones,74.3613564,81.8299022
sean barnett,Sean Barnett,37.3230994,44.0210019
elliot soto,Elliot Soto,46.3844586,54.8849219
vinny capra,Vinny Capra,76.1542314,84.1609323
justin connell,Justin Connell,86.9287406,94.7918698
frainyer chavez,Frainyer Chavez,64.1118843,66.234391
robert perez,Robert Perez,68.6858911,76.912396
victor ortega,Victor Ortega,44.0047556,21.9762143
jose mena,Jose Mena,45.9171107,52.2935661
rj schreck,RJ Schreck,101.643993,69.4976171
pablo guerrero,Pablo Guerrero,35.1659488,42.0564209
nathaniel ochoa leyva,Nathaniel Ochoa Leyva,14.5584164,20.7127643
yancel guerrero,Yancel Guerrero,6.46053305,11.0952414
jake thompson,Jake Thompson,85.1209196,56.0958942
jake vogel,Jake Vogel,38.5477223,44.8484959
ryan mckenna,Ryan McKenna,74.1185047,88.7437604
brauli diaz,Brauli Diaz,-15.534475,-13.177437
pierolivier boucher,Pier-Olivier Boucher,23.2590522,0.65315416
nick maton,Nick Maton,89.0204574,66.6517498
riquelmin cabral,Riquelmin Cabral,24.6750139,26.5928889
mario baez,Mario Baez,13.7066483,17.4270463
alex verdugo,Alex Verdugo,103.585367,78.9598183
dj stewart,DJ Stewart,90.4845318,57.3794714
adrian sugastey,Adrian Sugastey,68.505662,74.435033
ryan bliss,Ryan Bliss,85.8808262,94.4149785
jung hoo lee,Jung Hoo Lee,116.312142,92.2698272
seth gray,Seth Gray,72.6291378,42.6493754
jose iglesias,Jose Iglesias,83.0931201,88.469671
carlos concepcion,Carlos Concepcion,14.7594295,21.4985645
charles leblanc,Charles Leblanc,85.1251735,96.1608057
nelson marin,Nelson Marin,0.51748849,5.86548604
ryan wilson,Ryan Wilson,42.3603871,47.0563983
yongkyu lee,Yongkyu Lee,75.2280864,50.5199063
sandy leon,Sandy Leon,42.0420472,54.605427
aaron antonini,Aaron Antonini,70.1380097,41.9638141
osmar torrealba,Osmar Torrealba,21.1669654,-0.1637333
alfredo rodriguez,Alfredo Rodriguez,-2.1616309,2.57132044
taylor ward,Taylor Ward,111.338997,124.563118
stanley consuegra,Stanley Consuegra,65.874424,73.9295313
jorge polanco,Jorge Polanco,116.625132,114.540783
adrian meza,Adrian Meza,12.4894738,13.1114231
connor kaiser,Connor Kaiser,53.8509219,63.5983695
ruben castillo,Ruben Castillo,8.76175079,-12.144385
juanfel peguero,Juanfel Peguero,5.08322451,6.78132716
caleb knight,Caleb Knight,54.1350222,60.6843334
noah mendlinger,Noah Mendlinger,95.008726,73.7634825
will holland,Will Holland,59.2839198,65.7535702
eddy isturiz,Eddy Isturiz,25.3991134,26.4406901
maikol escotto,Maikol Escotto,57.1408462,64.3455797
bairon ledesma,Bairon Ledesma,11.5337823,16.1504031
angel brachi,Angel Brachi,23.6775064,26.7140564
tim lopes,Tim Lopes,65.3398359,75.4229832
jackson feltner,Jackson Feltner,39.6984479,47.1958749
malvin fernandez,Malvin Fernandez,-0.4069126,1.83402593
carlos amaya,Carlos Amaya,33.5527562,39.4752992
connor charping,Connor Charping,78.8247415,84.9532269
mitch haniger,Mitch Haniger,77.1414665,89.4051889
geovanny planchart,Geovanny Planchart,44.5353848,51.3058838
josh zamora,Josh Zamora,62.2010476,68.9678115
carter mathison,Carter Mathison,31.189316,4.84730193
nicky lopez,Nicky Lopez,74.900392,56.2455296
isiah kinerfalefa,Isiah Kiner-Falefa,76.8674635,80.4299085
enderson asencio,Enderson Asencio,5.4944895,10.6185478
connor hujsak,Connor Hujsak,28.2921112,34.7131314
cam clayton,Cam Clayton,32.5563402,38.0428561
christian bethancourt,Christian Bethancourt,56.1430128,66.3176451
jansel luis,Jansel Luis,62.1190175,66.2877263
ricardo paez,Ricardo Paez,14.4266674,-7.1425855
bryan gonzalez,Bryan Gonzalez,50.9827395,58.6714262
diego infante,Diego Infante,70.7185149,79.9659842
aj lewis,AJ Lewis,69.4041865,76.4421651
garrett whitley,Garrett Whitley,82.4908815,91.5850293
rodny rosario,Rodny Rosario,13.0424748,14.3827864
max kepler,Max Kepler,103.229827,78.824606
rudy martin,Rudy Martin,91.7231242,61.5926277
daniel vazquez,Daniel Vazquez,43.4247487,49.8628406
raylin heredia,Raylin Heredia,52.5329359,60.1601798
maykel minoso,Maykel Minoso,6.52545249,10.5817161
meylin de leon,Meylin De Leon,-0.4227656,3.95625591
miguel pabon,Miguel Pabon,29.0783007,35.1758409
john garcia,John Garcia,60.1549604,66.1131883
thomas saggese,Thomas Saggese,89.7896704,96.5498145
jose mujica,Jose Mujica,59.4932432,66.1290255
maykel coret,Maykel Coret,3.66029344,8.74461853
fernando peguero,Fernando Peguero,55.755053,59.3744397
john cristino,John Cristino,17.395469,23.1488164
ej exposito,E.J. Exposito,57.6203717,64.641947
jordan thompson,Jordan Thompson,41.5496385,47.403065
darell hernaiz,Darell Hernaiz,91.5837461,100.315969
tommy hopfe,Tommy Hopfe,48.9782825,50.0615854
brayan buelvas,Brayan Buelvas,57.8070812,66.06212
jose sanchez,Jose Sanchez,59.1768798,65.6972241
kenneth betancourt,Kenneth Betancourt,67.4266685,73.3290792
emil turbi,Emil Turbi,0.79983721,2.74425722
diomedes hernandez,Diomedes Hernandez,17.394902,23.0539998
haseong kim,Ha-Seong Kim,94.3896656,108.956262
enyervert perez,Enyervert Perez,32.5496114,38.0576315
taylor young,Taylor Young,65.1305164,71.5811653
edwarli brioso,Edwarli Brioso,-11.376019,
jordan sanchez,Jordan Sanchez,21.0038553,27.8994103
jj dorazio,J.J. D'Orazio,60.1823664,67.1916013
aeverson arteaga,Aeverson Arteaga,51.0647359,58.071944
jaegyun hwang,Jae-Gyun Hwang,64.5348483,71.899511
kellon lindsey,Kellon Lindsey,26.3021099,33.0718839
karniel pratt,Karniel Pratt,14.5902641,20.6881666
anthony quirion,Anthony Quirion,29.466141,35.0850131
wyatt hendrie,Wyatt Hendrie,57.7562964,65.0674053
jhosmmel zue,Jhosmmel Zue,1.70409581,7.78128985
diego rincones,Diego Rincones,79.9299294,86.8899201
moises molero,Moises Molero,11.1744905,-7.7984011
natanael yuten,Natanael Yuten,45.4092763,22.5324389
luke berryhill,Luke Berryhill,62.1807274,71.6641736
jake fraley,Jake Fraley,103.859839,77.7072359
matt higgins,Matt Higgins,80.8286026,52.128838
brian sanchez,Brian Sanchez,50.4990512,25.7336997
sammy infante,Sammy Infante,45.0174399,50.9811874
dub gleed,Dub Gleed,77.229767,84.3889635
jonatan clase,Jonatan Clase,80.0292533,85.6621635
ricardo olivar,Ricardo Olivar,86.6183063,94.8630286
nick mitchell,Nick Mitchell,69.2754523,42.253145
dante nori,Dante Nori,61.6791638,36.9736992
john spikerman,John Spikerman,38.5436036,38.9540929
josue gonzalez,Josue Gonzalez,31.9287811,37.8580464
carlos cauro,Carlos Cauro,12.9523491,19.5598277
wilton lara,Wilton Lara,2.40028025,7.01225969
german ortiz,German Ortiz,33.8750309,10.4720915
michael chavis,Michael Chavis,75.0537245,85.6087223
daniel perez,Daniel Perez,31.9188098,7.55363464
wilfred veras,Wilfred Veras,67.4329116,75.8806385
yohangel moris,Yohangel Moris,-6.3063081,-4.1351804
masataka yoshida,Masataka Yoshida,115.568375,92.7181272
michael harris,Michael Harris,119.162387,94.1550815
tyler heineman,Tyler Heineman,79.4460824,85.7744914
hun gon kim,Hun Gon Kim,64.097317,69.1637211
ryan castillo,Ryan Castillo,17.3197138,-4.416943
juan alonso,Juan Alonso,40.2281088,47.472541
julio zayas,Julio Zayas,19.3648888,23.819269
diego felix,Diego Felix,-11.14826,-5.7820095
logan porter,Logan Porter,72.8851989,83.9448887
yeison acosta,Yeison Acosta,-0.3791616,-0.5875939
warel solano,Warel Solano,11.0734722,16.197454
trey cabbage,Trey Cabbage,88.0422752,56.9931079
alfredo velasquez,Alfredo Velasquez,59.1292628,63.6264829
yan contreras,Yan Contreras,19.5831281,25.2991601
grant magill,Grant Magill,21.1418243,26.6655997
josuar gonzalez,Josuar Gonzalez,21.4854021,23.0310146
deshandro tromp,Deshandro Tromp,-6.1705887,-2.0909377
colby halter,Colby Halter,73.2193693,46.083806
wilfredo lara,Wilfredo Lara,47.3891251,53.9092537
austin overn,Austin Overn,80.3357567,49.033639
erick hernandez,Erick Hernandez,,-11.864257
luis merejo,Luis Merejo,31.8554161,38.4992833
pk morris,PK Morris,80.4366366,49.1759458
ricky cabrera,Ricky Cabrera,39.5464227,44.8821926
eric rataczak,Eric Rataczak,75.0480808,45.4888347
drew compton,Drew Compton,70.3483861,73.1140522
jon berti,Jon Berti,85.6582952,90.4885101
jose briceno,Jose Briceno,61.4223171,72.0668789
caleb durbin,Caleb Durbin,104.57343,110.252728
luis chevalier,Luis Chevalier,31.0041096,32.608404
cobb hightower,Cobb Hightower,35.1129191,40.352758
ernie clement,Ernie Clement,96.0998536,103.129452
jancel villarroel,Jancel Villarroel,53.772931,59.4705
peyton williams,Peyton Williams,76.0927334,46.730845
jake bauers,Jake Bauers,102.918539,75.5113653
luis garcia,Luis Garcia,115.571372,83.48038
dionmy salon,Dionmy Salon,28.0321196,32.440477
joe mack,Joe Mack,85.3711282,54.3101931
samuel escudero,Samuel Escudero,15.9851721,21.1943528
kendall simmons,Kendall Simmons,62.8116562,70.1944615
zach humphreys,Zach Humphreys,57.2521239,64.552337
ross friedrick,Ross Friedrick,35.2274965,10.2956303
jt mabry,JT Mabry,20.0897449,24.6534184
otto kemp,Otto Kemp,88.5253262,94.5248064
jesus aguilar,Jesus Aguilar,68.7264311,78.5765876
nelson medina,Nelson Medina,52.1377571,60.8457198
luis pino,Luis Pino,31.4147383,37.8485
yorber semprun,Yorber Semprun,17.4258539,0.93651273
oswaldo linares,Oswaldo Linares,58.0874242,64.9526713
anthony sherwin,Anthony Sherwin,56.5832491,28.5704503
diego omana,Diego Omana,25.7507871,31.8811396
andres torres,Andres Torres,17.62945,-1.1075046
fran alduey,Fran Alduey,20.7173425,24.2100437
cavan biggio,Cavan Biggio,87.7280832,61.7755806
jose de jesus,Jose De Jesus,34.365698,36.5084191
matthew clayton,Matthew Clayton,27.4243524,32.3379151
adrian hoyte,Adrian Hoyte,17.8076946,-2.7663971
chase harlan,Chase Harlan,37.2256798,44.5828469
german guilarte,German Guilarte,-2.9534992,2.0891091
isan diaz,Isan Diaz,85.4478897,57.254139
diego villegas,Diego Villegas,23.5591664,2.72007921
junior garcia,Junior Garcia,33.1719416,8.71734135
yohander linarez,Yohander Linarez,23.0791032,26.8029703
jose torres,Jose Torres,51.2944876,59.7520062
ewry espinal,Ewry Espinal,18.7793774,-4.7355722
oswaldo cabrera,Oswaldo Cabrera,98.0195438,91.0528577
albertson asigen,Albertson Asigen,37.841212,44.1362484
cristhian rodriguez,Cristhian Rodriguez,33.108257,13.3547647
samuel zavala,Samuel Zavala,71.6707859,42.0960727
guillermo batista,Guillermo Batista,15.1153911,14.7674006
jonathan ornelas,Jonathan Ornelas,53.0495964,61.9231739
jaehoon ha,Jae-Hoon Ha,63.9002433,72.638767
alvaro gonzalez,Alvaro Gonzalez,24.8516735,25.4728701
trey sweeney,Trey Sweeney,82.2619398,60.2340575
rainer nunez,Rainer Nunez,73.4485397,81.3840181
brenny escanio,Brenny Escanio,38.3731439,40.0791183
edwin sanchez,Edwin Sanchez,31.3870845,38.5850576
xavier isaac,Xavier Isaac,92.8393979,59.967098
marty costes,Marty Costes,71.4657177,77.6624383
nolan sailors,Nolan Sailors,59.2534379,32.312433
juan monso,Juan Monso,11.5221569,-6.8368302
colton cowser,Colton Cowser,109.006635,83.8797879
nate george,Nate George,65.0129016,71.6150197
jordan westburg,Jordan Westburg,115.464606,123.326448
carlos colmenarez,Carlos Colmenarez,37.8807265,13.241478
edmundo sosa,Edmundo Sosa,87.3479841,93.497271
yeicer crespo,Yeicer Crespo,-8.0204129,-2.817665
esmith pineda,Esmith Pineda,38.9538426,44.9592929
luis matos,Luis Matos,99.5477564,107.5389
scott bandura,Scott Bandura,83.7569785,55.7658333
armando alvarez,Armando Alvarez,74.963338,87.3312403
javier francisco,Javier Francisco,27.464929,32.9392334
mark coley,Mark Coley,64.2835139,71.7801487
kevin padlo,Kevin Padlo,60.7611097,72.7406409
yannic walther,Yannic Walther,16.6342936,23.1305121
marco marcelino,Marco Marcelino,5.38046914,10.1738157
cole roberts,Cole Roberts,33.6551814,39.1736178
jarrod belbin,Jarrod Belbin,36.4685257,11.6596372
luis escudero,Luis Escudero,26.3810864,25.2835062
juan chacon,Juan Chacon,56.4828153,64.4377551
jose subero,Jose Subero,-6.2577763,
frandy lafond,Frandy Lafond,4.47432843,10.1110675
justin williams,Justin Williams,29.7200297,37.0998397
yohendry sanchez,Yohendry Sanchez,13.1015278,16.9256283
alexander herrera,Alexander Herrera,-4.5783046,0.73455153
josh kross,Josh Kross,45.5651192,45.3223064
cristian hernandez,Cristian Hernandez,49.777407,56.4089388
george wolkow,George Wolkow,47.8103835,19.7742364
madison stokes,Madison Stokes,60.4048063,68.9917837
garret forrester,Garret Forrester,45.083438,51.3985457
starling marte,Starling Marte,99.7289123,105.968924
felix amparo,Felix Amparo,25.7061125,29.5223064
brayan amoroso,Brayan Amoroso,8.21375333,13.7697787
andres hernandez,Andres Hernandez,-3.1587519,1.66374219
logan ohoppe,Logan O'Hoppe,88.4593221,100.730442
jack hurley,Jack Hurley,66.1714983,38.0749687
luis guanipa,Luis Guanipa,36.658667,42.160333
seth stephenson,Seth Stephenson,76.7793377,81.298228
enry torres,Enry Torres,10.3681598,-10.490889
moises semerite,Moises Semerite,-3.8908235,1.51929083
luke dickerson,Luke Dickerson,25.0447831,30.9699477
mike yastrzemski,Mike Yastrzemski,110.465486,75.2263514
josh vanmeter,Josh VanMeter,79.3746068,54.2518417
lamonte wade,LaMonte Wade,106.567133,78.9309751
joshua mears,Joshua Mears,66.9015829,76.05262
matt scheffler,Matt Scheffler,62.0775644,69.0169811
moises febrillet,Moises Febrillet,-6.3629151,
sam huff,Sam Huff,69.2138853,81.6761645
luis bolivar,Luis Bolivar,-5.7789693,-0.6287288
jhoanjel saez,Jhoanjel Saez,0.602236,5.2745284
karim ayubi,Karim Ayubi,29.1703977,6.62675242
hunter goodman,Hunter Goodman,99.3313435,111.136992
luis reyes,Luis Reyes,34.4656337,40.4407313
ryan galanie,Ryan Galanie,77.2022969,83.8139579
justin bench,Justin Bench,37.8092033,42.4112883
ronald rosario,Ronald Rosario,59.1965572,66.8275737
nate eaton,Nate Eaton,73.9811131,82.8204033
connor caskenette,Connor Caskenette,65.1581826,72.0895543
jack lines,Jack Lines,21.2528864,1.55914835
jose montilla,Jose Montilla,-3.1500127,1.01491541
lizandro espinoza,Lizandro Espinoza,44.9810381,52.4338939
milo rushford,Milo Rushford,31.4379448,7.5569732
aaron shackelford,Aaron Shackelford,74.5683352,44.5509686
ryan ohearn,Ryan O'Hearn,115.582832,90.0135177
james mccann,James McCann,83.0861262,93.7512564
jack suwinski,Jack Suwinski,103.570748,65.3500952
luis pena,Luis Pena,57.5340206,63.5832318
jancory de la cruz,Jancory De La Cruz,11.8269027,-10.571918
travis honeyman,Travis Honeyman,62.9503023,69.2283056
ire garcia,Ire Garcia,9.09182265,14.0461723
bryant betancourt,Bryant Betancourt,73.0279097,43.9277124
santiago leon,Santiago Leon,6.11878093,10.2850612
curley martha,Curley Martha,11.0869058,14.9590997
david calabrese,David Calabrese,70.9960199,40.8274289
bracewell taveras,Bracewell Taveras,9.29173477,12.771843
riley mahan,Riley Mahan,71.8437429,43.624185
jason delay,Jason Delay,57.0994678,64.6732854
carlos pacheco,Carlos Pacheco,32.2276107,38.7667642
kole calhoun,Kole Calhoun,86.3444182,60.3070661
tommy edman,Tommy Edman,94.8287454,103.249693
deivid coronil,Deivid Coronil,-7.2503794,-5.9381508
donovan mcintyre,Donovan McIntyre,,-13.378986
edgar quero,Edgar Quero,103.120464,105.112636
eybert sanchez,Eybert Sanchez,24.6360714,7.12924558
angel diaz,Angel Diaz,36.3278254,42.5353916
luis arana,Luis Arana,30.9061093,30.233036
enrique hernandez,Enrique Hernandez,80.1044575,93.3936636
trey harris,Trey Harris,52.2266363,57.9837753
michael martinez,Michael Martinez,10.2845417,14.739641
tristan peters,Tristan Peters,86.5974742,60.9622258
domingo santana,Domingo Santana,87.9211559,99.5969837
wade stauss,Wade Stauss,50.4173226,23.1958888
stiven flores,Stiven Flores,19.1560328,23.70703
chandler redmond,Chandler Redmond,75.3455072,44.2686679
ben ross,Ben Ross,59.5939511,67.7197857
keshawn ogans,Keshawn Ogans,66.0075609,71.846434
taylor snyder,Taylor Snyder,55.7373991,63.7069226
alerick soularie,Alerick Soularie,70.2197926,77.3672887
ramiro altagracia,Ramiro Altagracia,11.0005191,16.6872243
alec makarewicz,Alec Makarewicz,44.4400136,46.070921
jose barrios,Jose Barrios,7.73060406,10.2079159
fidel pinango,Fidel Pinango,-0.1872887,4.15258863
jorge burgos,Jorge Burgos,78.5326106,47.9609741
gilberto celestino,Gilberto Celestino,78.1820003,87.1637608
osleivis basabe,Osleivis Basabe,73.7057716,82.1892716
luke maile,Luke Maile,76.01611,85.2500082
felix tena,Felix Tena,32.2604722,36.6904624
tyler reichenborn,Tyler Reichenborn,49.0875386,56.4125867
luis felipe,Luis Felipe,-2.881176,2.2696858
antonio gomez,Antonio Gomez,51.7966992,59.4469572
andy blake,Andy Blake,59.223255,66.2695744
bryce madron,Bryce Madron,47.739143,21.4808583
cooper pratt,Cooper Pratt,73.246065,79.4419757
carlos renzullo,Carlos Renzullo,27.9359601,29.814443
braylon bishop,Braylon Bishop,31.7665565,7.51787862
raimel medina,Raimel Medina,18.5801695,23.5570052
yimmy diaz,Yimmy Diaz,8.08810072,8.05398586
matt koperniak,Matt Koperniak,86.2911215,58.3408985
tommy sacco,Tommy Sacco,53.6966757,54.8452924
jack costello,Jack Costello,54.2956289,59.4332943
saul gomez,Saul Gomez,10.7304219,15.198943
luis urias,Luis Urias,94.6969112,100.910764
jose arias,Jose Arias,-11.350754,
kevin maitan,Kevin Maitan,54.555088,62.8740641
mikey perez,Mikey Perez,49.4393946,55.5350078
dakota harris,Dakota Harris,71.2644355,76.8727067
ismael del rosario,Ismael Del Rosario,-6.2487809,-24.670518
tristen lutz,Tristen Lutz,73.4303989,82.8737767
bryan martinez,Bryan Martinez,6.52008333,-13.782983
tyler dearden,Tyler Dearden,89.5916975,59.7571468
nelly taylor,Nelly Taylor,57.5049444,30.421048
delvis matos,Delvis Matos,-5.3028363,-0.0256333
marco dinges,Marco Dinges,63.4494977,70.5103453
trey faltine,Trey Faltine,31.4628267,39.0205734
david smith,David Smith,39.0495515,37.1364889
shane matheny,Shane Matheny,75.026593,44.5342477
gavin collins,Gavin Collins,66.6550918,72.4001075
elvin garcia,Elvin Garcia,7.31876925,9.57014024
delino deshields,Delino DeShields,69.697105,79.7689714
jackson cluff,Jackson Cluff,66.6383369,38.7802197
jean santana,Jean Santana,-0.109869,
kyle sinzza,Kyle Sinzza,19.576111,24.5207728
lisandro sanchez,Lisandro Sanchez,7.73977943,13.2107303
andrew patrick,Andrew Patrick,13.9011602,20.324786
rashawn pinder,Rashawn Pinder,16.644272,-3.7870666
samuell sanchez,Samuell Sanchez,12.2915247,-10.241042
travis jankowski,Travis Jankowski,87.3835156,67.3644968
yunior severino,Yunior Severino,79.8446766,81.1628369
daniel susac,Daniel Susac,78.1058649,85.6430127
eriel dihigo,Eriel Dihigo,23.5925412,29.3631869
jose tovar,Jose Tovar,8.86568728,-10.134837
malcolm moore,Malcolm Moore,44.7013808,21.4463947
james wood,James Wood,134.226154,115.964562
elias medina,Elias Medina,18.2080398,24.2764452
eddson martinez,Eddson Martinez,24.3286927,3.49569674
junior sanchez,Junior Sanchez,31.4842036,12.5753826
andry batista,Andry Batista,7.08507167,13.4076711
rodney green,Rodney Green,46.4784758,18.5345757
julio e rodriguez,Julio E. Rodriguez,61.3678403,68.5422095
ben rice,Ben Rice,130.689866,105.384657
wes kath,Wes Kath,62.5017771,32.5345828
alex dickerson,Alex Dickerson,88.7821646,60.985001
calvin harris,Calvin Harris,66.4497645,41.1531982
edwardo espinal,Edwardo Espinal,20.4410602,26.9221164
hiverson lopez,Hiverson Lopez,-1.2592955,-19.154224
jhonny perdomo,Jhonny Perdomo,29.0209124,33.8715141
joan acevedo,Joan Acevedo,,-10.923844
joyner perez,Joyner Perez,14.3226214,19.5075106
george valera,George Valera,106.036421,81.4130618
charlie condon,Charlie Condon,82.3141726,90.7422754
carlos linarez,Carlos Linarez,51.6333481,59.7271272
osiris johnson,Osiris Johnson,42.1269234,48.6682597
brock jones,Brock Jones,67.6904483,35.9365149
william contreras,William Contreras,122.059495,134.392366
giancarlo stanton,Giancarlo Stanton,108.19898,126.07349
nolan beltran,Nolan Beltran,35.1384194,14.4628107
nick clarno,Nick Clarno,25.6721863,31.4890305
brett bateman,Brett Bateman,89.0119991,62.7292141
rayne doncon,Rayne Doncon,43.926238,50.3121885
juan rojas,Juan Rojas,19.6694511,-0.6286892
ismael munguia,Ismael Munguia,90.7610957,65.080263
luke waddell,Luke Waddell,77.5551446,55.0449841
pierce bennett,Pierce Bennett,49.6607123,54.5432005
hayden alvarez,Hayden Alvarez,41.7497951,48.3431923
christian vazquez,Christian Vazquez,71.7154772,75.6747644
kevin bazzell,Kevin Bazzell,37.4761112,41.1371933
lawrence butler,Lawrence Butler,110.309954,81.4581501
drew mount,Drew Mount,80.3447975,50.8878118
jjam alvarez,Jjam Alvarez,14.7991036,20.2252708
jhon gil,Jhon GIl,14.2555553,19.4215886
johmphy de la cruz,Johmphy De La Cruz,-11.243046,-6.5250127
ramon mendoza,Ramon Mendoza,80.5607854,88.279538
miguel rivera,Miguel Rivera,10.6762554,15.3567936
harold coll,Harold Coll,41.2555089,48.6838839
nathan martorella,Nathan Martorella,76.2518697,46.4902692
xavier casserilla,Xavier Casserilla,23.989866,29.0704601
christian molfetta,Christian Molfetta,23.1147894,29.8014959
jon singleton,Jon Singleton,88.050045,59.062233
blake hunt,Blake Hunt,70.3614898,77.5036958
james parker,James Parker,44.6608937,52.1618799
oliver guerrero,Oliver Guerrero,21.0846709,-2.799938
naibel mariano,Naibel Mariano,2.93268632,7.62164461
nomar velasquez,Nomar Velasquez,22.1130708,2.1245319
brett squires,Brett Squires,82.3894689,52.4564257
easton shelton,Easton Shelton,1.89592639,8.25054766
miguel hiraldo,Miguel Hiraldo,64.9115485,72.1486133
ali sanchez,Ali Sanchez,68.2716166,78.1971385
yolbert sanchez,Yolbert Sanchez,64.9516755,70.63201
blake rambusch,Blake Rambusch,74.6398393,80.3173322
jean walters,Jean Walters,60.3821362,64.301799
logan tanner,Logan Tanner,30.0860602,37.3809432
addison barger,Addison Barger,116.493405,84.2534491
christian knapczyk,Christian Knapczyk,78.6337095,53.8189535
luke davis,Luke Davis,48.8015745,44.813342
brayan sanchez,Brayan Sanchez,1.98990862,6.76424916
jackie bradley,Jackie Bradley,55.2135162,33.4259154
jorge corona,Jorge Corona,12.9696293,17.4474546
miguel palma,Miguel Palma,63.7441612,70.3639635
guillermo williamson,Guillermo Williamson,59.0409444,30.4320602
luis sanchez,Luis Sanchez,40.9711854,45.6728685
lisbel diaz,Lisbel Diaz,52.5295566,58.3954086
aaron palensky,Aaron Palensky,81.3020125,89.4956504
kevin made,Kevin Made,57.9435703,64.1852264
ryan noda,Ryan Noda,92.6791917,69.7683449
abraham toro,Abraham Toro,88.1337447,87.9474522
luis lameda,Luis Lameda,38.1303545,37.5414992
rabel colon,Rabel Colon,31.5610552,6.90558257
lenyn sosa,Lenyn Sosa,89.7895581,101.304763
steven santos,Steven Santos,-1.0511113,3.70168645
willie joe garry,Willie Joe Garry,74.3262007,44.7826007
alan escobar,Alan Escobar,17.4664211,-2.6470227
andres gimenez,Andres Gimenez,99.1718362,80.6252422
corey rosier,Corey Rosier,80.9364638,53.3475704
michael massey,Michael Massey,95.5440248,69.9862847
matt suggs,Matt Suggs,52.545169,60.0582416
ricardo pena,Ricardo Pena,21.8179854,27.1909105
colin simpson,Colin Simpson,75.6206942,45.2425023
jayln pinder,Jayln Pinder,7.06709853,-10.827795
frankie tostado,Frankie Tostado,88.2264951,58.3121379
adriander mejia,Adriander Mejia,22.8195107,28.1618474
jake snider,Jake Snider,67.4138411,41.6673919
zach deloach,Zach DeLoach,85.1965981,56.9100714
anyelo marquez,Anyelo Marquez,15.5648583,-2.9364361
keibert ruiz,Keibert Ruiz,93.4873956,92.4006185
alexfri planez,Alexfri Planez,71.2211213,79.6470719
gavin turley,Gavin Turley,30.149252,36.8554327
yasmil bucce,Yasmil Bucce,56.3373607,28.1338037
elian adames,Elian Adames,-3.3181765,2.00679805
yu chang,Yu Chang,74.0947418,84.0210415
ethan odonnell,Ethan O'Donnell,77.9521918,49.4953717
jaylin davis,Jaylin Davis,73.3116825,85.3661806
luis vazquez,Luis Vazquez,78.713551,86.0804218
gavin sheets,Gavin Sheets,107.692943,78.2591962
cortland lawson,Cortland Lawson,46.8639428,53.2754424
tyson lewis,Tyson Lewis,28.983233,5.70650484
johan barrios,Johan Barrios,4.9881712,10.8852169
luis fragoza,Luis Fragoza,5.30841987,9.83771456
jj wetherholt,JJ Wetherholt,116.453936,85.6677776
dom nunez,Dom Nunez,62.0333828,38.1760085
tj rumfield,TJ Rumfield,94.17991,62.7057144
kalae harrison,Kalae Harrison,36.7790183,15.1011546
sam shaw,Sam Shaw,46.3126358,22.6738072
carlos torres,Carlos Torres,11.5321409,15.830891
jared mckenzie,Jared McKenzie,58.7860442,33.5452563
john hicks,John Hicks,69.2382982,80.6357903
charles nova,Charles Nova,4.27712064,8.48943925
jay harry,Jay Harry,63.7416547,38.9202809
dawel joseph,Dawel Joseph,-7.4293782,-2.2912273
juan brown,Juan Brown,-2.0423693,2.89424815
ryan mccrystal,Ryan McCrystal,48.2229656,25.1086916
mike antico,Mike Antico,81.9142382,53.829058
nick montgomery,Nick Montgomery,10.9575469,17.1471069
ricardo hurtado,Ricardo Hurtado,30.558403,36.3015653
bob seymour,Bob Seymour,94.1524942,65.2343354
paulo asprilla,Paulo Asprilla,1.54339502,6.13055452
carlos aguiar,Carlos Aguiar,51.6072994,23.5886501
jefer lista,Jefer Lista,9.33609548,14.1976842
pj morlando,PJ Morlando,40.7117248,14.8013381
jonathan linares,Jonathan Linares,23.8073883,23.8688508
kevin plawecki,Kevin Plawecki,66.0346388,75.4363315
brandon valenzuela,Brandon Valenzuela,64.8908324,65.2173615
yassel pino,Yassel Pino,42.5373691,48.5329914
jordan mccants,Jordan McCants,30.4939401,11.5574284
juan baez,Juan Baez,46.414217,51.3698585
victor bericoto,Victor Bericoto,79.8376841,88.0186121
terence doston,Terence Doston,85.1829211,56.9051179
maikel hernandez,Maikel Hernandez,22.3374908,23.3425689
anthony prato,Anthony Prato,80.2845396,86.1009132
luke shliger,Luke Shliger,60.4623224,36.1436644
jared spraguelott,Jared Sprague-Lott,41.3073798,46.9041469
michael papierski,Michael Papierski,69.2384248,73.8830512
colby jones,Colby Jones,35.5771871,41.1338322
robert puason,Robert Puason,14.486973,18.986226
jeffry rosa,Jeffry Rosa,25.2755992,31.3020412
jair casanova,Jair Casanova,30.5717896,37.3603505
harry ford,Harry Ford,93.5521424,103.762259
damian bravo,Damian Bravo,49.3617996,54.623923
sammy siani,Sammy Siani,77.6951012,49.6589861
eli lovich,Eli Lovich,30.6892415,8.60307115
steward berroa,Steward Berroa,67.0680257,71.389608
heriberto caraballo,Heriberto Caraballo,19.8232778,24.3506124
ty hanchey,Ty Hanchey,40.3129958,17.6520631
kamuel villar,Kamuel Villar,-0.7555048,-17.170788
andy colon,Andy Colon,-13.062754,
seaver king,Seaver King,56.1611969,62.4156312
sebastian espino,Sebastian Espino,61.7183952,69.9945083
jim jarvis,Jim Jarvis,72.1930837,49.986449
joendry vargas,Joendry Vargas,36.6019167,43.4307329
junior gonzalez,Junior Gonzalez,16.4694777,22.6627005
andy acevedo,Andy Acevedo,3.56333487,-16.838958
jose noguera,Jose Noguera,-7.2179003,
royce lewis,Royce Lewis,105.202903,117.209212
jose contreras,Jose Contreras,25.449016,31.8800872
jacob sharp,Jacob Sharp,54.6001436,60.4979815
victor cardoza,Victor Cardoza,8.96823018,14.8655665
richard paz,Richard Paz,32.0260125,9.5577606
kade kern,Kade Kern,36.1596789,42.4853664
dayan frias,Dayan Frias,63.4652346,64.0491126
cesar gonzalez,Cesar Gonzalez,19.2308306,25.1427967
andres chaparro,Andres Chaparro,95.0383137,106.70462
mac guscette,Mac Guscette,37.407076,42.2064638
raymond mola,Raymond Mola,7.72684893,13.4070151
keith jones,Keith Jones,90.8230131,59.1734581
yeisy celesten,Yeisy Celesten,23.1179467,-0.3234398
curtis mead,Curtis Mead,90.7163238,101.036381
connor kokx,Connor Kokx,71.3277928,78.231192
logan davidson,Logan Davidson,62.635462,76.1537924
bret boswell,Bret Boswell,71.426166,43.386048
richie palacios,Richie Palacios,96.6291084,76.2542732
aidan longwell,Aidan Longwell,71.3911307,42.7900955
heudy pena,Heudy Pena,-3.8647178,-20.125007
ryan stafford,Ryan Stafford,32.9381614,38.3812968
manuel pena,Manuel Pena,82.5890593,56.5370411
kennew blanco,Kennew Blanco,12.1873692,15.8533874
william lugo,William Lugo,54.5497358,61.7559976
miguel sano,Miguel Sano,79.2599047,95.1105672
kyler fedko,Kyler Fedko,81.4950734,89.9834264
milan tolentino,Milan Tolentino,73.7150426,43.2669443
beycker barroso,Beycker Barroso,30.0397769,34.1638837
connor burns,Connor Burns,40.6721556,50.5131165
wooyeoul shin,Wooyeoul Shin,40.098199,45.6556448
enderson delgado,Enderson Delgado,28.3304594,28.2216623
kristian robinson,Kristian Robinson,78.6716048,88.7052771
derik alcantara,Derik Alcantara,55.6911807,31.5149627
donovan solano,Donovan Solano,83.9192467,91.2858118
jose herrera,Jose Herrera,76.2929282,71.4571895
nathan hickey,Nathan Hickey,78.4465485,47.5880334
angel arevalo,Angel Arevalo,18.8706139,24.9838097
juan brima,Juan Brima,7.40325116,9.83460262
yorfran john,Yorfran John,3.62638466,6.35703958
kyle karros,Kyle Karros,87.616069,96.6623744
dariel ramon,Dariel Ramon,28.0373097,33.1093316
leandro morgado,Leandro Morgado,3.11368322,7.86342993
kevin bruggeman,Kevin Bruggeman,47.2128007,53.3112433
griffin burkholder,Griffin Burkholder,23.9755659,29.804607
abel lorenzo,Abel Lorenzo,13.7884547,-7.9456971
jordan qsar,Jordan Qsar,88.5172415,55.8587974
hector rodriguez,Hector Rodriguez,93.4191144,61.8736401
anthony rendon,Anthony Rendon,81.8810381,91.0504837
danny jansen,Danny Jansen,99.5036228,108.56409
luis guillorme,Luis Guillorme,78.6495229,56.975629
rene pinto,Rene Pinto,63.9836821,74.5502123
jakey josepha,Jakey Josepha,39.8934003,16.0659442
jhoneiker betancourt,Jhoneiker Betancourt,31.385094,37.0165791
willie calhoun,Willie Calhoun,93.8961889,67.0031967
jamari baylor,Jamari Baylor,49.3114198,56.2949182
max muncy,Max Muncy,124.831028,102.191747
larry suero,Larry Suero,3.24626802,-18.324127
breyner figuereo,Breyner Figuereo,3.76556778,-15.412123
sandor feliciano,Sandor Feliciano,0.96386609,3.7953572
hudson white,Hudson White,29.3586388,34.7792266
lennyn nunez,Lennyn Nunez,7.85475488,7.28822824
kenyon simmons,Kenyon Simmons,-4.7802634,-0.3779741
bj murray,BJ Murray,83.4235589,81.4146624
george springer,George Springer,119.991701,127.635751
ethan hearn,Ethan Hearn,59.4851192,32.4222731
joel mendez,Joel Mendez,25.2928766,32.4254947
cesar paredes,Cesar Paredes,-0.5212298,3.80431433
tre richardsoni,Tre RichardsonI,47.4305172,52.3800508
colby thomas,Colby Thomas,89.7577353,101.668968
teoscar hernandez,Teoscar Hernandez,108.022829,126.225086
juan villavicencio,Juan Villavicencio,26.2688813,4.59211012
luis arraez,Luis Arraez,117.168487,94.4532412
alfonzo martinez,Alfonzo Martinez,9.02619026,14.5264054
angel guzman,Angel Guzman,30.2423165,15.043303
alsander womack,Alsander Womack,71.5520229,77.7051261
tanner allen,Tanner Allen,70.5574036,44.0065229
cade fergus,Cade Fergus,51.3167521,61.413689
alvaro aguero,Alvaro Aguero,29.1256479,35.1952748
yeider mindiola,Yeider Mindiola,9.32390554,14.3650398
wady mendez,Wady Mendez,53.0295067,26.2109967
ross adolph,Ross Adolph,85.8442382,54.091772
mike boeve,Mike Boeve,92.3424213,62.1373615
jose trevino,Jose Trevino,82.5490667,93.280953
anthony marquez,Anthony Marquez,22.8157191,27.3150717
nick podkul,Nick Podkul,69.4408243,78.3668273
daniel vellojin,Daniel Vellojin,58.0470053,30.6023318
roman quinn,Roman Quinn,63.4100313,71.8984599
luke gold,Luke Gold,47.3651465,53.137725
ramon hernandez,Ramon Hernandez,69.5431224,77.3180191
djean macares,Djean Macares,18.9436004,0.23543845
esterling rodriguez,Esterling Rodriguez,11.8077394,-9.2525396
alec burleson,Alec Burleson,125.839592,97.6568198
jahmai jones,Jahmai Jones,101.588088,110.936676
josh harrison,Josh Harrison,64.6762656,69.9801497
mason auer,Mason Auer,61.3029358,69.7837434
darwin de leon,Darwin De Leon,20.7078314,25.7379001
oswald peraza,Oswald Peraza,79.1963976,84.7934875
grant richardson,Grant Richardson,72.761883,42.541755
cj stubbs,C.J. Stubbs,44.4443201,55.1470379
echedry vargas,Echedry Vargas,40.4864552,46.7997803
josmir reyes,Josmir Reyes,36.4042937,14.0697569
ryan lasko,Ryan Lasko,67.4749033,74.9303989
colin tuft,Colin Tuft,38.4279427,44.5239811
tyler osik,Tyler Osik,72.174925,79.9760366
kevin kilpatrick,Kevin Kilpatrick,55.5553458,62.8178861
jonny farmelo,Jonny Farmelo,61.5374161,33.0556392
dauwin gonzalez,Dauwin Gonzalez,9.46865288,14.9092842
luis valdez,Luis Valdez,42.3591944,47.3609015
matt olson,Matt Olson,135.794234,110.408928
santiago contreras,Santiago Contreras,13.4152665,-7.5119013
jeferson morales,Jeferson Morales,77.769611,84.2754154
gustavo marquez,Gustavo Marquez,5.38786599,10.0600185
jhojan downer,Jhojan Downer,-4.6616359,0.40281082
seth beer,Seth Beer,79.9785374,54.0517906
dalton mcintyre,Dalton McIntyre,11.5054428,-8.2053063
kebryan hayes,Ke'Bryan Hayes,79.2154833,91.2991237
ayden johnson,Ayden Johnson,-5.8787051,-1.043176
peyton carr,Peyton Carr,32.5805131,37.5353066
nick madrigal,Nick Madrigal,86.2359289,91.3174236
mairoshendrick martinus,Mairoshendrick Martinus,29.4475709,35.3296589
austin green,Austin Green,25.4309847,26.022313
juan matheus,Juan Matheus,52.1586274,54.4482781
josh kasevich,Josh Kasevich,70.0344619,76.0038259
logan driscoll,Logan Driscoll,76.9662419,50.6095838
jose colmenares,Jose Colmenares,40.4235868,46.3450431
mason guerra,Mason Guerra,38.4581178,45.7485273
rodolfo de la cruz,Rodolfo De La Cruz,,-12.381947
leo rivas,Leo Rivas,93.7196099,93.8751977
stanley tucker,Stanley Tucker,29.3280055,35.7800287
roosbert tapia,Roosbert Tapia,12.8853139,17.8267053
nic kent,Nic Kent,54.8984536,60.7898716
austin wynns,Austin Wynns,79.5970281,83.6446476
jj bleday,JJ Bleday,110.021789,84.0602326
angel nieblas,Angel Nieblas,2.26631582,6.70846198
pablo reyes,Pablo Reyes,83.7469583,93.2103053
michael perez,Michael Perez,69.5541775,44.0874217
rodolfo nolasco,Rodolfo Nolasco,46.9127187,55.968216
stephen paolini,Stephen Paolini,62.7524177,33.8741016
dillon tatum,Dillon Tatum,30.0562927,36.686727
jonathan moya,Jonathan Moya,5.49968939,10.3883339
jose santana,Jose Santana,-8.4794029,-4.2338656
jean ramirez,Jean Ramirez,55.5216556,30.2611329
tristan gray,Tristan Gray,82.1507554,62.52044
pedro pineda,Pedro Pineda,38.6585339,46.696287
elaineiker coronado,Elaineiker Coronado,38.26811,18.8106012
roby enriquez,Roby Enriquez,81.6570887,53.7224743
adam frazier,Adam Frazier,80.3829643,59.297575
preston tucker,Preston Tucker,75.3373787,45.8559854
cam smith,Cam Smith,95.4712646,103.767517
emile torres,Emile Torres,-14.5995,-8.8947829
wonbin cho,Won-Bin Cho,59.157975,34.0292853
jeferson quero,Jeferson Quero,84.8487886,91.8038632
cole tucker,Cole Tucker,61.1360304,64.2051015
rafael medina,Rafael Medina,-8.3226421,
estivenzon montero,Estivenzon Montero,10.3765861,17.0094047
omar reyes,Omar Reyes,26.750362,7.09668786
roderick flores,Roderick Flores,9.79897696,15.5668828
keyber rodriguez,Keyber Rodriguez,59.2233663,65.5533138
kale fountain,Kale Fountain,29.7111485,35.6511007
kyle tucker,Kyle Tucker,145.981522,127.644957
andres garza,Andres Garza,-3.0992759,-21.668545
jasson dominguez,Jasson Dominguez,109.131269,100.846324
jhonger ochoa,Jhonger Ochoa,-4.0686828,-0.6074246
garrett mitchell,Garrett Mitchell,105.55116,80.9707251
akil baddoo,Akil Baddoo,92.2344505,60.6160253
sebastian cadiz,Sebastian Cadiz,10.7526483,-9.0888353
arjun nimmala,Arjun Nimmala,51.0343194,57.2696212
luke mann,Luke Mann,61.1309084,31.8201787
david banuelos,David Banuelos,57.1973855,66.1384219
yelinson betances,Yelinson Betances,2.4703436,6.77313025
william sullivan,William Sullivan,45.417263,18.9184863
cody roberts,Cody Roberts,55.7802104,63.6588446
bryce johnson,Bryce Johnson,80.5098539,87.2469223
jorge ruiz,Jorge Ruiz,49.9738441,29.2407405
ehire adrianza,Ehire Adrianza,68.1102205,73.3458686
narbe cruz,Narbe Cruz,49.9430734,55.4859235
jose alpuria,Jose Alpuria,27.8952634,33.1672129
manuel campos,Manuel Campos,12.7967295,14.9003793
connor norby,Connor Norby,90.7407,98.304938
santiago ustariz,Santiago Ustariz,6.75460391,-12.636088
troy schreffler,Troy Schreffler,41.8618799,49.3407905
carlos vasquez,Carlos Vasquez,10.7663674,-5.8196998
fadriel cruz,Fadriel Cruz,36.217533,11.7425328
griffin doersching,Griffin Doersching,49.610721,57.9879184
luis torres,Luis Torres,31.2550781,38.290717
kobe kato,Kobe Kato,68.6894448,43.1715833
hunter feduccia,Hunter Feduccia,85.9439428,59.0823936
brayan hernandez,Brayan Hernandez,27.8770485,3.71809696
kyle battle,Kyle Battle,27.4152493,34.280995
marcelo alcala,Marcelo Alcala,2.73312586,8.58181235
victor scott,Victor Scott,84.4759463,64.467431
domingo morla,Domingo Morla,-6.7663699,-1.7665196
jhonson pena,Jhonson Pena,8.84320908,13.3675579
andrew navigato,Andrew Navigato,61.0600961,68.4278087
taylor kohlwey,Taylor Kohlwey,79.63956,55.2390011
drew gilbert,Drew Gilbert,98.2512749,76.0418709
reiner herrera,Reiner Herrera,17.1628705,-4.1096602
chase strumpf,Chase Strumpf,68.809629,79.3636958
dongyub kim,Dong-Yub Kim,63.0078126,70.3260043
tim elko,Tim Elko,83.0067913,92.2637072
joandrew pena,Joandrew Pena,-5.8780136,-1.2292223
yosmar gimenez,Yosmar Gimenez,15.7881152,-4.8166648
evan carter,Evan Carter,114.713625,87.2165345
diego guzman,Diego Guzman,18.6702451,24.3931464
jean carlos sio,Jean Carlos Sio,69.0173137,46.0301669
justin ramirez,Justin Ramirez,26.531367,3.42225544
luis robert,Luis Robert,91.2184168,105.603086
hoyoung son,Ho-young Son,72.9528219,78.8340248
victor santana,Victor Santana,22.1790873,26.2438196
cole messina,Cole Messina,51.3417902,57.4089971
freylin minyety,Freylin Minyety,66.4948941,72.2035132
owen cobb,Owen Cobb,30.0488284,35.6608993
luis leon,Luis Leon,13.3015656,17.8443602
gio cueto,Gio Cueto,26.0614631,31.4302265
trevor story,Trevor Story,89.1925868,101.269715
yovanny rodriguez,Yovanny Rodriguez,11.6223573,17.445689
albert fabian,Albert Fabian,91.0080954,61.1184315
angelo mora,Angelo Mora,6.10841042,10.0339771
luis campusano,Luis Campusano,102.657229,115.592705
jonatan yan,Jonatan Yan,0.70052788,6.2515347
jake mangum,Jake Mangum,89.8688018,97.8970433
wandi feliz,Wandi Feliz,-0.0999808,6.18277442
chad pinder,Chad Pinder,78.4603828,92.2401194
anderson navas,Anderson Navas,-4.1571045,0.64709905
cristian arguelles,Cristian Arguelles,45.6174806,21.6348263
carlos altuve,Carlos Altuve,1.6310175,6.15351626
guillermo heredia,Guillermo Heredia,95.8097306,106.480182
thayron liranzo,Thayron Liranzo,70.2774627,69.752378
zach mckinstry,Zach McKinstry,93.5019967,74.6358491
irvin nunez,Irvin Nunez,8.99778993,14.1073513
stiven martinez,Stiven Martinez,19.9520954,27.374078
angelo hernandez,Angelo Hernandez,3.05475827,7.82759731
anthony scull,Anthony Scull,57.8789266,32.3448193
elian soto,Elian Soto,2.385853,-18.569476
garrett frechette,Garrett Frechette,42.5156322,18.2686818
nerwilian cedeno,Nerwilian Cedeno,60.3561039,63.5249793
cameron decker,Cameron Decker,45.4254151,52.8527502
samad taylor,Samad Taylor,83.8735824,93.8211836
kade snell,Kade Snell,54.0259773,28.5289376
edrick felix,Edrick Felix,21.6661688,26.8969072
jesus gamez,Jesus Gamez,7.18828225,12.801112
zack short,Zack Short,66.6459039,77.1202069
blake sabol,Blake Sabol,76.2714148,45.7244056
yoan moncada,Yoan Moncada,98.8805426,91.8545844
ej andrews,EJ Andrews,35.9470981,43.7924761
andres arias,Andres Arias,0.10260547,5.0062532
rixon wingrove,Rixon Wingrove,86.3421077,55.0233648
erick brito,Erick Brito,54.0914845,59.3406211
byron chourio,Byron Chourio,34.608928,35.8885259
greyber altamirano,Greyber Altamirano,6.20843479,-10.379152
eddie rosario,Eddie Rosario,82.218489,53.9068118
anibal salas,Anibal Salas,11.1538563,10.8914713
esnaider vargas,Esnaider Vargas,0.39705946,4.99797682
pascanel ferreras,Pascanel Ferreras,62.0489618,68.7328008
jason matthews,Jason Matthews,42.9200038,49.2117892
robbie glendinning,Robbie Glendinning,76.9101849,86.024874
edwin rios,Edwin Rios,81.5891178,55.7417274
brian navarreto,Brian Navarreto,64.4667136,73.6398744
andy garriola,Andy Garriola,59.4360945,66.1567988
jesus sanchez,Jesus Sanchez,114.309686,78.0025089
devin fitzgerald,Devin Fitz-Gerald,36.7737277,36.4563335
kyle garlick,Kyle Garlick,68.6163006,78.8208913
branden boissiere,Branden Boissiere,73.5272424,46.4186774
cameron cauley,Cameron Cauley,71.0201495,79.3778598
cole roederer,Cole Roederer,75.1918987,44.9552764
wyatt sanford,Wyatt Sanford,37.5823242,16.1593845
willi castro,Willi Castro,87.2688325,94.3347371
max holy,Max Holy,28.1071079,35.6319551
brice matthews,Brice Matthews,84.8816821,95.4067048
gustavo campero,Gustavo Campero,93.6168515,95.1505527
cesar hernandez,Cesar Hernandez,61.0331996,67.949112
arturo disla,Arturo Disla,52.6672623,59.799633
grant koch,Grant Koch,46.2052759,56.4499794
adam haseley,Adam Haseley,77.7449014,53.5164204
wilson rodriguez,Wilson Rodriguez,42.049107,15.8684898
alexander ramirez,Alexander Ramirez,28.2144724,36.6171946
luis yanel diaz,Luis Yanel Diaz,69.8972553,77.4006117
sabin ceballos,Sabin Ceballos,78.8774721,85.38206
arnaldo montano,Arnaldo Montano,0.47391541,5.87525387
giullianno allende,Giullianno Allende,27.5037963,4.47991551
carlos rojas,Carlos Rojas,45.6728638,51.1043405
rafhlmil torres,Rafhlmil Torres,35.555267,35.1249324
tommy pham,Tommy Pham,91.6334137,103.116584
george feliz,George Feliz,26.6929319,33.9006935
edward lantigua,Edward Lantigua,19.6657852,24.9981288
joseph rosa,Joseph Rosa,65.0079627,66.4626821
junior franco,Junior Franco,72.2847749,46.1762839
angel abreu,Angel Abreu,28.1554744,33.585832
chad castillo,Chad Castillo,42.8718164,16.8224521
jeremy eierman,Jeremy Eierman,53.7428282,61.181471
kadon morton,Kadon Morton,39.5132579,47.8962982
austin dean,Austin Dean,104.884043,117.679449
simon muzziotti,Simon Muzziotti,86.5101998,58.3585589
harold ramirez,Harold Ramirez,81.8930111,93.3265646
wilmer feliciano,Wilmer Feliciano,6.57617439,-13.858932
edward olivares,Edward Olivares,87.0087351,95.7953629
yimy tovar,Yimy Tovar,19.4395646,23.8724433
sebastian pena,Sebastian Pena,8.74559074,-8.7587357
jared triolo,Jared Triolo,90.7112462,99.8251699
bryson ware,Bryson Ware,59.9364594,67.4248778
luis rodriguez,Luis Rodriguez,47.4300982,55.2321718
fraimy santa,Fraimy Santa,1.95594484,7.30472826
raudy de los santos,Raudy De Los Santos,10.2263105,13.2126129
andrew vaughn,Andrew Vaughn,99.0426572,115.329705
hudson potts,Hudson Potts,52.0521439,61.1843323
robby martin,Robby Martin,56.2996146,30.6292488
freider rojas,Freider Rojas,2.06221019,1.58108783
harrison spohn,Harrison Spohn,36.567959,44.7577405
eduardo valencia,Eduardo Valencia,83.526881,91.8287234
edward florentino,Edward Florentino,60.4822106,31.9383307
jefrey de los santos,Jefrey De Los Santos,59.7592048,33.9962129
bryan arias,Bryan Arias,75.1753865,83.670405
jonierbis garces,Jonierbis Garces,1.56364434,5.92437099
kody huff,Kody Huff,59.093016,66.5801974
noelvi marte,Noelvi Marte,96.1620005,102.223886
marcus semien,Marcus Semien,100.499282,107.338783
alex de goti,Alex De Goti,56.1463907,64.201176
maxton martin,Maxton Martin,63.037795,34.5112641
david mershon,David Mershon,49.2704175,50.5793509
justin toerner,Justin Toerner,77.2420735,46.6695954
ty southisene,Ty Southisene,41.7234739,46.5734769
manuel german,Manuel German,7.9315995,12.7756395
brendon davis,Brendon Davis,75.5697795,88.1238555
ryan kreidler,Ryan Kreidler,62.3082609,74.512773
abraham nunez,Abraham Nunez,39.5779402,16.8992232
kleyver salazar,Kleyver Salazar,30.2881757,36.4044358
heston kjerstad,Heston Kjerstad,97.8764094,72.2117219
hogan windish,Hogan Windish,57.3272703,65.454032
ceddanne rafaela,Ceddanne Rafaela,94.2592789,97.9347083
cristian santana,Cristian Santana,72.622789,81.0887077
joe gray,Joe Gray,64.8438475,72.6320463
taegun kim,Taegun Kim,70.395275,73.8867027
nixson cueche,Nixson Cueche,8.436184,13.5947061
kevin robledo,Kevin Robledo,9.84700356,15.9570161
josh bissonette,Josh Bissonette,63.6577676,70.1460019
eliam sandoval,Eliam Sandoval,,-9.1635175
aledmys diaz,Aledmys Diaz,62.6848448,72.3470735
grant smith,Grant Smith,-4.910427,-2.0966716
freiker betencourt,Freiker Betencourt,22.9980378,1.90883199
cayden wallace,Cayden Wallace,68.8972481,75.9730362
tyler robertson,Tyler Robertson,65.2000256,72.6460978
luke brown,Luke Brown,49.0326748,21.2749508
casey cook,Casey Cook,44.1251004,22.6841152
darlyn montero,Darlyn Montero,41.2001749,17.5995016
juan elejandro,Juan Elejandro,2.40706008,4.64325404
turner hill,Turner Hill,89.7129038,65.7997542
alex freeland,Alex Freeland,92.045596,90.7320148
jackson hornung,Jackson Hornung,62.8755777,71.2170825
roldy brito,Roldy Brito,41.2652283,45.632821
austin charles,Austin Charles,37.2943904,43.604619
steven rivas,Steven Rivas,45.2236133,18.6544513
zane zielinski,Zane Zielinski,41.9673029,47.2010736
gabriel rodriguez,Gabriel Rodriguez,63.0883488,70.5522747
jason heyward,Jason Heyward,88.6558834,65.8004728
mike sirota,Mike Sirota,78.7032587,87.8936793
michael cordero,Michael Cordero,-1.9995885,4.15819813
jose fernandez,Jose Fernandez,72.3545431,79.5045787
rubel cespedes,Rubel Cespedes,80.2982425,50.9697506
john zorrilla,John Zorrilla,3.46344903,9.23589754
euri rosa,Euri Rosa,9.24212636,14.2939405
andy thomas,Andy Thomas,70.4562436,43.2156115
andrew bechtold,Andrew Bechtold,77.0055107,86.0382143
griffin conine,Griffin Conine,96.1623738,74.3576878
kyle farmer,Kyle Farmer,73.3727675,83.6950226
jake marisnick,Jake Marisnick,67.3522504,80.5240447
niurby asigen,Niurby Asigen,11.5667779,-8.8613855
trevor hauver,Trevor Hauver,94.6604242,61.7146498
alex stone,Alex Stone,59.1611389,65.3748982
michael toglia,Michael Toglia,79.6426487,87.9648782
hendry chivilli,Hendry Chivilli,-5.6974622,
miguel blanco,Miguel Blanco,11.7630457,16.2512125
jose miranda,Jose Miranda,88.5307609,93.3829221
donovan walton,Donovan Walton,81.3566755,60.257372
wilyer abreu,Wilyer Abreu,119.010591,89.5147346
ali camarillo,Ali Camarillo,36.7720993,42.4428459
brian miller,Brian Miller,78.6073224,55.888465
drew ellis,Drew Ellis,77.1724511,90.8748987
ethan salas,Ethan Salas,78.1452356,51.079674
wesly castillo,Wesly Castillo,22.3378395,2.95902079
trent farquhar,Trent Farquhar,80.8216492,55.9622932
khris almonte,Khris Almonte,-0.9615528,3.07625767
david fry,David Fry,86.4012028,97.985861
jeffrey wehler,Jeffrey Wehler,49.0728209,55.3069644
